run,b0,b1,b2,b3,b4,b5,b6,b7,b8,b9,b10,b11,b12,b13,b14,b15,b16,b17,b18,b19,b20,b21,b22,b23,class,mode,linear
rec01,1.1593302,1.1572905,0.8348803,0.571826,0.4590087,0.48808533,1.3824172,1.3799846,1.4172432,1.5656986,1.8795558,2.7733724,1.7838885,2.6428282,1.1427711,0.7827062,0.62250215,0.54576385,0.5209911,0.5200744,0.534116,1.6593945,1.385217,1.2144555,2,0,0.2
rec01,1.1419668,1.1376309,0.8919111,0.59624594,0.4679116,0.4515655,1.3889073,1.3836341,1.4123148,1.5472962,1.8378202,2.8201385,1.809011,2.6625104,1.2007793,0.8027253,0.62994885,0.5470109,0.5184046,0.5164364,0.5271412,1.6320815,1.3876816,1.204982,2,0,0.2
rec01,1.1282626,1.1181898,1.0021266,0.63948905,0.48981717,0.44644845,1.4005482,1.3880448,1.4047117,1.5179839,1.7724862,2.8916116,1.829173,2.6822631,1.323117,0.8443237,0.6467104,0.5521572,0.5167955,0.51218176,0.5183318,1.5924163,1.4118912,1.2054638,2,0,0.2
rec01,1.1182336,1.0988135,1.1045778,0.69690776,0.5180648,0.4423622,0.4873979,1.3931986,1.4005072,1.4911984,1.7104287,2.2086463,1.8448277,2.3055444,1.4984171,0.8985371,0.6679513,0.55905294,0.5158538,0.50689507,0.50955427,0.5405744,1.4479401,1.2118776,3,0,0.2
rec01,1.1091318,1.0797949,1.0816402,0.7572024,0.5473633,0.4500695,0.43995702,1.3994082,1.4018,1.474628,1.6676573,2.1070342,1.8697723,1.8705263,1.6871613,0.9492551,0.6861936,0.5642226,0.51426685,0.50066423,0.5015199,0.52590466,1.4799308,1.2168729,3,0,0.2
rec01,1.0974094,1.0610374,1.0615362,0.8066147,0.57192886,0.46475658,0.43799588,1.4063545,1.4070157,1.4690143,1.6470467,2.0543408,1.9021081,1.8946347,1.8270152,0.9801092,0.6949448,0.5647208,0.51063764,0.49371332,0.49394548,0.51422876,1.4935031,1.2136393,3,0,0.2
rec01,1.086096,1.0427195,1.0424813,0.86033726,0.59814227,0.4804352,0.4385187,1.4141375,1.4138147,1.4657242,1.6303229,2.0098999,2.8730338,1.9048836,2.7576606,1.0110387,0.7029159,0.56459063,0.5066,0.48636737,0.48625633,0.5027991,1.5069762,1.2104217,3,0,0.2
rec01,1.0755699,1.0252972,1.0241237,0.9211213,0.6269693,0.4975108,0.44290262,0.44077846,1.4217541,1.463976,1.6157461,1.9697635,2.9154649,1.9286796,2.7760139,1.0447406,0.7111118,0.5642792,0.5023424,0.47886264,0.47831455,0.49137142,1.522568,1.2081833,3,0,0.2
rec01,1.0658365,1.0087503,1.0059782,0.99018395,0.65868115,0.51607573,0.45572984,0.44343066,1.4301679,1.4637371,1.6032028,1.9335552,2.960404,1.9456085,2.794145,1.0817081,0.7195637,0.5637771,0.4978533,0.47118837,0.4698935,0.47993037,1.5404882,1.2069702,3,0,0.2
rec01,1.0569023,0.99305904,0.988101,1.0058591,0.6935904,0.53623295,0.4696144,0.44778994,1.4391148,1.4649788,1.5925959,1.9009517,3.007981,1.969394,2.81217,1.1225551,0.7283084,0.56307423,0.4931209,0.46333346,0.4610201,0.46846086,1.5609776,1.2068325,3,0,0.2
rec01,1.0487792,0.97820854,0.9703776,0.98329204,0.7320624,0.5580993,0.48460698,0.45476067,1.4484038,1.4676803,1.5838364,1.8716654,3.0583377,1.98608,2.829712,1.1680578,0.73738676,0.5621582,0.48813137,0.45528582,0.45164102,0.4569476,1.5327262,1.2078303,3,0,0.2
rec01,1.0414805,0.9641851,0.9529951,0.96184194,0.77452105,0.58180416,0.50076234,0.46359742,0.46186468,1.4718235,1.5768486,1.8454461,2.4140337,2.002724,2.847266,1.2192086,0.74684685,0.56101584,0.48286968,0.44703266,0.44184458,1.4030337,1.505076,1.2100304,2,0,0.2
rec01,1.0383993,0.9521837,0.93584776,0.9407922,0.82964903,0.6109642,0.5198461,0.47668466,0.47060663,1.4763407,1.5675504,1.8130708,2.3309107,2.0298831,2.8644378,1.3019694,0.764225,0.5627851,0.47885218,0.4390944,0.43156114,1.3876045,1.4747415,1.220409,2,0,0.2
rec01,1.046286,0.9452104,0.91907835,0.9203488,0.9171897,0.6533929,0.5457896,0.4930641,0.48005962,1.4815253,1.5521877,1.7648894,2.2145643,2.0442324,2.3095365,1.4816878,0.80465907,0.5732274,0.47882608,0.4325695,0.42061037,0.42099473,1.4380149,1.252563,3,0,0.2
rec01,1.0542191,0.9394506,0.902922,0.90290636,0.9350741,0.69865835,0.5735072,0.5110719,0.49119994,1.49125,1.5443786,1.7308847,2.1295004,2.0781004,2.0630133,1.6947069,0.8437603,0.58155406,0.4773797,0.4254094,0.40886816,0.40884513,1.4073305,1.2842716,3,0,0.2
rec01,1.0539434,0.9309011,0.8878114,0.88719314,0.91231495,0.73727876,0.59820956,0.5283719,0.5039146,0.50356364,1.5462025,1.7177578,2.08876,3.0565538,2.080183,1.8512347,0.86183137,0.58051336,0.471014,0.41602567,0.3967686,0.44998074,1.3846797,1.29896,3,0,0.2
rec01,1.0537335,0.9227658,0.8736073,0.871783,0.8912169,0.7780623,0.62410164,0.54653275,0.5174174,0.516337,1.550159,1.7082572,2.0553567,3.0995352,2.0964575,2.035165,0.87871265,0.5781623,0.46375722,0.40611726,0.38506266,1.3336964,1.3634286,1.3136805,2,0,0.2
rec01,1.0601478,0.9179892,0.86089176,0.85676646,0.8701928,0.82958066,0.65525204,0.5673872,0.53209674,0.52954704,1.5535363,1.6947901,2.013018,3.1536303,2.123686,2.9433079,0.91153324,0.58037454,0.45841423,0.396944,0.3730693,1.3204898,1.3411828,1.3421984,2,0,0.2
rec01,1.0831964,0.92141247,0.851602,0.842303,0.84897107,0.90721816,0.69874173,0.5943793,0.5493464,0.543348,1.5556202,1.6721264,1.9498906,2.5024807,2.1401482,2.957902,0.99063575,0.59557706,0.45871496,0.39020228,0.36180043,0.41887608,1.3170961,1.406379,3,0,0.2
rec01,1.1065545,0.92559856,0.8441328,0.8284848,0.83120847,0.8820598,0.745038,0.6232011,0.56835055,0.5578151,0.55964893,1.6585742,1.9043814,2.3919237,2.1471214,2.9715905,1.0760784,0.6083498,0.4570586,0.3823154,0.35011512,0.39308593,1.2964697,1.3757845,3,0,0.2
rec01,1.1171005,0.9241193,0.8355788,0.8152819,0.8164153,0.8595198,0.78490067,0.64930755,0.58709687,0.5728363,0.5736326,1.6582127,1.8862652,2.3394184,2.1646192,2.8641417,1.123272,0.6069269,0.44831824,0.3708704,0.33873206,0.40451577,1.2789965,1.346524,3,0,0.2
rec01,1.1276052,0.92282504,0.8276145,0.8024796,0.80276495,0.8389859,0.82651377,0.67641366,0.6066262,0.5882027,0.5884119,1.6604751,1.8728877,2.2968707,2.1876836,2.6075087,1.171624,0.6032913,0.43814898,0.3585784,0.32852456,0.41502237,1.2622852,1.3192396,3,0,0.2
rec01,1.140048,0.92260903,0.8205383,0.7902324,0.79009056,0.81977004,0.8713927,0.70519394,0.6271763,0.6040122,0.6039037,1.6641741,1.8615875,2.2585862,2.204174,2.405944,1.229628,0.5990916,0.42727247,0.3457797,0.31745946,1.2463561,1.2461323,1.2929429,2,0,0.2
rec01,1.1649044,0.9283293,0.8164252,0.77923995,0.77816015,0.8002694,0.88582265,0.73959607,0.6504424,0.62081736,0.6199571,1.6660321,1.84414,2.2076426,2.2263215,2.2130039,1.3497864,0.6032686,0.4192873,0.3341362,0.30597383,1.231837,1.2301302,1.2650808,2,0,0.2
rec01,1.2182468,0.94725406,0.8187746,0.7709844,0.76688147,0.78015745,0.85061884,0.7861786,0.67954636,0.639883,0.63647765,0.6474961,1.8152596,2.132894,3.238698,2.227645,1.6713004,0.62931776,0.41874263,0.3255954,0.29699454,1.220169,1.2136754,1.234686,3,0,0.2
rec01,1.273123,0.966616,0.82217014,0.76478606,0.7563689,0.76388127,0.82219124,0.83512884,0.71033186,0.66075397,0.6534818,0.6599723,1.7974002,2.079503,3.3085136,2.2455208,3.0437214,0.6525013,0.41497633,0.31507,0.28624386,0.37514287,1.1965622,1.2084466,3,0,0.2
rec01,1.2670833,0.97628456,0.8216739,0.7583673,0.7465795,0.75130904,0.8022691,0.87735033,0.7384075,0.6815166,0.6709233,0.67517364,1.7955925,2.0582001,2.678901,2.2640905,3.0535266,0.6513919,0.40101618,0.29959098,0.2779006,1.1977458,1.1791284,1.1865983,3,0,0.2
rec01,1.2357594,0.98620105,0.82159525,0.7526847,0.737275,0.74000984,0.78445596,0.89165425,0.76738644,0.7030227,0.6886296,0.6911842,1.7967284,2.0422573,2.622165,2.2815375,3.0628583,0.6463147,0.3846283,0.28277776,0.26958707,1.1857101,1.1614348,1.1657431,3,0,0.2
rec01,1.2056153,0.99792194,0.82261264,0.74793863,0.7284435,0.7297354,0.7680034,0.8658401,0.79792285,0.72549015,0.7065801,0.7078332,1.7993138,2.02853,2.5709527,2.292676,3.07175,0.64009756,0.366705,0.2650358,0.2586673,1.1741174,1.1435139,1.1455418,3,0,0.2
rec01,1.1765776,1.0115979,0.8247719,0.7441387,0.72006804,0.72046554,0.7528527,0.8420167,0.83012307,0.7489669,0.7247401,0.72514015,1.8033128,2.016888,2.5247176,2.3091857,3.0800984,0.6324275,0.3470208,0.2527764,0.2634401,1.1629591,1.1253409,1.1259621,3,0,0.2
rec01,1.1485791,1.0274005,0.82812446,0.74129784,0.7122931,0.7121837,0.73895013,0.8200565,0.8641039,0.7735052,0.7432403,0.7431261,1.808696,2.0072165,2.482988,2.3108408,2.8715043,0.6228563,0.32529965,0.2449415,0.26759583,1.1522284,1.1071451,1.1069751,3,0,0.2
rec01,1.1215601,1.045531,0.8327326,0.7394337,0.70547855,0.70476466,0.7262497,0.7998468,0.8999962,0.799162,0.762464,0.76169235,0.7849129,1.9994129,2.4453547,2.3251166,2.6821444,0.6107364,0.30120847,0.24121377,0.27104387,1.1419206,1.0894829,1.0883805,3,0,0.2
rec01,1.0954622,1.0662167,0.8386622,0.738567,0.6996222,0.69784164,0.7147089,0.78128535,0.9379447,0.8260003,0.782445,0.78045374,0.7993178,1.9933878,2.4114609,2.3386319,2.525846,0.595079,0.27433392,0.23604964,0.2738416,1.1320304,1.0723382,1.0696088,4,0,0.2
rec01,1.072021,1.0787193,0.8410244,0.73640066,0.6941487,0.6914002,0.70543414,0.76730484,0.92156214,0.8514269,0.8025751,0.7993972,0.8156233,1.9969969,2.3984687,2.3525016,2.4530501,0.5485743,0.23975456,0.23206322,0.27810022,1.1190798,1.0548711,1.0506942,4,0,0.2
rec01,1.0522953,1.0710098,0.83435833,0.73019403,0.688002,0.68517554,0.69887054,0.7598369,0.91202706,0.87217164,0.82177573,0.8183997,0.83475745,2.0165894,2.4204984,2.3669832,2.5001276,0.44869512,0.23042105,0.23827323,1.2563007,1.0994595,1.0359306,1.0316747,4,0,0.2
rec01,1.0328985,1.0613234,0.8268125,0.7235901,0.6817796,0.6789787,0.6925499,0.7529649,0.90377873,0.8924376,0.84087074,0.8374163,0.85415405,2.037678,2.4458115,2.3755474,2.5582223,0.3441753,0.22982349,0.2451453,1.2331437,1.0791935,1.0168356,1.0126581,4,0,0.2
rec01,1.0135018,1.0516376,0.819267,0.71698654,0.67555773,0.6727823,0.6862296,0.7460931,0.8955306,0.91270375,0.8599659,0.856433,0.8735509,2.0587666,2.471124,2.3995965,2.616315,0.23965427,0.23179592,0.25201678,1.2099867,1.0589272,0.9977403,0.9936414,4,0,0.2
rec01,0.99410504,1.041952,0.8117214,0.71038294,0.66933566,0.66658586,0.6799092,0.7392215,0.8872826,0.93297,0.87906104,0.87544966,0.8929477,2.0798557,2.4964368,2.4062726,2.674409,0.23479351,0.2381166,0.2588889,1.1868293,1.0386611,0.9786453,0.97462475,4,0,0.2
rec01,0.97470826,1.0322653,0.80417496,0.70377904,0.6631134,0.6603891,0.6735887,0.73234963,0.87903434,0.9532358,0.8981561,0.8944662,0.91234446,2.1009448,2.5217495,2.4129481,2.7325032,0.23977962,0.24443704,1.4937276,1.1636722,1.0183951,0.9595502,0.9556081,0,0,0.2
rec01,0.95386404,1.0321381,0.8009413,0.6991919,0.6573912,0.6542089,0.6662852,0.72287047,0.8650229,0.97629267,0.91792566,0.91348195,0.9303443,2.1143432,2.5301282,2.4271207,2.7303588,0.24581926,0.2503569,1.477625,1.1466402,1.0009739,0.9411314,0.9365754,0,0,0.2
rec01,0.92982334,1.001202,0.80972916,0.7003968,0.65346766,0.6482904,0.6570198,0.7074564,0.83759224,1.0075423,0.94003314,0.9325855,0.9451429,2.1089942,2.4969413,2.4424405,0.25374714,0.25173673,0.25512645,1.4983258,1.1459407,0.99121106,0.9247964,0.9174694,0,0,0.2
rec01,0.9042246,0.9612953,0.83369637,0.709261,0.65280455,0.6430157,0.6473346,0.68819165,0.8005711,1.0349061,0.9663787,0.9518877,0.95828116,2.0890656,2.4302034,2.4896421,0.26093575,0.25702295,0.2587493,1.5645016,1.1645428,0.990726,0.9118653,0.89819175,0,0,0.2
rec01,0.87965953,0.91883445,0.8791216,0.729125,0.6577605,0.6387567,0.63949764,0.6679773,0.7590326,0.94946104,1.0003204,0.97141933,0.9725462,2.0616379,2.3426697,2.9304059,0.2690454,0.2612722,0.26157528,1.6976341,1.2092729,1.0029463,0.9047809,0.8786402,0,0,0.2
rec01,0.8588428,0.8794755,0.94988644,0.76175684,0.670109,0.6366219,0.635918,0.6511952,0.72104096,0.8715684,1.0445076,0.9923109,0.99121374,1.0150263,2.257789,2.7291338,0.27830994,0.264402,0.26410967,1.9184647,1.2828741,1.0287952,0.90501964,0.8597935,0,0,0.2
rec01,0.83888704,0.8468223,0.9150201,0.80527204,0.6892977,0.6398198,0.6346665,0.64067,0.69226557,0.8116506,1.0577871,1.0193872,1.0111767,1.0207419,2.1937385,2.5720608,2.488785,0.26751953,0.26569092,2.238335,1.3798308,1.0643896,0.91109735,0.8456986,0,0,0.2
rec01,0.81889784,0.82022196,0.8658373,0.8622842,0.71621823,0.64886576,0.63501596,0.6360427,0.67141527,0.7657554,0.959218,1.05367,1.0311799,1.0328472,2.147652,2.4494176,3.5698855,0.27080235,0.26726162,2.7342653,1.509288,1.1119765,0.92361414,0.8367583,0,0,0.2
rec01,0.7995721,0.79900724,0.8247921,0.91703576,0.7521712,0.6641215,0.63741827,0.636968,0.6575237,0.7310602,0.88491595,1.0959095,1.0518446,1.0511016,2.1173534,2.3541555,2.8495986,0.2742999,0.26810902,2.2231588,1.6866881,1.1749674,0.94351697,0.8330684,0,0,0.2
rec01,0.7847886,0.77930105,0.7908075,0.85853666,0.7989964,0.68617976,0.6449873,0.6404773,0.64993393,0.70559806,0.82859993,1.1114091,1.0782986,1.0707586,1.0865684,2.281339,2.6790287,0.2780726,0.26961198,0.6881381,1.9394997,1.2584864,0.9721793,0.8349096,1,0,0.2
rec01,0.7749582,0.75996095,0.76318884,0.8102765,0.85834587,0.7154747,0.65829986,0.6455601,0.648302,0.6883014,0.78681505,1.0106304,1.1116159,1.0901034,1.0947335,2.2285218,2.5474803,0.28203052,0.27116933,0.49845463,2.3131611,1.3679149,1.0104548,0.84226525,1,0,0.2
rec01,0.7701417,0.7411356,0.7411396,0.770165,0.8589227,0.75334054,0.67772216,0.6521967,0.6522003,0.6777425,0.7558492,0.9354221,1.1524792,1.1090728,1.1090788,2.1917994,2.4443944,0.28635037,0.270962,0.42343223,2.9243097,1.5167048,1.0616102,0.85607207,1,0,0.2
rec01,0.7705899,0.72581017,0.7227626,0.7370465,0.80324984,0.8014717,0.7038729,0.66297,0.66018635,0.6732335,0.73370516,0.878772,1.1911302,1.1320361,1.1272827,1.1495612,2.3642063,0.29116315,0.2724415,0.38293102,1.9598677,1.7264408,1.1297905,0.87743986,1,0,0.2
rec01,0.7767313,0.71548104,0.70514536,0.71013397,0.75719404,0.862175,0.7376298,0.6794628,0.66964746,0.67438495,0.7190762,0.8362958,1.083834,1.1616893,1.144908,1.1530077,2.3032618,0.29661402,0.27398762,0.35745806,1.0129567,2.0373998,1.2211194,0.90787864,1,0,0.2
rec01,0.78923357,0.7101754,0.68831545,0.68886954,0.7192648,0.8143294,0.78021836,0.7020632,0.68045306,0.68100077,0.7110492,0.805028,1.0041631,1.1986161,1.1617213,1.1626567,2.258943,0.30289993,0.27287155,0.3398687,0.7342195,2.5359735,1.3453703,0.94956315,2,0,0.2
rec01,0.8054169,0.70845306,0.6732603,0.6723827,0.6894029,0.7628731,0.82956064,0.7296903,0.6934424,0.6925387,0.7100694,0.7857421,0.9505076,1.240837,1.1791977,1.1776608,2.2328093,0.30800197,0.27333736,0.33043042,0.61342615,3.1075504,1.4984385,0.99813145,2,0,0.2
rec01,0.8180442,0.70641685,0.66097695,0.65728533,0.6666624,0.7255621,0.8592381,0.7584019,0.7096181,0.70565486,0.7157218,0.778956,0.9224693,1.210601,1.1994705,1.1927713,2.2240846,0.30743992,0.27468237,0.33066058,0.564421,2.0108867,1.6465364,1.0396287,2,0,0.2
rec01,0.833623,0.70649856,0.6510346,0.6429024,0.64722574,0.6936735,0.80603415,0.7907291,0.72865266,0.71955115,0.7243901,0.77637523,0.90213186,1.1519928,1.2223971,1.2071282,1.2152458,0.30545354,0.27672234,0.33158317,0.53078175,1.4011929,1.8334311,1.0881764,2,0,0.2
rec01,0.8540171,0.70941395,0.64349145,0.62927943,0.63053995,0.6657669,0.7599179,0.82768816,0.7507748,0.7341937,0.73566437,0.77676445,0.8866124,1.1046636,1.2483294,1.220759,1.2232044,0.30272555,0.27709937,0.33212176,0.5041362,1.1071795,2.089493,1.148791,2,0,0.2
rec01,0.8800542,0.71540546,0.6383762,0.6164603,0.61647433,0.6414643,0.7198926,0.8698595,0.7761999,0.74955267,0.74956965,0.77995497,0.87531585,1.0664501,1.2775013,1.2336437,1.2336717,0.29904798,0.2781,0.33234426,0.48229632,0.9328916,2.4574468,1.2249403,2,0,0.2
rec01,0.912819,0.7247877,0.63575417,0.6055426,0.60441726,0.62045974,0.6851648,0.81778646,0.8051982,0.76693475,0.76550937,0.78582764,0.8677781,1.0357466,1.3102015,1.24794,1.2456207,0.29412225,0.28075904,0.33230117,0.46389434,0.81673986,3.0245216,1.321638,3,0,0.2
rec01,0.94484746,0.7339008,0.63390124,0.5965704,0.5932563,0.6033069,0.6574001,0.7718681,0.835706,0.78649086,0.7821217,0.7953719,0.86668587,1.0175952,1.342972,1.2638837,1.2568624,0.28283036,0.28456372,0.3341126,0.45292124,0.7482323,3.0181222,1.4227244,3,0,0.2
rec01,0.96203125,0.7362643,0.6295765,0.587977,0.58272195,0.5897635,0.63742054,0.7411018,0.86337185,0.80632454,0.799118,0.80877453,0.8741291,1.016313,1.3545828,1.2788024,1.2673731,0.28687352,0.29241446,0.3399779,0.453136,0.723459,3.0010774,1.4894575,3,0,0.2
rec01,0.97944695,0.7387482,0.62562674,0.58007795,0.5726519,0.5774258,0.6194446,0.71387416,0.8919078,0.82697195,0.8163854,0.82319105,0.8830939,1.0177147,1.336462,1.2939581,1.2773931,0.29033154,0.30003336,0.34577107,0.45406616,0.7045311,1.9783843,1.5603745,3,0,0.2
rec01,0.9996842,0.7424605,0.62252414,0.5729752,0.56309247,0.56602436,0.6027611,0.6887255,0.8917941,0.84862715,0.83398986,0.83833236,0.8927427,1.0200634,1.320826,1.3096694,1.2870799,0.29572988,0.3072043,0.351017,0.4545133,0.6871464,1.7279857,1.6438553,3,0,0.2
rec01,1.0231056,0.7474887,0.62029403,0.56667036,0.5539192,0.5555355,0.5873082,0.66550744,0.8502782,0.8713324,0.8517259,0.85421115,0.90306586,1.0233076,1.3074178,1.3259665,1.2961296,0.30064687,0.31395155,0.35575366,0.4545248,0.671034,1.5435919,1.7429254,3,0,0.2
rec01,1.0501459,0.75393385,0.61896694,0.561167,0.5452537,0.545938,0.5730294,0.64408755,0.8124838,0.8951365,0.8697527,0.87084424,0.91405874,1.0274059,1.2960205,1.3428799,1.304799,0.30695194,0.320296,0.36001408,0.4541395,0.65597844,1.4015455,1.8616817,3,0,0.2
rec01,1.0813315,0.7619142,0.61858,0.55647236,0.5370624,0.53721464,0.55987513,0.62434816,0.778044,0.9200924,0.8879994,0.88825107,0.92571884,1.0323211,1.2864479,1.3604451,1.3129921,0.31337255,0.32625645,0.3638269,0.45339024,0.64180857,1.2882859,2.0058112,3,0,0.2
rec01,1.1172986,0.77156293,0.6191733,0.55259633,0.52957046,0.5293507,0.5478003,0.6061842,0.7466416,0.9462581,0.9068288,0.90645266,0.9380455,1.0380213,1.2785385,1.3786995,1.3212512,0.32067418,0.3318507,0.36721888,0.45230615,0.6283871,1.1954781,2.183429,3,0,0.2
rec01,1.1588302,0.7830358,0.62079513,0.5495516,0.5229166,0.5221241,0.5367646,0.5895008,0.7179995,0.97369695,0.92650473,0.9251006,0.95104074,1.0444788,1.272153,1.3976839,0.32839704,0.32789934,0.3370937,0.37021253,0.45091102,0.6156003,1.117718,2.406539,3,0,0.2
rec01,1.2068932,0.79651135,0.62349874,0.54735595,0.5170952,0.5154361,0.52673364,0.5742152,0.6918792,0.94303507,0.94705755,0.9440187,0.96471006,1.0516725,1.2671735,1.4174435,0.33574226,0.334665,0.34200025,0.37282923,0.44922665,0.6033561,1.051352,2.6936758,3,0,0.2
rec01,1.2627032,0.8121979,0.62734544,0.546028,0.51210195,0.5091512,0.517675,0.56025076,0.66806847,0.89598465,0.9685192,0.9629385,0.9790591,1.059581,1.2634926,1.4380257,0.34285083,0.34087527,0.34658185,0.37508616,0.4472698,0.5915753,0.9938127,2.8371806,3,0,0.2
rec01,1.3278044,0.8303403,0.63240653,0.5455927,0.5079367,0.5034165,0.50956213,0.5475413,0.64638376,0.8538116,0.9909272,0.9821088,0.9940982,1.068191,1.2610216,1.4594849,0.34973162,0.34661928,0.3508508,0.3770007,0.44505706,0.5801936,0.9432502,2.8180525,3,0,0.2
rec01,1.4041866,0.8512229,0.63876104,0.54607815,0.5046018,0.49819073,0.5023716,0.53602666,0.6266626,0.81594944,1.01432,1.001433,1.0098372,1.0774884,1.2596794,1.4818794,0.35639215,0.35186407,0.35481694,0.37858695,0.44260156,0.5691552,0.898294,2.7988105,3,0,0.2
rec01,1.4944618,0.8751826,0.64649993,0.54751605,0.5021014,0.49344546,0.4960824,0.52565247,0.60876036,0.7819191,1.038743,1.0208358,1.0262911,1.0874652,1.2593982,1.5052712,0.36283812,0.35658294,0.3584885,0.37985703,0.43991405,0.5584114,0.85791004,2.7792923,4,0,0.2
rec01,1.563051,0.8915289,0.6510596,0.54768157,0.49957302,0.4892085,0.4909727,0.51776254,0.59580123,0.7583807,1.062438,1.0403959,1.0441476,1.1011215,1.2670856,1.523542,0.36847737,0.36083263,0.3621339,0.38189366,0.43945375,0.5530393,0.8350583,2.7597883,4,0,0.2
rec01,1.5583894,0.88656217,0.6467154,0.54367715,0.4956682,0.48521462,0.48689115,0.51322836,0.59023124,0.750662,1.0828367,1.0599998,1.0636623,1.1211985,1.2894193,1.5293386,0.3726918,0.36483172,0.36609232,0.3858952,0.44379348,0.5580553,0.8413001,2.7402074,4,0,0.2
rec01,1.5456283,0.8793025,0.6414197,0.5392254,0.4916097,0.4812416,0.4829044,0.50902605,0.58539844,0.74451554,1.1028614,1.0796022,1.0833324,1.1419327,1.3132641,1.5337902,0.37675044,0.36880472,0.370079,0.3900976,0.44862634,0.56413245,0.8504618,2.720605,4,0,0.2
rec01,1.5328697,0.8720441,0.6361249,0.534774,0.48755133,0.4772689,0.47891802,0.504824,0.5805659,0.73836946,1.1005782,1.0992047,1.1030027,1.1626672,1.3371093,0.41769272,0.38080877,0.3727775,0.37406552,0.39429975,0.45345896,0.5702094,0.8596229,2.7010021,4,0,0.2
rec01,1.52011,0.86478513,0.6308298,0.5303226,0.48349303,0.47329614,0.47493148,0.50062186,0.57573324,0.7322234,1.0914176,1.1188073,1.1226732,1.1834015,1.3609546,0.42214417,0.38486707,0.37675023,0.378052,0.3985018,0.45829156,0.57628614,0.86878407,2.6814,4,0,0.2
rec01,1.5073501,0.8575261,0.62553465,0.5258711,0.4794346,0.46932334,0.470945,0.49641967,0.5709006,0.726077,1.0822564,1.13841,1.1423438,1.2041361,1.3848003,0.42659557,0.38892546,0.38072303,0.38203856,0.40270403,0.46312428,0.582363,0.8779452,2.6617973,3,0,0.2
rec01,1.5330468,0.861129,0.6248047,0.52363443,0.47623336,0.46536526,0.46668115,0.49087557,0.5629253,0.7131008,1.0552325,1.1579895,1.1612638,1.2214677,1.4007523,0.43282458,0.3936438,0.3846605,0.38574815,0.40574667,0.46530133,0.5828938,0.87223125,2.6421247,3,0,0.2
rec01,1.6484303,0.8885484,0.6339996,0.52631915,0.4751481,0.46169215,0.46227825,0.48316136,0.54946244,0.6880628,0.99737084,1.177661,1.1791557,1.2324234,1.4015408,0.4427018,0.39966038,0.38834214,0.3888351,0.40640047,0.4621681,0.572636,0.8389167,2.6224926,4,0,0.2
rec01,1.7459873,0.9096988,0.6406522,0.52799755,0.4740175,0.45851922,0.45871782,0.4772056,0.53940684,0.66993856,0.95728844,1.1974998,1.1980187,1.2463024,1.4087514,0.45092002,0.40482002,0.3915842,0.3917538,0.40754262,0.46066368,0.5663125,0.8175426,1.7166768,4,0,0.2
rec01,1.7457095,0.90648836,0.63758266,0.5251032,0.47116965,0.45556986,0.4557314,0.47389057,0.53535604,0.6644006,0.9481299,1.2173117,1.217743,1.2662657,1.4305053,0.4547754,0.4080651,0.39455464,0.39469445,0.41042155,0.4636548,0.5695751,0.8211453,1.717096,4,0,0.2
rec01,1.7344561,0.9006449,0.6334726,0.5217182,0.46813226,0.45263302,0.45279345,0.4708357,0.531905,0.66011757,0.9420181,1.2370977,1.2375364,1.2868476,1.4537568,0.45816028,0.41110232,0.39749137,0.39763218,0.41347638,0.4671059,0.5738145,0.8272575,2.5634584,4,0,0.2
rec01,1.7232026,0.8948014,0.62936246,0.5183334,0.46509516,0.4496966,0.44985598,0.46778107,0.5284541,0.65583503,0.9359067,1.2568845,1.2573298,1.3074299,1.4770087,0.4615449,0.4141394,0.40042776,0.4005697,0.4165309,0.47055665,0.5780535,0.83336884,2.5436728,4,0,0.2
rec01,1.7119507,0.88895845,0.62525284,0.5149487,0.4620581,0.4467601,0.44691843,0.4647265,0.5250034,0.65155244,0.9297954,1.2766707,1.2771232,1.3280119,1.5002604,0.46492967,0.41717646,0.40336436,0.40350735,0.41958556,0.47400746,0.58229274,0.8394803,2.523886,4,0,0.2
rec01,1.7006984,0.8831158,0.6211434,0.51156425,0.4590212,0.4438237,0.443981,0.46167198,0.5215527,0.64727,0.9236838,1.2964572,1.2969167,1.348594,1.5235116,0.46831435,0.42021343,0.40630075,0.4064448,0.42264006,0.47745818,0.58653176,0.8455919,2.5041,4,0,0.2
rec01,1.6894467,0.87727296,0.61703384,0.5081794,0.4559841,0.44088715,0.44104347,0.45861736,0.5181018,0.64298743,0.9175723,1.316243,1.3167098,1.3691757,0.572739,0.47169903,0.42325053,0.40923735,0.40938237,0.42569473,0.48090905,0.5907709,0.85170287,2.484314,4,0,0.2
rec01,1.6781943,0.87143,0.6129241,0.5047947,0.452947,0.43795058,0.43810582,0.45556274,0.51465106,0.63870484,0.9114609,1.3360296,1.336503,1.3897578,0.57684875,0.4750837,0.42628756,0.41217378,0.41231984,0.42874923,0.48435968,0.5950099,0.85781443,2.4645278,4,0,0.2
rec01,1.6669416,0.865587,0.6088144,0.5014101,0.44991007,0.43501422,0.43516842,0.45250827,0.5112004,0.6344225,0.9053497,1.3558155,1.3562961,1.4103395,0.58095807,0.47846827,0.42932448,0.41511014,0.4152573,0.43180376,0.4878104,0.59924895,0.8639257,2.4447412,4,0,0.2
rec01,1.6556888,0.85974354,0.6047044,0.49802533,0.44687292,0.43207765,0.4322308,0.44945362,0.5077495,0.63013965,0.899238,1.3756018,1.3760895,1.4309213,0.5850681,0.48185316,0.43236172,0.4180469,0.41819504,0.43485853,0.49126136,0.6034882,0.8700377,2.4249547,3,0,0.2
rec01,1.6948119,0.8659126,0.60539913,0.49696887,0.44481853,0.42912796,0.4292269,0.4454162,0.50186247,0.62063545,0.88033533,1.3952662,1.395588,1.4482259,0.59381974,0.48746347,0.43631062,0.42092013,0.42101717,0.4368968,0.49226338,0.6026827,0.8634982,2.4049492,4,0,0.2
rec01,1.7744123,0.88108814,0.609729,0.49776968,0.44368738,0.4264435,0.42645466,0.44104296,0.4947861,0.60837007,0.85458285,1.4150751,1.415112,1.4635206,0.60565937,0.49444726,0.44072595,0.4235972,0.4236083,0.4380992,0.49148366,0.59842974,0.8488793,2.385108,4,0,0.2
rec01,1.7663802,0.8764299,0.6063422,0.49493366,0.441112,0.4239274,0.42393634,0.4384003,0.49176684,0.604569,0.8490341,1.4349195,1.4349496,1.4839077,0.60947156,0.4974879,0.44338843,0.4261151,0.42612407,0.44066262,0.49430454,0.6017801,0.85341626,2.3652709,4,0,0.2
rec01,1.7559314,0.87124544,0.6027554,0.492006,0.43850267,0.42141977,0.4214286,0.43580702,0.48885787,0.6009928,0.8440119,1.4547627,1.4547931,1.5044283,0.61305815,0.50041574,0.4459979,0.4286229,0.42863193,0.44325605,0.49721363,0.6053217,0.8584385,2.3454275,4,0,0.2
rec01,1.7454834,0.8660613,0.59916884,0.4890784,0.4358935,0.41891226,0.418921,0.43321383,0.48594907,0.5974168,0.8389897,1.4746063,1.4746373,1.5249492,0.6166446,0.5033433,0.448607,0.4311304,0.4311395,0.44584915,0.50012237,0.6088629,0.8634609,2.3255844,4,0,0.2
rec01,1.7350348,0.8608771,0.59558225,0.4861508,0.43328422,0.41640458,0.41641334,0.43062058,0.4830401,0.59384054,0.83396786,1.494449,1.4944805,1.5454696,0.62023115,0.5062709,0.45121628,0.43363804,0.4336471,0.44844234,0.5030313,0.6124043,0.868483,2.3057413,4,0,0.2
rec01,1.7245866,0.855693,0.5919957,0.48322323,0.43067506,0.41389704,0.41390577,0.42802748,0.48013136,0.59026456,0.8289457,1.514292,1.5143241,1.5659901,0.6238178,0.5091984,0.4538255,0.43614563,0.43615472,0.4510356,0.50594014,0.61594564,0.87350506,2.2858982,3,0,0.2
rec01,1.769072,0.86253136,0.5931036,0.48256335,0.42904764,0.41144478,0.41140497,0.42461386,0.4751247,0.5822065,0.81319016,1.5342574,1.534109,1.5833642,0.6323403,0.5144873,0.45743132,0.43866393,0.43862146,0.4527042,0.50655645,0.6147781,0.86698765,2.2662284,4,0,0.2
rec01,1.8596776,0.87872,0.5978912,0.4837719,0.4283588,0.4092917,0.40914726,0.42093083,0.46906263,0.5716816,0.7914081,1.5121158,1.5539925,1.598748,0.6442698,0.5212985,0.46158686,0.4410408,0.44088516,0.4535828,0.50544816,0.6102776,0.85279876,2.2469459,4,0,0.2
rec01,1.8523529,0.8746556,0.59499055,0.48136827,0.42619318,0.40719122,0.40704408,0.41873997,0.46658078,0.56859267,0.7869863,1.5028894,1.5738806,1.6191043,0.64753044,0.5238747,0.4638275,0.44314754,0.4429874,0.4557161,0.5077813,0.61302865,0.85648066,2.2270644,4,0,0.2
rec01,1.8428227,0.8701555,0.5919293,0.4788915,0.42400032,0.40509608,0.40494972,0.4165854,0.46418005,0.56566703,0.78293735,1.4951577,1.5937712,1.6395663,0.6505917,0.5263515,0.4660204,0.44524267,0.44508177,0.45787066,0.5101821,0.615927,0.8605297,2.207167,4,0,0.2
rec01,1.833293,0.8656557,0.5888682,0.47641507,0.42180774,0.4030013,0.40285563,0.41443118,0.46177965,0.5627419,0.7788885,1.4874257,1.613662,1.6600287,0.65365285,0.5288279,0.46821293,0.44733745,0.44717577,0.46002483,0.51258236,0.61882466,0.8645786,2.187269,4,0,0.2
rec01,1.8237636,0.86115605,0.5858074,0.47393855,0.4196151,0.40090638,0.40076146,0.4122769,0.45937926,0.55981666,0.77483976,1.4796942,1.6335529,1.6804912,0.65671366,0.5313043,0.4704055,0.44943225,0.44926986,0.46217903,0.5149827,0.6217225,0.868627,2.1673703,4,0,0.2
rec01,1.8142332,0.85665613,0.58274627,0.4714621,0.41742256,0.3988116,0.39866745,0.41012275,0.45697898,0.55689156,0.77079076,1.4719617,1.6534437,1.7009534,0.6597748,0.5337809,0.47259817,0.45152718,0.45136398,0.46433342,0.5173831,0.6246205,0.8726758,2.1474726,3,0,0.2
rec01,1.8639283,0.8639553,0.58417743,0.47114587,0.4161844,0.39682445,0.39659372,0.40729785,0.45280227,0.55017775,0.7578478,1.4281023,1.6733356,1.7184992,0.66790694,0.53867495,0.47583586,0.453701,0.4534372,0.46567556,0.5177021,0.6232491,0.86647004,2.1280403,4,0,0.2
rec01,1.9595768,0.87968206,0.5888512,0.47247455,0.41578934,0.39514285,0.3947273,0.40431467,0.44784474,0.5415936,0.7403654,1.3666965,1.6932392,1.7343652,0.6792106,0.5449759,0.4795923,0.4557776,0.4552983,0.46635675,0.5165666,0.61908716,0.85397476,2.109094,4,0,0.2
rec01,1.9518626,0.8759933,0.5863353,0.4704368,0.41398394,0.39341697,0.39300168,0.40253904,0.44586542,0.53918046,0.7370233,1.360316,1.713165,1.7547402,0.68185306,0.5470743,0.48142478,0.45750734,0.45702437,0.46811542,0.5185,0.6213828,0.8570899,2.0891557,4,0,0.2
rec01,1.9433229,0.87216014,0.5837697,0.4683783,0.41217244,0.39169547,0.39128196,0.4007776,0.44391447,0.53682107,0.73379827,1.3543632,1.7330916,1.7751502,0.68441874,0.54913265,0.48323607,0.45922866,0.4587439,0.46987662,0.5204507,0.62372047,0.86031455,2.0692086,4,0,0.2
rec01,1.9347833,0.8683275,0.58120435,0.46632007,0.41036117,0.3899742,0.3895625,0.3990164,0.44196367,0.53446203,0.7305741,1.3484123,1.7530181,1.7955604,0.68698376,0.55119085,0.48504734,0.46094993,0.46046326,0.47163776,0.52240145,0.62605834,0.86353916,2.0492606,4,0,0.2
rec01,1.9262427,0.8644948,0.57863903,0.46426168,0.40854982,0.38825288,0.387843,0.3972552,0.44001287,0.53210294,0.72734904,1.3424605,1.7729446,1.8159705,0.68954927,0.5532492,0.4868587,0.46267128,0.4621828,0.4733991,0.5243523,0.6283964,0.86676353,2.0293133,4,0,0.2
rec01,1.9177036,0.8606625,0.5760738,0.46220353,0.40673867,0.38653168,0.38612363,0.39549413,0.43806225,0.5297441,0.7241247,1.3365092,1.7928714,1.8363806,0.69211435,0.55530745,0.48866996,0.4643925,0.46390226,0.47516018,0.52630293,0.63073397,0.86998814,2.0093656,4,0,0.2
rec01,1.9091632,0.8568295,0.5735083,0.4601451,0.4049272,0.3848102,0.38440397,0.39373273,0.43611133,0.52738476,0.72089994,1.330557,1.812798,1.8567908,0.69468,0.5573657,0.49048123,0.46611384,0.46562177,0.4769214,0.5282538,0.633072,0.87321275,1.989418,3,0,0.2
rec01,1.9674466,0.86723363,0.5762269,0.46061635,0.4042539,0.3832729,0.38272253,0.39130166,0.43230808,0.5210712,0.7085423,1.2897377,1.8327805,1.8738642,0.7036096,0.5624419,0.49361968,0.4680005,0.46732843,0.4778041,0.5278754,0.6306368,0.86517507,1.9702759,4,0,0.2
rec01,1.9474638,0.88640213,0.5822192,0.4627455,0.404451,0.38209477,0.3812524,0.3888056,0.42789304,0.5132216,0.6924694,1.2354577,1.8526946,1.8893993,0.71588916,0.568986,0.49730778,0.46981886,0.4687831,0.4780704,0.5261317,0.6256097,0.8514521,1.9517667,4,0,0.2
rec01,1.9275072,0.8836882,0.5803368,0.46121025,0.40308467,0.3807841,0.3799403,0.38745308,0.42638052,0.51137114,0.6898955,1.2305149,1.8726543,1.9096832,0.71804404,0.5706502,0.49873203,0.4711397,0.47009572,0.47939113,0.5275555,0.62726,0.8535999,1.9317878,4,0,0.2
rec01,1.907549,0.8806539,0.5783441,0.45962656,0.4017006,0.37947655,0.37863567,0.38612267,0.42491642,0.5096151,0.68752694,1.2262905,1.8926123,1.0964112,0.7200366,0.5722338,0.50011605,0.4724472,0.47140035,0.4807215,0.5290196,0.62900084,0.85596895,1.9117851,4,0,0.2
rec01,1.8875909,0.87762016,0.57635176,0.45804316,0.4003167,0.37816924,0.37733126,0.38479245,0.42345256,0.50785947,0.6851583,1.2220657,1.9125708,1.0994455,0.72202903,0.5738173,0.50149995,0.47375455,0.47270477,0.48205176,0.5304835,0.6307414,0.85833734,1.8917826,4,0,0.2
rec01,1.8676329,0.8745857,0.57435894,0.4564595,0.3989326,0.37686172,0.37602666,0.38346204,0.42198843,0.5061036,0.68278944,1.2178403,1.9325289,1.1024796,0.7240217,0.57540095,0.5028841,0.47506198,0.47400936,0.4833821,0.53194743,0.632482,0.8607064,1.8717804,4,0,0.2
rec01,1.8476746,0.8715517,0.5723664,0.45487598,0.39754865,0.37555432,0.37472215,0.38213173,0.4205245,0.5043478,0.68042064,1.2136154,1.952487,1.1055137,0.72601426,0.5769845,0.50426805,0.47636947,0.4753139,0.4847125,0.53341156,0.6342228,0.8630753,1.8517777,4,0,0.2
rec01,1.8277161,0.8685177,0.57037395,0.4532925,0.39616475,0.37424704,0.37341774,0.38080153,0.41906065,0.50259227,0.67805177,1.2093898,1.9724454,1.1085477,0.7280069,0.578568,0.50565195,0.4776768,0.47661832,0.48604274,0.5348754,0.6359634,0.86544365,1.8317751,4,0,0.2
rec01,1.807758,0.86548346,0.5683813,0.4517088,0.39478064,0.37293944,0.3721131,0.37947112,0.41759658,0.5008363,0.6756832,1.2051654,1.9924039,1.1115819,0.72999936,0.58015174,0.50703603,0.4789843,0.47792295,0.4873731,0.53633946,0.63770413,0.8678127,1.8117725,4,0,0.2
rec01,1.7877995,0.8624495,0.56638896,0.45012537,0.3933968,0.37163216,0.3708087,0.3781409,0.41613275,0.49908066,0.67331463,1.2009407,2.012362,1.1146157,0.7319917,0.5817351,0.5084199,0.48029158,0.47922736,0.48870325,0.5378033,0.6394446,0.87018114,1.7917699,4,0,0.2
rec01,1.7678413,0.85941523,0.56439626,0.44854182,0.39201283,0.3703248,0.3695042,0.37681064,0.4146688,0.49732488,0.670946,1.196716,2.0323205,1.1176502,0.7339846,0.5833187,0.5098039,0.48159906,0.48053187,0.4900337,0.5392673,0.64118534,0.87254965,1.7717671,3,0,0.2
rec01,1.7478672,0.87078613,0.567591,0.44942424,0.39175424,0.3692467,0.36822128,0.37492985,0.41160303,0.49214485,0.6607976,1.1645105,2.0522633,1.139401,0.7426782,0.58806014,0.5126002,0.48314968,0.48180798,0.49058592,0.5385718,0.63849497,0.8646367,1.7527349,4,0,0.2
rec01,1.7279031,0.8954339,0.57554674,0.45265466,0.3926893,0.36862218,0.36717692,0.372894,0.40760544,0.48473862,0.6454346,1.1142175,2.0722477,1.1775428,0.7568744,0.59526473,0.5164071,0.48475748,0.48285687,0.49037513,0.53602254,0.63219947,0.8487805,1.7347045,4,0,0.2
rec01,1.7079175,0.89441633,0.57456976,0.45176494,0.39184347,0.36776927,0.36630848,0.37197655,0.40653428,0.48336345,0.643396,1.1098294,2.0922253,1.1811087,0.75874007,0.5965719,0.51744336,0.48565245,0.48372352,0.4912084,0.536843,0.6330403,0.84962803,1.7147284,4,0,0.2
rec01,1.6879351,0.8923265,0.5732271,0.4507091,0.39092764,0.3669097,0.36545238,0.3711072,0.4055841,0.48223373,0.6418926,1.107236,2.1122072,1.1831989,0.76008266,0.5976275,0.518359,0.4865119,0.4845794,0.4920776,0.5377929,0.63416046,0.8511314,1.6946663,4,0,0.2
rec01,1.6679529,0.890237,0.5718849,0.44965392,0.3900124,0.36605066,0.36459675,0.37023836,0.40463454,0.4811047,0.6403898,1.1046437,2.13219,1.1852881,0.7614247,0.5986829,0.51927435,0.48737097,0.48543516,0.4929465,0.5387426,0.63528025,0.8526344,1.6746042,4,0,0.2
rec01,1.6479703,0.8881478,0.5705428,0.44859856,0.38909703,0.3651916,0.36374107,0.36936948,0.40368494,0.4799756,0.63888663,1.1020509,2.1521723,1.1873778,0.7627671,0.59973824,0.52018964,0.48823008,0.48629087,0.4938154,0.53969216,0.63640004,0.8541371,1.6545422,4,0,0.2
rec01,1.6279875,0.88605803,0.5692004,0.44754317,0.38818163,0.3643324,0.3628853,0.36850044,0.40273517,0.47884637,0.63738364,1.0994585,2.172155,1.1894673,0.7641092,0.6007936,0.5211051,0.4890892,0.48714656,0.4946844,0.5406419,0.6375199,0.85564023,1.6344798,4,0,0.2
rec01,1.6080056,0.8839688,0.5678583,0.44648778,0.38726634,0.3634733,0.36202958,0.36763144,0.40178546,0.4777172,0.63588053,1.0968658,2.1921372,1.1915563,0.7654515,0.60184884,0.5220204,0.4899483,0.48800224,0.49555334,0.5415917,0.6386398,0.8571433,1.614418,4,0,0.2
rec01,1.5880231,0.8818792,0.56651586,0.44543248,0.38635093,0.36261418,0.36117393,0.36676252,0.40083578,0.476588,0.6343776,1.0942733,2.2121196,1.193646,0.76679385,0.6029043,0.52293587,0.49080753,0.488858,0.4964223,0.54254127,0.6397596,1.6987227,1.5943558,3,0,0.2
rec01,1.5680478,0.89737195,0.5712778,0.4472532,0.3867665,0.36208197,0.36034983,0.36537352,0.39825842,0.47196382,0.62506044,1.06518,2.2321153,1.2194555,0.77632,0.60778135,0.52558476,0.49204034,0.48968652,0.49651325,0.5412012,0.63616973,1.6829991,1.575585,3,0,0.2
rec01,1.5480372,0.9500009,0.5885391,0.45500943,0.39007312,0.3625315,0.35980362,0.3634257,0.39319444,0.461718,0.6031229,0.9952802,2.252083,1.2943523,0.80186987,0.619939,0.5314649,0.49394014,0.4902234,0.4951585,0.53571767,0.62423784,1.6782703,1.559774,3,0,0.2
rec01,1.5280676,1.0151824,0.6093304,0.4645317,0.39448935,0.36379117,0.35977116,0.362161,0.3887989,0.45230016,0.58273405,0.9325316,2.2721293,1.3834244,0.8303558,0.633034,0.5375848,0.4957512,0.490273,0.49352974,0.52983004,0.61187077,0.79411286,1.545142,4,0,0.2
rec01,1.5080539,1.066762,0.62542593,0.47206175,0.39824262,0.36528617,0.36022276,0.361932,0.38653222,0.44688064,0.5706156,0.89571285,2.2920973,1.4505237,0.8504193,0.64188373,0.54150844,0.49669597,0.489811,0.49213514,0.52558506,0.6033737,0.7758915,1.5292517,4,0,0.2
rec01,1.4880575,1.0734884,0.62803006,0.47360575,0.39931205,0.36609468,0.36092335,0.3625834,0.38705274,0.44724306,0.570641,0.8943005,2.3120728,1.454739,0.85107577,0.6418078,0.5411285,0.4961139,0.48910594,0.49135563,0.5245152,0.6018372,1.6463311,1.5093783,3,0,0.2
rec01,1.4680882,1.101599,0.6369557,0.47801018,0.4017507,0.36739346,0.3616801,0.3630601,0.38661945,0.44546193,0.5660469,0.8795029,2.2520888,1.4874349,0.86004996,0.645434,0.5424646,0.4960736,0.48835912,0.49022242,0.5220336,0.5973463,1.6307379,1.4912789,3,0,0.2
rec01,1.4480917,1.189358,0.662625,0.48994595,0.40787575,0.37017906,0.36270413,0.36341962,0.3842619,0.43908828,0.5514756,0.8365945,1.9621308,2.3566654,0.8902896,0.65828174,0.5480138,0.49736536,0.48732212,0.48828346,0.51628673,0.5860978,1.6284391,1.4779354,3,0,0.2
rec01,1.4281727,1.3011909,0.6934091,0.5041704,0.41533074,0.37386546,0.36423957,0.36447746,0.38251016,0.43334833,0.53785974,0.7970307,1.730208,2.3735542,0.9248261,0.6724313,0.5539424,0.49863854,0.48580012,0.4861174,0.51016825,0.5744075,0.71736383,1.4659157,4,0,0.2
rec01,1.4082565,1.3974488,0.7189663,0.5162171,0.42199838,0.37763065,0.3662623,0.36632073,0.38243282,0.43069175,0.53027177,0.773705,1.602288,2.3922532,0.9496246,0.68182975,0.5573837,0.4987819,0.48376638,0.4838436,0.50512475,0.56549805,0.7003935,1.4519669,4,0,0.2
rec01,1.3883824,1.3885639,0.72576326,0.5204133,0.42509103,0.3801679,0.3685469,0.3685951,0.3846027,0.4328761,0.53253216,0.77581644,1.5994617,2.412048,0.9481556,0.6798812,0.5553497,0.496661,0.48147908,0.48154196,0.5024547,0.5621862,1.6013942,1.4321607,4,0,0.2
rec01,1.3685156,1.3686944,0.7303158,0.5236774,0.42775735,0.38255247,0.37085858,0.370907,0.38701504,0.43559125,0.53587234,0.7806827,1.6094942,2.4319174,0.94360346,0.6766169,0.5526834,0.49427634,0.47916737,0.47922993,0.5000422,0.5594869,1.5784794,1.4116675,4,0,0.2
rec01,1.3486494,1.3488253,0.73486865,0.52694225,0.43042406,0.38493738,0.3731706,0.37321934,0.3894277,0.4383068,0.539213,0.7855495,1.6195277,2.4517865,0.9390503,0.67335224,0.5500167,0.49189153,0.4768554,0.47691765,0.49762955,0.55678743,1.555565,1.3911747,4,0,0.2
rec01,1.328783,1.3289565,0.73942137,0.53020686,0.43309072,0.38732225,0.37548262,0.37553158,0.39184046,0.44102234,0.54255354,0.79041606,1.629561,2.4716554,0.9344977,0.6700876,0.54735,0.48950666,0.47454345,0.4746054,0.4952169,0.5540879,1.5326504,1.3706819,4,0,0.2
rec01,1.3089161,1.309087,0.74397403,0.5334713,0.43575722,0.38970694,0.37779438,0.37784374,0.39425296,0.44373766,0.5458942,0.795283,1.6395953,2.491525,0.929945,0.66682315,0.5446834,0.48712197,0.47223157,0.47229323,0.4928043,0.55138856,1.5097358,1.3501886,4,0,0.2
rec01,1.2890499,1.2892183,0.748527,0.5367361,0.4384241,0.39209196,0.3801065,0.3801562,0.39666584,0.44645333,0.5492348,0.80014974,1.6496283,2.5113938,0.9253921,0.66355836,0.54201674,0.48473704,0.46991956,0.46998096,0.49039152,0.548689,1.4868214,1.3296959,4,0,0.2
rec01,1.2691832,1.2693491,0.7530798,0.54000056,0.4410906,0.39447668,0.3824183,0.38246828,0.39907837,0.44916865,0.55257547,0.8050165,1.6596615,2.5312629,0.92083925,0.6602938,0.5393501,0.4823522,0.46760768,0.46766877,0.48797897,0.5459896,1.4639068,1.3092029,4,0,0.2
rec01,1.2493167,1.2494799,0.75763285,0.5432654,0.4437574,0.3968616,0.3847304,0.3847806,0.40149114,0.45188427,0.555916,0.8098831,1.6696948,2.5511322,0.9162864,0.65702903,0.5366834,0.47996727,0.46529564,0.4653564,0.48556623,0.54328996,1.4409926,1.2887101,4,0,0.2
rec01,1.2294501,1.2296108,0.7621855,0.5465298,0.44642392,0.39924636,0.38704216,0.3870927,0.4039036,0.45459962,0.55925673,0.81475013,1.6797291,2.5710008,0.9117336,0.65376467,0.53401685,0.47758254,0.46298382,0.46304426,0.48315364,0.5405906,1.4180778,1.2682172,4,0,0.2
rec01,1.2095836,1.2097416,0.76673824,0.5497947,0.44909072,0.40163136,0.3893543,0.38940507,0.4063165,0.4573153,0.56259745,0.81961685,1.6897622,2.59087,0.9071805,0.6504998,0.53135,0.47519758,0.46067172,0.4607319,0.48074088,0.53789103,1.3951632,1.2477239,4,0,0.2
rec01,1.1897169,1.1898724,0.7712912,0.5530591,0.45175725,0.40401602,0.39166608,0.3917172,0.40872902,0.46003062,0.565938,0.8244834,1.6997956,1.761061,0.9026279,0.64723533,0.52868354,0.4728129,0.45835987,0.4584198,0.47832835,0.5351916,1.3722488,1.227231,4,0,0.2
rec01,1.1698507,1.1700035,0.77584404,0.5563239,0.45442405,0.406401,0.39397815,0.39402965,0.4111418,0.46274626,0.56927896,0.8293508,1.7098304,1.7521782,0.8980751,0.64397055,0.5260167,0.4704279,0.45604783,0.45610738,0.47591552,1.6519085,1.3493342,1.2067382,2,0,0.2
rec01,1.1500167,1.1500251,0.7912239,0.5641476,0.45924914,0.40965572,0.39632568,0.39632863,0.41260812,0.4632205,0.56792957,0.82209945,1.663748,1.7966417,0.90581006,0.64584845,0.52575845,0.46898273,0.45372218,0.45372555,0.47236255,1.636985,1.3326014,1.1886963,2,0,0.2
rec01,1.1308539,1.1302234,0.83711535,0.5846142,0.470137,0.41554952,0.39917257,0.39894995,0.41215628,0.45870784,0.5559684,0.7878785,1.5042101,2.6701128,0.9465951,0.6610712,0.53162235,0.4698958,0.45137703,0.4511253,0.4660587,1.6562093,1.331896,1.1772499,2,0,0.2
rec01,1.1141927,1.1104462,0.9254517,0.62146825,0.48890153,0.42527524,0.40356332,0.4022063,0.41096577,0.45091262,0.53658366,0.73609275,1.2959936,2.689734,1.0304376,0.69197,0.5443644,0.47352007,0.4493451,0.44783413,0.45758727,1.6153486,1.349802,1.1741371,2,0,0.2
rec01,1.1008385,1.0909817,1.0505874,0.67025673,0.5133232,0.43823692,0.410147,0.4064746,0.41134012,0.44448167,0.5189627,0.68948245,1.1300377,2.7094817,1.1466179,0.73152274,0.5602444,0.4782947,0.4476372,0.44362906,0.44893935,1.5720688,1.3777646,1.176232,2,0,0.2
rec01,1.0905894,1.0716037,1.0772027,0.73002267,0.5426099,0.45410743,0.4189924,0.41169837,0.41384944,0.44062185,0.5053638,0.6524937,1.0090272,2.4112823,1.2965602,0.77726823,0.5777264,0.4834962,0.44610864,0.43834248,0.4406327,0.46742976,1.4123514,1.1819897,3,0,0.2
rec01,1.0813811,1.0525852,1.0543408,0.79336214,0.5732069,0.47116876,0.42935836,0.41792515,0.41862214,0.44027886,0.49779102,0.6287147,0.9326897,1.9506185,1.4597207,0.8202793,0.5926544,0.48715445,0.4439255,0.43210438,0.43282503,0.45377856,1.4436777,1.1866846,3,0,0.2
rec01,1.0695621,1.0338343,1.0342927,0.84493995,0.5986674,0.48627183,0.43957317,0.42488968,0.4250781,0.4436881,0.4973057,0.6200002,0.898583,1.7600243,1.5788982,0.8454327,0.5990164,0.48655534,0.43982953,0.4251374,0.42532593,0.4426758,1.456667,1.1831883,3,0,0.2
rec01,1.0580776,1.0155443,1.0152853,0.9006417,0.62567335,0.5023194,0.4505901,0.43247694,0.4323666,0.4481205,0.4982937,0.6140393,0.87214965,1.6209797,1.7120112,0.8700104,0.6043938,0.48523515,0.43526515,0.41776806,0.4176615,0.4317586,1.469209,1.1795486,3,0,0.2
rec01,1.0473585,0.9981312,0.99693584,0.9636488,0.65536106,0.51979244,0.4625969,0.44085422,0.44032624,0.453293,0.50013775,0.60946393,0.84953874,1.5086443,1.8751526,0.89662653,0.6097804,0.48364058,0.430423,0.41019243,0.40970117,0.42078772,1.4837927,1.176854,3,0,0.2
rec01,1.0374086,0.98157346,0.97879905,1.0015582,0.6880079,0.53878427,0.4756335,0.45003402,0.448762,0.45919666,0.50280374,0.6061651,0.8302431,1.4165256,2.8213112,0.925648,0.6151855,0.4817564,0.42528987,0.4024,0.40126258,1.4309301,1.5006204,1.1751473,2,0,0.2
rec01,1.0312139,0.96662664,0.96091723,0.9766682,0.7306902,0.56239957,0.49118164,0.4604178,0.4576983,0.46520075,0.5045136,0.6002234,0.8050464,1.3131405,2.8392491,0.9737275,0.6263478,0.48208892,0.421041,0.39467025,0.39233902,1.4127787,1.5340513,1.1807327,2,0,0.2
rec01,1.0339952,0.9554642,0.9433689,0.95133746,0.7970236,0.59643257,0.51220745,0.47330585,0.4673142,0.47126162,0.5039887,0.588445,0.7670437,1.1821374,2.8567343,1.0740949,0.652726,0.48845094,0.4194745,0.38761577,0.38270894,1.3927209,1.4912518,1.2040206,2,0,0.2
rec01,1.0412217,0.9474928,0.92636234,0.9291121,0.87975997,0.6371583,0.5370704,0.48872423,0.47782508,0.47924343,0.5053286,0.57926697,0.735211,1.078978,2.5979383,1.2127137,0.68530184,0.4963237,0.41835868,0.3806987,0.37220868,0.37305108,1.4512349,1.2352629,3,0,0.2
rec01,1.047904,0.94067353,0.9099105,0.91036093,0.9485845,0.67990124,0.56338036,0.50573045,0.4891914,0.48943365,0.50998366,0.5759145,0.7158593,1.0135921,2.1470916,1.3672818,0.71466744,0.5015245,0.4155736,0.37304854,0.3608486,0.36093107,1.4187388,1.2646366,3,0,0.2
rec01,1.0467235,0.9313784,0.8939911,0.8938931,0.92460036,0.71632797,0.5868714,0.52220017,0.50123817,0.5011832,0.5183999,0.5801277,0.7122837,0.9883647,1.9642558,1.4740312,0.7261271,0.49858832,0.40848213,0.36346886,0.34905759,1.348983,1.3952047,1.277618,2,0,0.2
rec01,1.0507778,0.9248124,0.87930965,0.8782382,0.9008372,0.7609979,0.6145446,0.54087394,0.5142619,0.5136353,0.526852,0.5833197,0.70614535,0.95810544,1.7841884,1.6531497,0.7470052,0.49837965,0.40246692,0.35421988,0.33719584,1.3364003,1.3707888,1.3011907,2,0,0.2
rec01,1.0695354,0.9254826,0.8674236,0.86309373,0.87631327,0.82711005,0.6526786,0.56477123,0.52934104,0.5266987,0.53476584,0.58304113,0.69199646,0.9111307,1.5679587,2.9369688,0.7990921,0.507724,0.4006486,0.34668633,0.32566166,0.41043127,1.3436009,1.3553742,3,0,0.2
rec01,1.0879692,0.92677605,0.85753304,0.8486736,0.8557946,0.8978662,0.6929469,0.59028006,0.546178,0.5405352,0.54507077,0.586552,0.6849285,0.8807554,1.4323913,2.9516265,0.8510998,0.5141539,0.39680895,0.33801788,0.31397176,0.38346824,1.3205991,1.4097049,3,0,0.2
rec01,1.0950421,0.9232282,0.8472231,0.8346946,0.83902824,0.8956303,0.72792023,0.6137082,0.5631845,0.5548561,0.5577369,0.5953627,0.6884423,0.87315524,1.3767349,2.9653702,0.87443846,0.50934976,0.38722035,0.32646477,0.3027012,1.2951758,1.3019005,1.3897284,2,0,0.2
rec01,1.1089729,0.9231718,0.83877254,0.8211839,0.8231225,0.8704364,0.76922274,0.6403446,0.58180237,0.569602,0.5709467,0.60376525,0.6903877,0.86227214,1.3155129,2.978896,0.9154532,0.50773335,0.37868953,0.31524268,0.29164267,1.2804371,1.2834598,1.3572342,2,0,0.2
rec01,1.1448857,0.933776,0.83529466,0.80824673,0.8083875,0.8429657,0.82844895,0.67568827,0.6044263,0.58485395,0.5849559,0.609977,0.68623614,0.8387534,1.2247926,2.5052726,1.0264195,0.520009,0.37560412,0.3063451,0.28234896,1.2651817,1.2654021,1.3195288,2,0,0.2
rec01,1.1918972,0.9498071,0.8352931,0.79723275,0.7961244,0.8187297,0.899413,0.71673054,0.63031745,0.6015968,0.6007604,0.6178185,0.68385094,0.8186229,1.1489981,2.1151521,1.2017504,0.5369926,0.37320152,0.2973994,0.27098823,0.35428393,1.2493256,1.2847991,3,0,0.2
rec01,1.2388653,0.96581906,0.83633715,0.78862363,0.78480536,0.7992127,0.8727211,0.7596158,0.65777826,0.6202517,0.61724865,0.62858003,0.6863943,0.8079935,1.1002836,1.8862438,1.4296286,0.5496116,0.3674651,0.28647563,0.25976387,0.3425474,1.2328234,1.2554555,3,0,0.2
rec01,1.2665398,0.9729456,0.83405983,0.78043544,0.77414566,0.78439415,0.8494799,0.797024,0.6832508,0.6393217,0.63416934,0.6425648,0.695882,0.8110122,1.085379,1.7916541,1.6022493,0.54285765,0.3531412,0.27128017,0.2509738,2.2338998,1.2158732,1.2319695,3,0,0.2
rec01,1.2942038,0.9800232,0.83211714,0.7730279,0.7639757,0.77105385,0.82879776,0.83560187,0.7094918,0.65911025,0.65139204,0.65742725,0.7066616,0.81627846,1.0760918,1.7217968,1.8267914,0.53186274,0.3364911,0.25480458,0.24143028,2.2247424,1.1986616,1.2097672,3,0,0.2
rec01,1.2678792,0.9886879,0.83120793,0.76655483,0.75426406,0.7587933,0.8096167,0.87676567,0.73711276,0.6797785,0.6688793,0.6728956,0.7179657,0.82221025,1.0685531,1.6621106,3.04589,0.5189816,0.31838575,0.23745781,0.23287497,2.2167792,1.1811956,1.1882886,3,0,0.2
rec01,1.2366456,0.999057,0.83136785,0.761019,0.7450027,0.7475845,0.7918631,0.89926666,0.766201,0.70136625,0.68660533,0.68898475,0.7297926,0.8287773,1.0625846,1.6107937,3.0551395,0.5037688,0.29862863,0.2258724,0.23992471,2.2100134,1.163464,1.167496,3,0,0.2
rec01,1.2065865,1.0112659,0.8326375,0.75642675,0.73620856,0.7374037,0.7754712,0.8734956,0.7968524,0.723917,0.7045676,0.70571136,0.7421428,0.83595425,1.0580356,1.5664518,3.0639226,0.4856262,0.27698645,0.22023675,0.24600928,2.204453,1.1454964,1.1473557,3,0,0.2
rec01,1.1776302,1.0254698,0.8350647,0.7527888,0.7278899,0.7282315,0.76038224,0.8497133,0.8291752,0.7474796,0.72275627,0.7230956,0.7550195,0.84372073,1.054778,1.5279886,3.060311,0.4637287,0.25317872,0.21518503,0.25122023,2.2001126,1.127308,1.1278373,3,0,0.2
rec01,1.1497099,1.0418464,0.83870345,0.7501189,0.7202171,0.7200521,0.746544,0.8277941,0.8632877,0.77210623,0.74132806,0.7411582,0.7684267,0.8520583,1.0527002,1.4945272,2.8339581,0.43690857,0.22686689,0.21066335,0.2556361,2.1970105,1.1091654,1.1089112,3,0,0.2
rec01,1.1227652,1.0606004,0.8436154,0.74843466,0.7135146,0.712701,0.73390985,0.80762434,0.8993206,0.7978546,0.7606288,0.75976163,0.7823708,0.86095285,1.051708,1.465364,2.649967,0.40345523,0.20895608,0.21228963,0.25932503,2.19517,1.0915637,1.0903192,3,0,0.2
rec01,1.0967393,1.0819683,0.8498704,0.74775773,0.70777553,0.7058383,0.72243804,0.7891032,0.93742037,0.8247883,0.7806873,0.77855057,0.7968603,0.8703929,1.0517191,1.4399223,2.4978528,0.3607613,0.20711304,0.2171151,2.4943123,2.1946182,1.0744802,1.0715392,4,0,0.2
rec01,1.0734234,1.094497,0.85226095,0.7456387,0.7023762,0.6994293,0.7132812,0.77530754,0.93025714,0.8501777,0.8008496,0.7974895,0.8132837,0.884006,1.0606797,1.4362218,2.4298491,0.2902137,0.20754865,0.22236593,2.501127,2.1882243,1.0570122,1.0525771,4,0,0.2
rec01,1.0537282,1.0866679,0.84556365,0.73944116,0.6962677,0.6932532,0.7067892,0.767952,0.92091846,0.87091017,0.8200606,0.81651014,0.83245283,0.9044902,1.0846531,1.4674103,2.4778407,0.21019505,0.21081233,0.22905524,2.4803638,2.1690664,1.0380421,1.0335478,4,0,0.2
rec01,1.0343258,1.0770235,0.83805907,0.73287845,0.6900882,0.68710047,0.7005163,0.76113635,0.9127451,0.8912089,0.83917415,0.83554095,0.85185516,0.9255715,1.1099336,1.5016118,2.5355937,0.21352878,0.21708533,0.23587105,2.4571524,2.1487675,1.0189285,1.014517,4,0,0.2
rec01,1.0149236,1.0673798,0.8305551,0.72631603,0.68390906,0.6809479,0.6942437,0.75432104,0.9045722,0.9115075,0.8582877,0.8545716,0.8712575,0.9466529,1.1352143,1.5358136,2.5933456,0.21908025,0.22335787,2.4582582,2.4339404,2.1284692,0.99981505,0.9954864,0,0,0.2
rec01,0.9939979,1.0679007,0.8276311,0.721899,0.67827034,0.6748253,0.68694764,0.7447746,0.8903599,0.93455905,0.87807816,0.87361825,0.8893117,0.9641734,1.1526461,1.551926,0.22636123,0.22521152,0.22925712,2.4559567,2.424052,2.1143723,0.9814419,0.97645706,0,0,0.2
rec01,0.96979105,1.0434744,0.8372194,0.7235133,0.6745228,0.6689536,0.6776583,0.7291459,0.86238843,0.96554667,0.9001675,0.89273524,0.90435207,0.97306335,1.1508788,1.5244819,0.23300377,0.23107995,0.23408687,2.4319122,2.4497197,2.117014,0.9653038,0.95733374,0,0,0.2
rec01,0.9440223,1.0028367,0.86260986,0.7330953,0.6741756,0.66373295,0.66796404,0.70957947,0.82459414,1.0073646,0.9264016,0.91205215,0.91786605,0.975051,1.1330955,1.4625741,0.24003121,0.2363132,0.23781958,2.4355583,2.518813,2.1406314,0.9528011,0.9380427,0,0,0.2
rec01,0.9194036,0.95958483,0.91036826,0.754118,0.6796665,0.65952414,0.6601954,0.68904847,0.78216505,0.977018,0.9600384,0.931587,0.9325352,0.9732905,1.104819,1.3800515,0.24784806,0.24050294,0.24074772,2.4319355,2.6481829,2.1936638,0.9465193,0.9184687,0,0,0.2
rec01,0.8986706,0.91962683,0.9844051,0.788331,0.6927788,0.6575745,0.65675265,0.6720675,0.743426,0.8975032,1.0035881,0.9525895,0.95139915,0.9735848,1.0769577,1.30016,0.2566264,0.24358559,0.24332482,2.4273372,2.8459702,2.2791083,2.002862,0.8997952,0,0,0.2
rec01,0.87871695,0.8866406,0.9571585,0.83381116,0.71293205,0.66114765,0.65556747,0.66147906,0.71408916,0.83629775,1.0563707,0.9796401,0.97137207,0.98013127,1.0580848,1.2391646,0.2658683,0.2465567,0.24568234,2.417947,2.4449413,2.3895864,2.0431635,0.88619643,0,0,0.2
rec01,0.8587321,0.8599571,0.9069739,0.89329726,0.7410596,0.6707193,0.6559821,0.65691787,0.69283384,0.7893724,0.9873956,1.0136502,0.9913779,0.99279195,1.0470713,1.1929691,0.2757264,0.24955487,0.24804215,2.895953,2.415785,2.5312483,2.0998673,0.8780244,0,0,0.2
rec01,0.8395308,0.83881766,0.8652176,0.96106434,0.7785152,0.6866689,0.65853214,0.65797263,0.678681,0.75386363,0.91138196,1.0553602,1.0121162,1.0112565,1.0430837,1.158634,0.28640985,0.25262028,0.25043476,3.1421788,2.3958476,2.7132738,2.175742,1.919056,0,0,0.2
rec01,0.82521474,0.8191344,0.8307896,0.9011309,0.8272154,0.7096142,0.6664633,0.6615528,0.67096585,0.7277751,0.85369134,1.1058146,1.0385714,1.0309191,1.0455877,1.1341155,0.29819047,0.2557981,0.25289392,0.76402986,2.3908033,3.437599,2.2747092,1.9513246,1,0,0.2
rec01,0.816103,0.7998259,0.802985,0.8517993,0.88885653,0.7399953,0.6802765,0.66670847,0.66934186,0.7100318,0.8108396,1.0398644,1.0716423,1.0502685,1.0544171,1.118516,1.2773181,0.25898647,0.2553179,0.54547215,2.4562483,2.3870366,2.399598,1.9977251,1,0,0.2
rec01,0.8122897,0.7810461,0.78098613,0.81089836,0.90350735,0.77921784,0.7003628,0.6734243,0.6733725,0.69916314,0.7790111,0.9627758,1.1120176,1.0692452,1.0691631,1.1101128,1.236893,0.26233447,0.25733796,0.4575018,3.118365,2.3645017,2.559406,2.0610273,1,0,0.2
rec01,1.8814805,0.7660961,0.7626654,0.77725655,0.8463285,0.829035,0.7273633,0.6845085,0.68144304,0.6944805,0.7561966,0.90461385,1.1606708,1.0922861,1.0873946,1.1081985,1.2066799,0.26592875,0.2587534,0.409751,2.0197732,2.346297,2.7656088,2.1444752,2,0,0.2
rec01,1.9186715,0.75546163,0.74506193,0.7507017,0.80133545,0.88667315,0.75966144,0.70058006,0.6909358,0.6961659,0.74312073,0.8655145,1.1241002,1.1204163,1.1049927,1.113357,1.1884505,0.268325,0.26195636,0.38587466,1.114771,2.3345058,3.3440075,2.2394648,2,0,0.2
rec01,1.951537,0.7462124,0.7281198,0.7298132,0.7676953,0.87733746,0.7922546,0.7189981,0.7015653,0.70319724,0.7396969,0.8453402,1.0682886,1.1498047,1.1219267,1.1245362,1.1829056,0.26676646,0.26316115,0.38124895,0.89179736,2.4405634,2.3180015,2.322972,2,0,0.2
rec01,1.9904613,1.7776417,0.71177804,0.7118624,0.73855954,0.8295965,0.8291756,0.7405204,0.7130942,0.71317875,0.73992485,0.8311303,1.0256104,1.1820493,1.1382705,1.1384056,1.1810985,0.2665378,0.2707448,0.37877136,0.7719717,2.8703115,2.3052032,2.4179895,2,0,0.2
rec01,2.0382748,1.7900043,0.6971512,0.6960793,0.71289676,0.78767675,0.87182504,0.76563305,0.7265982,0.725481,0.7430085,0.82094723,0.99113655,1.2178866,1.155794,1.1540169,1.1818975,0.26979855,0.2786558,0.37650612,0.6931064,3.0747168,2.2858827,2.531428,2,0,0.2
rec01,2.0961802,1.8085334,0.68503016,0.6810281,0.6904348,0.7508626,0.8883493,0.79465574,0.74299234,0.73865175,0.74885374,0.8143945,0.96351415,1.2576969,1.1759295,1.16906,1.1852069,0.2722632,0.28568774,0.37439388,0.6368651,3.061529,2.26779,2.6672897,2,0,0.2
rec01,2.1657004,1.8337,0.67538035,0.66667426,0.6709556,0.7185749,0.83421993,0.82798463,0.76240486,0.752577,0.75740993,0.8111649,0.94171125,1.2010183,1.1988231,1.1833694,1.1909689,0.27693164,0.29199082,0.37239265,0.594425,1.5520961,2.2508159,3.2847617,3,0,0.2
rec01,2.2344422,1.8593482,1.6888479,0.6530683,0.65456706,0.69199777,0.79101723,0.8629646,0.7838318,0.7672344,0.76899517,0.8129692,0.9292985,1.1601436,1.2228618,1.1969669,1.1997138,0.2803797,0.29911256,0.37341455,0.56916034,1.2661177,2.2306333,2.259959,3,0,0.2
rec01,2.2766232,1.872881,1.6862621,0.64008224,0.64055324,0.67179507,0.76079017,0.89348775,0.80445826,0.7824535,0.7830292,0.82122,0.9300097,1.1466143,1.2440486,1.2100185,1.2109089,0.28785774,0.30899197,0.38095784,0.5659675,1.1665545,2.300889,2.222626,3,0,0.2
rec01,2.3183763,1.886385,1.6844388,0.62748915,0.62753,0.65335995,0.73374414,0.8947584,0.82589144,0.79798776,0.7980397,0.83088785,0.9331138,1.1378781,1.2653348,1.2225844,1.222664,0.29185337,0.31869802,0.38863364,0.5649571,1.0976962,2.480728,2.1976426,3,0,0.2
rec01,2.3646438,1.9021083,1.6841826,0.6156326,0.6153202,0.6360728,0.70851237,0.8549449,0.8485341,0.8142752,0.81386197,0.8413108,0.93712395,1.1308051,1.2873657,1.2353894,0.37874871,0.29777908,0.32784182,0.3955989,0.56359315,1.0407811,2.7043014,2.1819565,3,0,0.2
rec01,2.4158752,1.9201798,1.6855264,0.6045984,0.6035539,0.6198855,0.6849789,0.8182342,0.87244517,0.8314631,0.8300267,0.8524862,0.9420047,1.1252615,1.3101889,1.2486435,0.34656906,0.30548576,0.33646163,0.40191662,0.5619206,0.9927114,2.9700563,2.1662965,3,0,0.2
rec01,2.4725943,1.9407467,1.6885124,0.59437454,0.59224683,0.60475445,0.6630394,0.7843562,0.8976885,0.84957796,0.8465367,0.86441463,0.9477249,1.1211307,1.3338538,1.2623669,0.31268677,0.31429982,0.3445913,0.40764135,0.55997497,0.9513715,2.9536588,2.1413088,3,0,0.2
rec01,2.5354025,1.9639741,1.6931893,1.5911851,0.5813448,0.5906413,0.64260066,0.7530745,0.9243355,0.8686502,0.8632943,0.8770996,0.95425916,1.1183122,1.3584173,1.2765814,0.32118353,0.32377824,0.35226136,0.41282097,0.55778587,0.91527045,2.9368186,2.125494,3,0,0.2
rec01,3.1891892,1.9900486,1.6996115,1.5858532,0.57092834,0.57751113,0.6235791,0.72418064,0.95246434,0.8887136,0.8803957,0.8905467,0.96158546,1.1167171,1.3839394,1.2913092,0.32973537,0.33294064,0.3594992,0.41749692,0.55537635,0.88332075,2.9199154,2.1096709,3,0,0.2
rec01,3.135281,2.0191822,1.7078446,1.5820295,0.5608996,0.5653335,0.60589886,0.69749004,0.9142597,0.909806,0.8976693,0.9047652,0.9696863,1.1162698,1.4104872,1.3065771,0.33913982,0.34180388,0.3663299,0.4217066,0.55276674,0.8547181,2.9024282,2.0845616,3,0,0.2
rec01,3.0843658,2.0516145,1.7179629,1.5797272,0.55195385,0.55408144,0.58949244,0.6728399,0.8697042,0.9319679,0.9152794,0.9197649,0.9785466,1.1169015,1.4381315,1.3224115,0.34867457,0.35038334,0.37277612,0.42548233,0.54997295,0.82884866,2.8849487,2.0640886,3,0,0.2
rec01,3.0362847,2.0876167,1.7300482,1.5789639,1.5423297,0.5437311,0.5742986,0.65008473,0.82919335,0.95524514,0.93308204,0.93555945,0.9881548,1.1185544,1.426734,1.3388427,0.3577432,0.358693,0.378858,0.4288531,0.54700893,0.8052401,1.8335288,2.0434184,4,0,0.2
rec01,2.9988556,2.1109166,1.7365243,1.5766045,1.5336828,0.53612643,0.5617268,0.63232094,0.79949,0.9777326,0.95111465,0.9525521,1.0011458,1.1269633,1.4249026,1.3532367,0.36636984,0.36692345,0.3856418,0.43410662,0.54887295,0.79592174,1.7222974,2.0230813,4,0,0.2
rec01,2.9781582,2.1025968,1.7285087,1.568577,1.5252752,0.5302001,0.5525848,0.62171865,0.78547007,0.9967784,0.96926135,0.97064257,1.0197041,1.1472791,1.4494555,1.3624077,0.37477332,0.37530735,0.39427733,0.44360536,0.5604444,0.8116266,1.748699,2.0033345,4,0,0.2
rec01,2.9590542,2.0910404,1.7190084,1.5599561,1.5168921,0.5268409,0.5437653,0.61179584,0.77293366,1.0154527,0.9874201,0.9888272,1.0388077,1.1687733,1.4766107,1.371029,0.38315636,0.3837023,0.40309665,0.45352802,0.57298064,0.8297815,1.7878155,1.984494,4,0,0.2
rec01,2.9399505,2.079485,1.7095085,1.551335,1.508509,0.5198731,0.5349462,0.6018732,0.7603977,1.0341272,1.0055791,1.007012,1.0579119,1.1902673,1.5037661,0.40265495,0.39153922,0.39209715,0.41191587,0.46345055,0.5855165,0.84793556,1.8269305,1.9656531,4,0,0.2
rec01,2.9208465,2.0679288,1.7000086,1.5427142,1.5001264,0.5167748,0.526127,0.59195065,0.7478616,1.0528017,1.0237381,1.0251969,1.0770159,1.2117612,1.529819,0.41127592,0.39992216,0.40049207,0.42073506,0.4733733,0.5980526,0.8660902,1.8660457,1.9468118,4,0,0.2
rec01,2.9017425,2.056373,1.6905088,1.534093,1.4917432,0.5147808,0.5173078,0.5820282,0.7353258,1.0714762,1.041897,1.0433817,1.0961199,1.2332554,1.539319,0.41989678,0.4083051,0.4088869,0.42955425,0.48329565,0.61058867,0.88424474,2.7581995,1.9279709,4,0,0.2
rec01,2.882638,2.0448172,1.6810092,1.5254725,1.4833603,0.5407409,0.5111284,0.5721057,0.7227898,1.0666636,1.060056,1.0615666,1.1152238,1.2547495,1.548819,0.42851764,0.41668797,0.4172817,0.43837336,0.4932182,0.62312454,0.90239906,2.74004,1.90913,4,0,0.2
rec01,2.863535,2.0332613,1.6715091,1.5168512,1.4749774,1.4770792,0.5079259,0.5621831,0.7102537,1.0481633,1.0782149,1.0797514,1.1343278,1.2762436,1.5583187,0.43713862,0.42507088,0.42567664,0.44719258,0.5031408,0.63566065,0.9205536,2.7218819,1.8850552,4,0,0.2
rec01,2.8444307,2.021705,1.6620092,1.5082303,1.4665945,1.4686843,0.5085272,0.5522605,0.6977176,1.0296631,1.0963738,1.0979362,1.1534317,1.2977375,1.5678185,0.44575948,0.4334538,0.43407145,0.4560117,0.5130634,0.6481966,0.93870795,2.7037225,1.8638377,4,0,0.2
rec01,2.825326,2.0101495,1.6525093,1.4996097,1.4582117,1.4602896,0.5103152,0.54233795,0.6851818,1.0111632,1.1145332,1.1161212,1.1725359,1.319232,1.5773187,0.45438042,0.44183677,0.44246635,0.46483096,0.52298594,0.6607327,0.95686233,2.6855633,1.8450732,4,0,0.2
rec01,2.8062222,1.9985933,1.6430093,1.4909885,1.4498286,1.4518944,0.50901276,0.5324154,0.6726456,0.9926629,1.1326917,1.1343057,1.1916397,1.3407257,1.5868187,0.46300125,0.4502197,0.4508612,0.47365016,0.5329085,0.6732687,0.9750169,2.6674042,1.826309,4,0,0.2
rec01,2.7871187,1.9870379,1.6335096,1.4823679,1.4414456,1.4434997,0.50813985,0.5224928,0.66010964,0.9741629,1.1508505,1.1524905,1.2107435,1.3622199,0.51970905,0.47162226,0.45860267,0.45925614,0.48246935,0.5428311,0.6858047,0.9931714,2.649246,1.8075448,4,0,0.2
rec01,2.7680142,1.9754817,1.6240097,1.4737469,1.4330628,1.435105,0.5153413,0.5125703,0.6475737,0.9556627,1.1690094,1.1706752,1.2298474,1.3837138,0.5292088,0.48024315,0.46698555,0.46765095,0.49128854,0.5527536,0.69834054,1.0113254,2.6310863,1.7887802,4,0,0.2
rec01,2.7489111,1.9639264,1.6145097,1.465126,1.4246799,1.42671,0.55013126,0.5128149,0.6350377,0.93716276,1.1871685,1.1888602,1.2489516,1.4052079,0.5387088,0.48886403,0.4753685,0.47604585,0.50010777,0.56267625,0.71087676,1.0294805,2.6129284,1.7700162,4,0,0.2
rec01,2.729807,1.9523702,1.6050099,1.456505,1.4162968,1.418315,0.58492136,0.51912963,0.62250173,0.9186626,1.2053273,1.2070448,1.2680554,1.4267019,0.54820865,0.49748495,0.4837514,0.4844407,0.50892687,0.57259864,0.7234126,1.0476345,2.594769,1.7512518,4,0,0.2
rec01,2.7107031,1.940814,1.5955099,1.4478842,1.407914,1.4099203,2.3440297,0.5208197,0.6099656,0.9001624,1.2234864,1.2252299,1.2871594,1.4481962,0.5577085,0.50610584,0.49213433,0.4928356,0.51774615,0.58252126,0.7359487,1.065789,2.5766098,1.7259014,4,0,0.2
rec01,2.6915982,1.9292579,1.5860099,1.4392633,1.3995311,1.4015253,2.3788195,0.52857125,0.5974296,0.88166237,1.2416456,1.2434148,1.3062636,1.4696901,0.5672085,0.51472676,0.5005172,0.5012304,0.5265652,0.5924437,0.7484845,1.0839432,2.5584507,1.7072082,4,0,0.2
rec01,2.672495,1.9177024,1.5765102,1.4306424,1.3911481,1.3931305,2.41361,0.53213054,0.5848936,0.8631622,1.259804,1.2615993,1.3253672,1.491184,0.5767084,0.5233477,0.50890017,0.5096253,0.53538454,0.6023664,0.7610207,1.1020981,2.540292,1.6885152,4,0,0.2
rec01,2.653391,1.9061466,1.5670104,1.4220212,1.3827653,1.3847357,2.4483995,0.54073536,0.5723577,0.84466213,1.2779633,1.2797843,1.3444715,1.5126783,0.58620816,0.5319686,0.5172831,0.51802015,0.5442037,0.61228895,0.7735567,1.1202525,2.5221334,1.6698221,4,0,0.2
rec01,2.6342869,1.8945909,1.5575104,1.4134005,1.3743825,1.3763409,2.445374,0.5460244,0.5598217,0.82616204,1.2961218,1.2979689,1.3635752,1.5341719,0.59570795,0.5405894,0.5256659,0.526415,0.5530228,0.6222115,0.7860927,1.1384069,2.503974,1.6511289,4,0,0.2
rec01,2.6151829,1.883035,1.5480105,1.4047798,1.3659995,1.3679459,2.436555,0.57105654,0.5554324,0.807662,1.3142811,1.3161539,1.3826796,1.5556666,0.6052081,0.54921037,0.5340488,0.5348098,0.561842,0.632134,0.79862857,1.1565611,2.4858153,1.632436,4,0,0.2
rec01,2.5960786,1.8714789,1.5385107,1.3961589,1.3576167,1.3595513,2.4277356,0.5960887,0.5680441,0.7891618,1.3324399,1.3343387,1.4017832,1.5771602,0.6147079,0.5578313,0.5424319,0.5432048,0.5706613,0.6420567,0.81116474,1.1747156,2.4676561,1.608029,4,0,0.2
rec01,2.5769746,1.8599231,1.5290109,1.3875377,1.3492337,1.3511564,1.419451,0.62112075,0.574129,0.77066165,1.3505988,1.3525232,1.420887,1.5986543,0.6242078,0.56645215,0.5508146,0.55159956,0.57948035,0.651979,0.8237005,1.19287,2.4494972,1.5894021,4,0,0.2
rec01,2.5578709,1.8483672,1.5195109,1.3789167,1.3408506,1.3427613,1.4106318,1.8868375,0.5808892,0.7521613,1.368758,1.3707082,1.4399911,1.6201487,0.6337078,0.5750731,0.5591976,0.55999446,0.58829963,0.6619017,0.83623666,1.2110246,2.4313385,1.5707754,4,0,0.2
rec01,2.5387669,1.8368112,1.510011,1.3702961,1.3324678,1.3343664,1.4018128,1.9118701,0.5915898,0.7336613,1.3869171,1.3888934,1.4590954,1.6416427,0.64320767,0.5836941,0.5675806,0.56838936,0.59711874,0.6718242,0.84877264,1.2291789,2.4131794,1.5521485,4,0,0.2
rec01,2.5196633,1.8252555,1.500511,1.3616751,1.3240849,1.3259717,1.3929936,1.9369019,0.6059234,0.7151612,1.4050757,1.4070777,1.478199,1.6631365,0.6527074,0.5923148,0.5759633,0.5767841,0.6059378,0.6817467,0.8613087,1.2473335,2.3950207,1.5335217,4,0,0.2
rec01,2.500559,1.8136996,1.4910111,1.3530544,1.315702,1.3175768,1.3841742,1.9619341,0.6126216,0.6966608,1.4232343,1.4252626,1.4973028,1.6846309,0.6622074,0.6009358,0.58434635,0.58517903,0.6147571,0.69166946,0.8738447,1.265488,2.3768616,1.5148945,4,0,0.2
rec01,2.4814553,1.8021438,1.4815112,1.3444333,1.3073192,1.309182,1.3753551,1.9869664,0.6277187,0.678161,1.4338374,1.4434476,1.5164071,1.7061247,0.6717073,0.6095567,0.5927292,0.59357387,0.6235763,0.7015919,0.88638055,1.2836424,2.3587027,1.4913532,4,0,0.2
rec01,2.4623513,1.790588,1.4720114,1.3358126,1.2989361,1.3007871,1.366536,2.011998,0.6353435,0.65966094,1.3947229,1.4616323,1.535511,1.7276188,0.6812072,0.61817765,0.6011122,0.6019687,0.6323955,0.7115145,0.8989166,1.3017967,2.340544,1.4727874,4,0,0.2
rec01,2.4432476,1.7790321,1.4625117,1.3271917,1.2905532,1.2923923,1.3577168,2.0370305,0.6546624,0.6480304,1.355608,1.4798172,1.5546149,1.7491127,0.69070697,0.62679833,0.609495,0.6103635,0.6412145,0.7214369,0.9114526,1.319951,2.322385,1.454222,4,0,0.2
rec01,2.4241436,1.7674761,1.4530116,1.3185706,1.2821703,1.2839974,1.3488976,2.0620627,0.67524093,0.6595578,1.3164927,1.4980018,1.5737188,0.8517474,0.7002069,0.6354193,0.61787796,0.6187584,0.6500337,0.73135936,0.9239885,1.3381052,2.3042262,1.4356562,5,0,0.2
rec01,2.410599,1.7443979,1.43818,1.3077748,1.2738054,1.2760904,1.3431522,2.0734177,0.69325,0.67595917,1.3192459,1.5167801,1.5964906,0.8576758,0.7071164,0.6429989,0.626297,0.62742037,0.6603929,0.7446095,0.943892,1.3747448,2.2861404,1.414782,5,0,0.2
rec01,2.4115677,1.695112,1.4111396,1.2920932,1.2651635,1.2696451,1.3452083,2.0527525,0.70498013,0.6894914,1.44061,1.5375181,1.6290239,0.85068625,0.7081755,0.64843225,0.6349177,0.6371668,0.67508787,0.766889,0.983722,1.4624935,2.2680707,1.3948514,5,0,0.2
rec01,2.4162974,1.6451207,1.3836013,1.2763331,1.2560838,1.263769,1.3487841,2.0299456,0.71584904,0.70117515,1.5499059,1.5593885,1.6642902,0.84343976,0.7093609,0.6543648,0.64398324,0.64792335,0.6915099,0.7921641,1.0300386,2.2865043,2.2502284,1.3759526,4,0,0.2
rec01,2.4138634,1.6096799,1.3625917,1.2629715,1.2465632,1.2567649,1.347768,2.0240822,0.7295896,0.7153216,1.5674841,1.580312,1.6947433,0.84383595,0.71430606,0.6620826,0.65348095,0.6588289,0.7065351,0.8139218,1.0681452,2.2619925,2.2326047,1.3587781,4,0,0.2
rec01,2.3961947,1.5955099,1.351232,1.2528793,1.2368547,1.247177,1.3379599,2.0445697,0.7482893,0.7287572,1.5849713,1.5981989,1.7145331,0.8554994,0.7245196,0.6717837,0.6631913,0.668726,0.71740305,0.82678515,1.0857757,2.2438214,2.215122,1.341285,4,0,0.2
rec01,2.3772898,1.5829622,1.3406056,1.2430269,1.2271281,1.2373691,1.3274384,2.0671136,0.7673815,0.73851246,1.6024477,1.6158209,1.7334377,0.8680467,0.73514587,0.6816364,0.6729181,0.678534,0.7279249,0.8389111,1.1017002,2.2261188,2.197646,1.3234608,5,0,0.2
rec01,2.3668396,1.559566,1.3250133,1.2314917,1.2173768,1.228942,1.321602,2.0752466,0.7835378,0.7548021,1.6199099,1.6352993,1.7585977,0.8745608,0.74303013,0.69058573,0.6826705,0.6891559,0.74111694,0.8565558,1.1302431,2.2054627,1.9689946,1.3008058,5,0,0.2
rec01,2.3735332,1.5172125,1.300723,1.2171586,1.2073781,1.2234001,1.3249854,2.0573704,0.7942043,0.7672254,1.6372291,1.6589551,1.7967067,0.8704144,0.7462159,0.6982753,0.69266456,0.7018562,0.7601349,0.8859535,1.1858065,2.1803763,1.5370462,1.2825533,5,0,0.2
rec01,2.3838246,1.4752283,1.2765352,1.2030413,1.1969874,1.2184644,1.3297304,2.0389009,0.80442715,0.7822369,1.6543468,1.6840298,1.8378097,0.866553,0.74984,0.7066695,0.7031134,0.71572906,0.7810868,0.91878515,1.2495353,2.156708,1.2621974,1.2681601,4,0,0.2
rec01,2.3867502,1.4430256,1.2566292,1.1901304,1.1861639,1.2118576,1.3297058,2.0330784,0.8169276,0.79537225,1.671187,1.7073864,1.8734227,0.86859053,0.75639427,0.7163668,0.7139795,0.72944486,0.80038047,0.94775015,1.3041906,2.1362202,1.2436445,1.2556546,4,0,0.2
rec01,2.3702354,1.4277887,1.2441266,1.1788555,1.1750879,1.2010074,1.3185053,2.0507977,0.8340564,0.80980027,1.6878319,1.7250613,1.8938287,0.8809556,0.76763475,0.72736204,0.72503734,0.7410299,0.81352687,0.9639526,1.3280545,2.119192,1.2271283,1.2391003,4,0,0.2
rec01,2.351555,1.414319,1.2323896,1.1677341,1.1640018,1.1896768,1.3060665,2.071026,1.8046223,0.8210487,1.7044802,1.7420768,1.9125092,0.8944254,0.7793718,0.7384835,0.7361232,0.75236017,0.82596576,0.97869134,1.3483605,2.1024897,1.2102772,1.222085,5,0,0.2
rec01,2.3420856,1.3935018,1.217424,1.1559126,1.1528465,1.1802711,1.2987043,2.0803063,1.8174467,0.8367411,1.7210411,1.7619821,1.9387866,0.90317315,0.78905165,0.7491836,0.74719644,0.76497126,0.8417316,1.0001953,1.3850169,2.0845742,1.1903032,2.1285028,4,0,0.2
rec01,2.339738,1.3676937,1.2002183,1.143585,1.1415514,1.1722114,1.2949749,2.0817544,1.8268417,0.8514249,1.7375447,1.7842121,1.9710687,0.90874547,0.79746884,0.7598394,0.7584882,0.7788599,0.8604282,1.0274887,2.1685336,2.0662093,1.1737556,2.117931,4,0,0.2
rec01,2.321544,1.3536965,1.1880711,1.1321136,1.1301236,1.1605691,1.2822458,2.1009452,1.843894,0.86453927,1.7539587,1.8012104,1.990053,0.92223,0.8093947,0.7712725,0.76991683,0.79065835,0.87355274,1.0432963,2.1510377,2.049725,1.1536317,2.1012447,4,0,0.2
rec01,2.3029268,1.3399978,1.1760484,1.1206573,1.1186875,1.1488247,1.26927,2.1206,1.8611438,0.87897825,1.7703671,1.8180608,2.00867,0.9359284,0.82141745,0.78272885,0.78135306,0.80240273,0.8865284,1.0587933,2.1337883,2.0332875,1.1371154,2.0843945,4,0,0.2
rec01,2.2843099,1.326299,1.1640258,1.109201,1.1072514,1.1370806,1.2562944,2.140254,1.8783934,0.89353126,1.7867755,1.8349109,2.0272868,0.9496271,0.8334399,0.79418504,0.7927891,0.8141469,0.89950377,1.07429,2.1165385,2.0168507,1.1191348,2.067544,4,0,0.2
rec01,2.2656934,1.3126004,1.1520034,1.0977442,1.0958148,1.125336,1.2433188,2.1599083,1.8956429,0.9082295,1.8031836,1.8517613,2.045904,0.9633258,0.84546256,0.8056415,0.8042255,0.8258912,0.9124794,1.0897871,2.099289,2.0004137,1.1013764,2.050694,4,0,0.2
rec01,2.247076,1.2989017,1.1399807,1.0862881,1.0843787,1.1135919,1.2303432,2.1795626,1.9128923,0.92472976,1.8195919,1.8686117,2.0645206,0.97702426,0.8574852,0.81709784,0.81566167,0.8376355,0.92545503,1.1052841,2.0820394,1.9839762,1.0849007,2.0338435,4,0,0.2
rec01,2.2284594,1.2852029,1.127958,1.0748318,1.0729426,1.1018475,1.2173678,2.1992166,1.9301418,0.939579,1.8333076,1.8854618,1.2467695,0.99072284,0.8695077,0.8285542,0.8270979,0.84937984,0.9384308,1.1207807,2.0647898,1.9675392,1.0684253,2.0169933,4,0,0.2
rec01,2.2098422,1.2715044,1.1159353,1.0633755,1.0615064,1.0901031,1.2043921,2.2188714,1.9473917,0.9546517,1.5457873,1.902312,1.2640086,1.0044216,0.8815303,0.84001046,0.838534,0.8611239,0.951406,1.1362778,2.0475404,1.9511021,1.0500193,2.0001428,4,0,0.2
rec01,2.1912248,1.2578057,1.1039127,1.0519191,1.0500702,1.078359,1.1914165,1.4229255,1.964641,0.9705036,1.2582732,1.9191629,1.2812476,1.0181202,0.89355296,0.8514667,0.8499702,0.8728683,0.9643817,1.1517748,2.0302908,1.934665,1.0328494,1.9832923,4,0,0.2
rec01,2.1726086,1.2441072,1.0918903,1.0404627,1.038634,1.0666147,1.1784408,1.4074289,1.9818908,0.98694074,0.98598456,1.9360129,1.2984868,1.0318187,0.9055754,0.8629232,0.8614063,0.8846125,0.97735715,1.1672715,2.0130415,1.9182279,1.0164158,1.9664426,4,0,0.2
rec01,2.1539917,1.2304087,1.0798677,1.0290065,1.0271977,1.0548704,1.1654654,1.3919317,1.9991401,1.0033778,1.0024054,1.952863,1.3157253,1.0455172,0.91759807,0.8743796,0.87284267,0.8963571,0.990333,1.1827686,1.9957916,1.9017906,0.9989865,1.9495922,4,0,0.2
rec01,2.1353745,1.21671,1.0678453,1.0175501,1.0157615,1.0431262,1.1524899,1.3764348,2.01639,1.019815,1.0182174,1.9697137,1.3329648,1.0592159,0.9296205,0.8858358,0.8842788,0.9081012,1.0033085,1.1982653,1.9785419,1.8853539,0.982569,1.9327418,4,0,0.2
rec01,2.1167574,1.2030114,1.0558224,1.0060937,1.0043255,1.0313818,1.1395142,1.3609378,2.0336394,1.0362523,1.034629,1.9865639,1.3502035,1.0729148,0.94164336,0.89729196,0.895715,0.9198454,1.0162839,1.2137623,1.9612924,1.868916,0.9656779,1.9158913,0,0,0.2
rec01,2.089993,1.1951265,1.0463272,0.9951139,0.9929162,1.0179443,1.1221918,1.3365662,2.0558305,1.0531871,1.0508611,2.0000637,1.3788207,1.0918839,0.9559389,0.9091495,0.9071417,0.9300076,1.0252492,1.2211049,1.9487014,1.8533207,0.9492002,1.8958408,0,0,0.2
rec01,2.042865,1.2039388,1.044312,0.98603207,0.9817052,1.0006996,1.0943161,1.2904513,2.092911,1.9761118,1.0674205,2.0055075,2.1931248,1.1262257,0.9769024,0.9223842,0.91833663,0.9361051,1.0236787,1.2071533,1.9495171,1.8407205,0.93262315,1.8681022,4,0,0.2
rec01,1.9931977,1.219586,1.0458108,0.97879755,0.9710134,0.9840042,1.0659121,1.2426242,2.1371977,2.0002508,1.0843232,2.0108905,2.1782758,1.1668549,1.0005931,0.93647707,0.9290295,0.94145846,1.0198251,1.1888965,1.95561,1.8302987,0.9157223,1.8400341,4,0,0.2
rec01,1.963037,1.2187729,1.0402353,0.9701437,0.9608273,0.9716506,1.0486332,1.2170835,2.167063,2.0210452,1.1015655,2.024184,2.184558,1.191496,1.0169541,0.94843113,0.9393231,0.949904,1.0251638,1.1898437,1.947316,1.816105,0.8985932,1.8189257,4,0,0.2
rec01,1.9440136,1.2061642,1.0293947,0.9599779,0.9507291,0.96141016,1.0375193,1.2040982,2.1859467,2.0385387,1.1188294,2.0415797,2.2031996,1.2044998,1.0279744,0.9586531,0.9494168,0.96008325,1.0360872,1.2024359,1.9287907,1.7987238,0.8813247,1.8014072,4,0,0.2
rec01,1.9251666,1.1933645,1.0184709,0.9497907,0.9406401,0.95120776,1.0265092,1.1913201,2.2046459,2.055977,1.1360999,2.0590444,2.2220464,1.2172998,1.0388983,0.96884024,0.95950603,0.9702857,1.0470972,1.2152135,1.9100912,1.7812855,0.86405426,1.7839429,0,0,0.2
rec01,1.8994216,1.1884054,1.0111238,0.9407656,0.93052685,0.9398774,1.0118587,1.1709939,2.2311964,2.0759408,1.1533248,2.0739806,2.2328181,1.2382071,1.0534961,0.9801887,0.96952087,0.9792632,1.0542607,1.2200648,1.8980429,1.7659686,0.8467258,1.7643011,0,0,0.2
rec01,1.858753,1.2033982,1.0130472,0.9351507,0.9207096,0.9266049,0.9896175,1.1345669,1.4771855,2.1032536,1.1707505,2.0840333,2.225755,1.2800314,1.0775589,0.9947015,0.97934085,0.9856116,1.0526369,1.2068164,1.9027599,1.7564505,0.8293024,1.7403994,4,0,0.2
rec01,1.8173035,2.061818,1.0186497,0.9316419,0.9114436,0.91438454,0.9677301,1.097936,1.4055262,2.1347818,1.1884747,2.095238,2.217475,1.3293589,1.1048907,1.0105157,0.9886073,0.99179727,1.0496589,1.190888,1.9129267,1.7495337,0.8115789,1.7171259,4,0,0.2
rec01,1.7901384,2.02282,1.0154463,0.9252595,0.9027034,0.9047013,0.9540832,1.0780947,1.3713169,2.159221,1.2065654,1.2091782,2.226485,1.3570297,1.1220328,1.0223795,0.99745584,0.9996634,1.0542288,1.1912571,1.9052736,1.7360568,0.7936594,1.6974834,4,0,0.2
rec01,1.7709459,2.0010026,1.0058355,0.9164469,0.8940656,0.89602965,0.94488376,1.0676299,1.3578659,2.1778147,1.2246021,1.2272404,2.2453907,1.369051,1.1318755,1.0312847,1.0060986,1.0083088,1.0632845,1.2014116,1.8851861,1.7176483,0.77562225,1.6793811,4,0,0.2
rec01,1.7518775,1.9794571,0.996123,0.9075979,0.8854327,0.88737774,0.9357601,1.0573208,1.3447545,2.196309,1.2426456,1.245323,2.2644587,1.3807983,1.141588,1.040134,1.0147318,1.0169609,1.0724082,1.2117205,1.8648877,1.6991537,0.7577436,1.6612986,4,0,0.2
rec01,1.7328092,1.9579113,0.98641104,0.89874864,0.87679964,0.8787257,0.92663634,1.0470121,1.331643,2.2148037,1.2610303,1.2634053,2.2835271,1.3925457,1.1513002,1.0489829,1.0233647,1.0256128,1.081532,1.2220293,1.8445892,1.6806593,0.7403479,1.6432164,4,0,0.2
rec01,1.7137411,1.9363663,0.9766989,0.8898995,0.86816645,0.8700738,0.9175127,1.0367032,1.3185316,2.2332978,1.2790786,1.2814877,2.3025956,1.4042927,1.1610122,1.0578318,1.0319977,1.0342647,1.0906558,1.2323384,1.824291,1.662165,0.7222853,1.625134,4,0,0.2
rec01,1.6946725,1.9148208,0.9669866,0.8810505,0.85953355,0.86142194,0.90838915,1.0263942,1.3054203,2.2517924,1.2977045,1.2995703,2.3216639,1.4160404,1.1707243,1.0666811,1.0406306,1.0429167,1.0997795,1.2426473,1.8039922,1.6436706,0.70468163,1.6070515,4,0,0.2
rec01,1.6756042,1.8932753,0.9572744,0.8722013,0.85090065,0.85276985,0.89926535,1.0160851,1.2923087,2.270287,1.3157609,1.3176527,2.340732,1.4277878,1.1804367,1.0755299,1.0492636,1.0515685,1.108903,1.2529562,1.783694,1.6251761,0.6871466,1.5889691,4,0,0.2
rec01,1.6565361,1.8717301,0.94756216,0.86335236,0.84226763,0.84411794,0.89014155,1.0057764,1.2791976,2.2887812,1.4297024,1.3357348,2.3598003,1.4395349,1.1901488,1.0843792,1.0578966,1.0602205,1.1180266,2.1329012,1.7633955,0.6840722,0.67036444,1.5708869,4,0,0.2
rec01,1.6374679,1.8501848,0.93785006,0.85450333,0.8336347,0.83546615,0.88101804,0.9954676,1.2660862,2.3072755,1.6432029,1.3538171,2.3788686,1.4512826,1.1998613,1.0932281,1.0665294,1.0688723,1.1271502,2.10835,1.7430979,0.66557777,0.6529939,1.5528045,4,0,0.2
rec01,1.6183993,1.8286393,0.9281379,0.8456542,0.8250017,0.82681406,0.87189436,0.9851587,1.2529747,2.3257706,1.8567053,1.3718998,2.3979373,1.4630297,1.2095734,1.1020774,1.0751624,1.0775243,1.1362739,2.0837977,1.7227991,0.64708316,0.6365281,1.5347219,4,0,0.2
rec01,1.5993313,1.8070935,0.9184256,0.83680516,0.8163687,0.81816226,0.8627708,0.97484994,1.2398635,2.3442647,2.0702026,1.3899822,2.4170053,1.4747769,1.2192856,1.1109265,1.0837954,1.0861763,1.1453977,2.0592465,1.7025009,0.6285888,0.62022555,1.5166395,4,0,0.2
rec01,1.5802628,1.7855484,0.9087132,0.8279562,0.8077361,0.8095103,0.85364705,0.964541,1.2267523,2.362759,2.2837074,1.4080642,2.436074,1.4865243,1.228998,1.1197757,1.0924284,1.0948282,1.1545213,2.0346944,1.6822023,0.61009437,0.60298234,1.4985573,4,0,0.2
rec01,1.5611947,1.7640033,0.8990012,0.81910706,0.79910296,0.8008584,0.84452343,0.95423204,1.2136408,2.3812532,2.3230982,1.4275793,2.4551415,1.4982717,1.2387102,1.1286246,1.1010613,1.1034801,1.1636449,2.0101426,1.6619039,0.5916,0.5868115,1.4804751,4,0,0.2
rec01,1.5421265,1.742458,0.88928896,0.8102579,0.79046994,0.79220647,0.83539975,0.94392323,1.2005296,2.3997476,2.3411405,1.4456798,2.47421,1.5100191,1.2484224,1.1374737,1.1096944,1.1121321,1.1727686,1.9855914,1.6416059,0.5731057,0.5706992,1.4623928,4,0,0.2
rec01,1.5230582,1.7209125,0.8795767,0.801409,0.781837,0.78355455,0.8262762,0.9336145,1.1874182,2.4182425,2.359184,1.4655411,2.4932785,1.5217665,1.2581348,1.1463228,1.1183271,1.120784,1.1818923,1.9610394,1.6213074,0.55461115,0.58872485,1.4443102,4,0,0.2
rec01,1.5039898,1.6993673,0.86986464,0.7925598,0.773204,0.7749026,0.81715256,0.9233056,1.174307,2.4367363,2.3772264,1.4836634,2.5123465,1.5335137,1.2678468,1.1551718,1.1269602,1.1294358,1.1910157,1.9364874,1.6010089,0.53976756,0.63170904,1.4262278,4,0,0.2
rec01,1.4849215,1.6778218,0.8601524,0.7837107,0.764571,0.76625067,0.80802876,0.91299665,1.1611955,2.455231,2.3952696,1.5017855,2.531415,1.5452609,1.2775589,1.1640209,1.1355932,1.1380879,1.2001395,1.9119362,1.5807109,0.5236547,0.67469186,1.4081454,4,0,0.2
rec01,1.4658531,1.6562762,0.8504402,0.7748617,0.7559383,0.7575988,0.79890525,0.9026878,1.1480842,2.4737253,2.413312,1.5220479,2.5504832,1.5570081,1.287271,1.17287,1.1442262,1.1467397,1.2092632,1.8873847,1.5604125,0.5100956,0.7176759,1.3900629,4,0,0.2
rec01,1.4467847,1.6347308,0.8407279,0.76601243,0.7473049,0.7489466,0.7897814,0.8923788,1.1349728,1.6952505,2.4313552,1.5401961,2.569552,1.5687556,1.2969835,1.1817191,1.1528592,1.1553917,1.218387,1.8628325,0.5275138,0.49380654,0.7606597,1.3719807,4,0,0.2
rec01,1.4277167,1.6131855,0.83101577,0.7571633,0.7386721,0.7402948,0.78065777,0.8820698,1.1218612,1.6756666,2.4493976,1.5583435,2.5886197,1.5805031,1.3066956,1.1905682,1.1614922,1.1640437,1.2275105,1.8382807,0.5072155,0.47983658,0.80364335,1.3538982,4,0,0.2
rec01,1.4086484,1.59164,0.82130367,0.7483143,0.73003906,0.73164266,0.771534,0.871761,1.1087499,1.6560829,2.4674406,1.5764914,2.607688,1.5922502,1.3164078,1.1994172,1.170125,1.1726955,1.2366341,1.8137293,0.48691738,0.46519998,0.84662735,1.3358158,4,0,0.2
rec01,1.3895799,1.5700947,0.8115913,0.73946506,0.72140616,0.7229909,0.76241034,0.8614521,1.0956386,1.636499,2.4854832,1.6001517,2.6267564,1.6039977,1.3261201,1.2082664,1.1787579,1.1813475,1.2457578,1.7891775,0.46661898,0.45224386,0.8896112,1.3177334,4,0,0.2
rec01,1.3705117,1.5485494,0.8018792,0.7306162,0.71277314,0.714339,0.7532868,0.85114324,1.0825273,1.6169155,2.5035262,1.6183618,2.645825,1.6157448,1.3358322,1.2171153,1.1873909,1.1899995,2.2589655,1.7646261,0.44632068,0.43990523,0.932594,1.2996509,4,0,0.2
rec01,1.3514435,1.5270042,0.79216695,0.72176707,0.7041402,0.70568705,0.7441632,0.84083444,1.0694159,1.5973318,2.5215685,1.6365726,2.6648927,1.6274921,1.3455442,1.2259644,1.196024,1.1986513,2.2680888,1.7400745,0.42754075,0.43588978,0.9755779,1.2815686,4,0,0.2
rec01,1.3323752,1.5054585,0.7824547,0.7129181,0.69550735,0.6970349,0.73503953,0.8305256,1.0563046,1.5777478,2.5396118,1.654783,2.6839619,1.6392395,1.3552567,1.2348133,1.2046568,1.2073032,2.2772129,1.7155229,0.41481856,0.45509493,1.0185615,1.2634863,4,0,0.2
rec01,1.3133069,1.4839134,1.8415977,0.7040689,0.6868742,0.6883831,0.7259156,0.8202166,1.0431931,1.5581636,2.5576541,1.6729935,2.7030296,1.6509871,1.364969,1.2436627,1.2132899,1.2159553,2.2863364,1.6909708,0.4073128,0.47430032,1.061546,1.245404,5,0,0.2
rec01,1.297607,1.4695985,1.8248742,0.69404733,0.67818326,0.6800716,0.71862984,0.8138808,1.0389661,1.5623811,2.5755455,1.6929789,2.7291493,1.6514039,1.3694592,1.2504582,1.2218759,1.2252781,2.2678037,0.43863308,0.39362136,0.5010151,1.1465068,1.2279836,5,0,0.2
rec01,1.2899414,1.4721704,1.7934657,0.68156177,0.6693135,0.6725736,0.7154926,0.8165693,1.0553082,1.6239698,2.5935295,1.7101365,2.772469,1.6280603,1.3631177,1.253318,1.2307945,1.2367895,2.1539805,0.40560886,0.388414,0.5481125,1.206687,1.2125645,5,0,0.2
rec01,1.2841728,1.4781367,1.7617806,0.66892236,0.6599638,0.66515297,0.71281534,0.82048035,1.0752815,1.7003168,2.445686,1.7311425,2.8202467,1.604579,1.3570027,1.2569185,1.2400852,1.249836,2.0439823,0.37810367,0.39112973,0.60458404,1.188958,1.1983067,5,0,0.2
rec01,1.2794425,1.4856889,0.7035322,0.6563846,0.6502142,0.6576761,0.7100724,0.82453614,1.0966347,1.7867658,2.012095,1.7484999,2.073515,1.5837457,1.3524455,1.2618102,1.2499484,1.264293,1.9435228,0.3692389,0.42141244,0.6700055,1.171587,1.1850321,4,0,0.2
rec01,1.2710143,1.4851766,0.6874242,0.6445505,0.6399594,0.6492424,0.7046478,0.8233789,1.1068962,1.8447824,1.8291326,1.7710842,2.0417027,1.5746902,1.353561,1.2691416,1.2601016,1.2783799,0.4120391,0.36481693,0.44982526,0.7305602,1.154332,1.1710763,4,0,0.2
rec01,1.2532194,1.4652596,1.6955683,0.63390917,0.6295186,0.6388422,0.69370496,0.81107736,1.0914857,1.8231468,1.8801084,1.7889198,2.0541282,1.5856982,1.3638572,1.2793914,1.2705301,1.2893476,0.38355768,0.3623627,0.46901196,0.7633129,1.1372632,1.1541069,5,0,0.2
rec01,1.2385702,1.4517663,1.679686,0.6228504,0.6190471,0.62900376,0.68444145,0.80225486,1.0843167,1.8283376,1.8615456,1.808487,2.0525,1.5903338,1.3713162,1.2888833,1.281013,2.2669268,0.35962054,0.36413825,0.4921643,0.80811787,1.1202322,1.1382498,5,0,0.2
rec01,1.234222,1.4591786,1.6535401,0.61064005,0.60836166,0.62100756,0.6805289,0.804566,1.1040546,2.7069147,1.8207179,1.8341278,2.0097628,1.5762008,1.3705745,1.2965518,1.2917144,2.2883513,0.357539,0.38574323,0.52933085,0.8972534,1.1033379,1.1262728,5,0,0.2
rec01,1.2322081,1.4710113,1.6272024,0.5983372,0.5972443,0.61317205,0.6772257,0.8084727,1.1290472,2.7183604,1.8417232,2.7857583,1.9663603,1.5616997,1.3701031,1.3051784,1.3027946,0.4077445,0.35579345,0.40985665,0.5723724,1.0085685,1.0866827,1.115663,5,0,0.2
rec01,1.2313353,1.4848679,1.6019659,0.5860513,0.5857159,0.60521793,0.67380357,0.81253994,1.1561885,2.7313352,1.8585511,2.8206625,1.9273955,1.5492532,1.3710214,1.3151025,1.3143498,0.3584921,0.36158603,0.43603677,0.62045026,1.0709733,1.0703604,1.1059992,5,0,0.2
rec01,1.2316515,1.5009215,0.59408116,0.5737655,0.57378453,0.5971316,0.6702519,0.81678575,1.1858155,2.7458487,1.8795906,2.8576713,1.8924485,1.5387423,1.3732959,1.3263328,1.3263767,0.3627029,0.38114986,0.46447876,0.6743336,1.0543486,1.0543834,1.0972861,4,0,0.2
rec01,1.2277493,1.5081645,1.5572255,0.5613869,0.56165045,0.58763087,0.6636324,0.8152046,1.2022585,2.7614844,1.89369,2.8905795,1.8738004,1.5360122,1.3792335,1.3386503,1.3392787,0.36730522,0.4003055,0.49173453,0.72520673,1.0385908,1.0390784,1.0871433,5,0,0.2
rec01,1.2190405,1.5054421,1.5396125,0.5487936,0.54929805,0.576707,0.65391785,0.8075496,1.2037275,2.7770433,1.9096388,2.9182932,1.8688099,1.5398091,1.388037,1.3512614,0.4365274,0.37251452,0.41851276,0.51683825,0.77039534,1.0230665,1.024007,1.075103,5,0,0.2
rec01,1.221516,1.5256945,1.5177414,0.53592145,0.5371897,0.5680818,0.6496038,0.81136626,1.237951,2.7923343,1.9303901,2.9599009,1.8420372,1.5334686,1.3933114,1.364119,0.38092062,0.38594696,0.4413317,0.5512308,0.84104633,1.0077478,1.0101327,1.0682223,5,0,0.2
rec01,1.2257617,1.5496612,1.4965663,0.5226714,0.52502924,0.55937064,0.6453288,0.8158528,1.277396,2.807339,1.9468195,3.0044558,1.8173909,1.52835,1.3997098,1.3773888,0.3893637,0.40385327,0.46591327,0.5890277,0.9222515,0.9927813,0.9972599,1.0624893,5,0,0.2
rec01,1.231472,1.5768465,1.4762203,0.5090242,0.5127782,0.55045176,0.6408519,0.82058275,1.3216577,2.8219433,1.9679164,2.3369324,1.7955492,1.5248176,1.4073944,1.3910216,0.40035492,0.42281947,0.49225858,0.6303156,0.98966223,0.97814965,0.98536354,1.0577577,5,0,0.2
rec01,1.2387422,1.5661439,0.4989895,0.49500868,0.50041944,0.54130673,0.63615435,0.8255886,1.3717655,2.8362393,1.9842213,2.2806747,1.7763048,1.5228102,1.4163597,0.5013043,0.41076252,0.44290546,0.520511,0.67550874,0.9716504,0.96389866,0.97443444,1.0540516,4,1,0.1993263
rec01,1.2394867,1.5390711,1.4391023,0.48068303,0.48734108,0.53002864,0.62713116,0.8219553,1.3986073,2.8501332,1.9969479,2.2514985,1.7696065,1.5268906,1.427713,0.42328575,0.4251665,0.46240795,0.5471222,0.71709067,0.95560217,0.95004064,0.96320003,1.0475695,5,0,0.2
rec01,1.2356613,1.515455,1.4224974,0.46610612,0.4736758,0.5172397,0.6151064,0.8122598,1.4080622,2.7314258,2.0122294,2.2377706,1.7702136,1.5345236,1.4403963,0.43590784,0.4409704,0.48152637,0.57263535,0.7561762,0.9405466,0.93634135,0.9515479,1.0390615,5,0,0.2
rec01,1.2461998,1.4854074,1.4046143,0.4512742,0.46092743,0.50728697,0.6093539,0.8169371,1.4726495,2.4333353,2.0283604,2.1934865,1.7561369,1.5357293,1.4521995,0.4496685,0.45834434,0.504444,0.60593927,0.81235826,0.9250944,0.92290795,0.9426495,1.0374601,5,0,0.2
rec01,1.2589295,1.4564229,1.3873839,0.43611085,0.44802806,0.49708864,0.6034132,0.822241,1.5496962,2.208261,2.0445945,2.153117,1.7438478,1.5381761,1.4652619,0.4640368,0.47659394,0.5287824,0.6418856,0.8746658,0.9106957,0.9098795,0.93474275,1.0371002,5,0,0.2
rec01,1.2737676,1.4285642,1.3708063,0.42063588,0.4349302,0.48655084,0.5971125,0.827935,1.6417048,2.0608344,2.0710483,2.1168816,1.7335374,1.5419775,1.4796345,0.47941703,0.49574584,0.55458456,0.6806064,0.93516386,0.89735454,0.89725256,0.92779744,1.0379152,5,0,0.2
rec01,1.2909057,1.4017652,1.3548563,0.4050789,0.42161217,0.4756439,0.59041816,0.83408237,1.7537287,2.0820906,2.098871,2.084404,1.725097,1.5471072,0.49526742,0.49545622,0.51584524,0.5819534,0.72238046,0.91569316,0.88505006,0.8851777,0.92182356,1.03996,5,0,0.2
rec01,1.310562,1.3759683,1.3386672,0.38999555,0.40804932,0.4643333,0.58328235,0.8407564,1.8933692,2.0984414,3.0731227,2.0553594,1.7184299,1.5535419,0.51139414,0.51217467,0.53694004,0.61100227,0.767525,0.89754504,0.8732134,0.8741167,0.91683406,1.0432967,5,0,0.2
rec01,1.3329914,1.3511174,1.3222779,0.3744416,0.394219,0.4525845,0.5756614,0.84805334,2.9384215,2.1131232,3.1122124,2.0294635,1.7134522,1.5612669,0.5278645,0.52959836,0.5590844,0.64185876,0.81640744,0.8806688,0.86187094,0.86405677,0.91284615,1.0479964,5,0,0.2
rec01,1.3584874,1.3271626,1.3055003,0.35971075,0.38009286,0.4403553,0.5674934,0.8560865,2.9492826,2.121356,3.1537116,2.006465,1.7100861,1.5702677,0.5445889,0.54775435,0.5823368,0.67466426,0.86945134,0.86501974,0.85090065,0.85498905,0.90988076,1.0541393,5,0,0.2
rec01,1.387394,1.3040583,1.2884834,0.344004,0.3656438,0.42760187,0.558714,0.8650029,2.9597948,2.1378684,3.1977491,1.986148,1.7082688,1.5805386,0.5616107,0.56667364,0.6067617,0.70957714,0.9192944,0.85055727,0.8403987,0.8469072,0.9079636,1.0618174,5,0,0.2
rec01,1.3750426,1.2817606,1.2711596,0.3293708,0.3508413,0.41427425,0.54924554,0.874989,2.9697707,2.149709,2.5848296,1.9683204,1.7079422,1.5920767,0.5788852,0.5863897,0.63243014,0.7467749,0.89817786,0.83724606,0.83032167,0.8398089,0.9071244,1.0711346,5,0,0.2
rec01,1.3420328,1.260231,1.2537005,0.3147674,0.3356524,0.4003159,0.5389967,0.8862852,2.979576,2.1659827,2.5286257,1.9528127,1.7090561,0.59957963,0.5964726,0.60693836,0.6594199,0.7864573,0.87861043,0.82505584,0.8207803,0.833696,0.90739876,1.0822091,5,0,0.2
rec01,1.3103279,1.2394326,1.2358242,0.30010068,0.32004204,0.38566467,0.5278603,0.8992129,2.9885116,2.1817605,2.4779792,1.9394758,1.7115682,0.6160177,0.6142242,0.6283605,0.6878166,0.828849,0.86051697,0.81395864,0.81158894,0.8285716,0.90882874,1.0951784,5,0,0.2
rec01,1.2798481,1.2193321,1.217802,0.28528062,0.30397213,0.37025017,0.5157085,0.9142047,2.9078407,2.1969867,2.4323285,1.9281791,1.7154429,0.6330452,0.6322509,0.65069944,0.71771586,0.87420636,0.84383214,0.8039325,0.80292374,0.82444465,0.91146004,1.1101946,5,0,0.2
rec01,1.2505203,1.1998986,1.1995578,0.271164,0.2874007,0.3539921,0.50238717,0.9318603,2.6779726,2.2116015,2.391183,1.9188042,1.7206476,0.65068144,0.65049666,0.67400193,0.7492212,0.9228174,0.8284959,0.794958,0.7947322,0.8213262,0.91534716,1.1274351,5,0,0.2
rec01,1.2222766,1.1811033,1.1815928,0.25812283,0.2702823,0.3367999,0.4877098,0.9530356,2.4940698,2.2255511,2.3541257,1.9112501,1.7271588,0.66894984,0.66922706,0.69832087,0.78244925,0.9012654,0.81445557,0.78702,0.7873463,0.8192323,0.9205519,1.1471037,5,0,0.2
rec01,1.1950549,1.1624526,1.1642153,0.24530962,0.2525671,0.31857023,0.4714485,0.97899646,2.3440158,2.2316504,2.320793,1.9054266,1.7349572,0.6875981,0.68864095,0.7237126,0.8175274,0.8804307,0.80166274,0.7797926,0.78097516,0.81818134,0.92714286,1.1694323,4,0,0.2
rec01,1.1707324,1.1436476,1.1467305,0.23513456,0.23300166,0.29652953,0.44611993,0.97353625,2.271456,2.2528524,2.306741,1.9084779,1.7468928,0.7064343,0.70833856,0.7482049,0.85018253,0.8645553,0.79135585,0.77304786,0.7751319,0.8160325,0.93035156,1.1840117,4,0,0.2
rec01,1.1509008,1.1247509,1.1279273,0.24647011,0.22202253,0.26815152,0.4041248,0.8866746,2.3189192,2.2612402,2.3283188,1.9278123,1.7655262,0.7253545,0.7274028,0.76874053,0.8740455,0.8564648,0.7843663,0.76654446,0.7687093,0.80967426,0.9236796,1.1766093,4,0,0.2
rec01,1.1315415,1.1058315,1.1089544,0.25844848,0.20979513,0.23911127,0.36035886,0.7906496,2.3794026,2.2681165,2.3538492,1.948951,1.7848854,0.7442737,0.74637556,0.7887916,0.8968433,0.84921557,0.77772737,0.7600563,0.7622028,0.802821,0.9158613,1.1666499,4,0,0.2
rec01,1.1121819,1.0869118,1.0899812,0.27042586,0.20092109,0.21007016,0.31659177,0.6946218,2.4398882,2.282756,2.3793802,1.9700902,1.8042454,0.7631935,0.7653487,0.80884284,0.91964126,0.84196633,0.7710883,0.7535682,0.7556963,0.7959679,0.90804374,1.1566917,4,0,0.2
rec01,1.0928227,1.0679924,1.0710084,1.1318731,0.20642336,0.19491133,0.2728254,0.5985958,2.5003734,2.2982166,2.4049103,1.9912289,1.8236045,0.7821129,0.7843218,0.8288942,0.94243926,0.83471745,0.76444966,0.7470804,0.74919015,0.789115,0.9002256,1.1467328,4,0,0.2
rec01,1.073463,1.0490726,1.0520352,1.1118215,0.21517847,0.1884665,0.22905894,0.5025694,2.560858,2.3125908,2.4304411,2.012368,1.8429638,0.80103266,0.80329454,0.8489453,0.96523726,0.82746834,0.75781083,0.7405925,0.7426839,0.782262,0.8924076,1.1367742,4,0,0.2
rec01,1.0541035,1.0301532,1.0330623,1.0917704,0.22393319,0.18541323,0.18529229,0.40654263,2.6213431,2.319538,2.4559722,2.033507,1.8623236,0.8199523,0.8222679,0.8689967,0.9880351,0.8202194,0.75117207,0.7341045,0.7361777,0.775409,0.88458943,1.126815,4,0,0.2
rec01,1.0347443,1.0112336,1.0140893,1.0717192,0.23268853,0.19266252,0.18381463,0.31051654,2.6818283,2.3431323,2.4815023,2.054646,1.8816831,0.8388719,0.8412409,0.8890479,0.9818665,0.81297034,0.7445333,0.7276165,0.7296713,0.76855594,0.87677157,1.1168562,4,0,0.2
rec01,1.0153843,0.9923136,0.9951159,1.0516676,1.19573,0.19991136,0.18440826,0.21448992,2.7423136,2.3501294,2.5070336,2.0757852,1.9010427,0.8577915,0.8602139,0.9090992,0.97311133,0.80572116,0.73789424,0.7211284,0.72316486,0.76170284,0.86895394,1.106898,4,0,0.2
rec01,0.99602515,0.9733943,0.9761431,1.0316166,1.172932,0.20716064,0.18972158,0.18717165,2.8027983,2.357127,2.5325642,2.096924,1.9204019,0.876711,0.8791868,0.92915034,0.9643564,0.7984722,0.73125565,0.7146406,0.7166587,0.7548499,0.8611357,1.087579,4,0,0.2
rec01,0.9766658,0.9544746,0.9571702,1.0115654,1.1501341,0.2144097,0.1963604,0.19200824,2.863283,2.3813903,2.5580945,2.118063,1.9397613,0.89563066,0.89815986,0.94920164,0.9556012,0.79122305,0.72461665,0.7081524,0.71015227,0.7479967,0.85331804,1.0664402,4,0,0.2
rec01,0.95730627,0.93555516,0.9381972,0.9915142,1.1273363,1.4360325,0.20299898,0.19838661,2.923768,2.388439,2.5836253,2.139202,1.9591209,0.9145501,0.9171329,0.96925277,0.94684625,0.78397405,0.7179779,0.7016646,0.70364606,0.74114376,0.84549993,1.0453012,8,0,0.2
rec01,0.9364449,0.9166774,0.9197628,0.9740412,1.1101456,1.4193879,0.2092819,0.20486416,0.20555368,2.403168,2.5916677,2.1523821,0.9536582,0.93352735,0.9366693,0.99194556,0.93182844,0.77388436,0.7102275,0.69523525,0.69757533,0.73620826,0.8419669,1.0203774,8,0,0.2
rec01,0.9121544,0.8975913,0.90307313,0.96365654,1.1082039,1.4368576,0.21448663,0.2110622,0.2123512,2.4202733,2.5558293,2.1456957,0.96791345,0.9524601,0.95827717,1.022564,0.90186024,0.7571388,0.7001409,0.68896276,0.69317037,0.7369138,0.85062265,0.98641205,8,0,0.2
rec01,0.8860534,0.8784384,0.88940257,0.9618843,1.1242448,1.4962234,2.4612741,0.21666174,0.21936598,2.4274185,2.4845166,2.1234195,0.980144,0.9717205,0.98384905,1.0640277,0.8611182,0.735964,0.6893402,0.6834158,0.6919458,0.7451445,0.87465054,0.9459819,8,0,0.2
rec01,0.8606979,0.8589221,0.8810956,0.9719324,1.1645197,1.616631,2.9289074,0.22121494,0.22692575,3.5319932,2.3911743,2.0928602,0.99319124,0.991142,1.0167289,1.0273637,0.8151808,0.7134817,0.68022,0.67881644,0.69634044,0.7642388,0.9203338,0.9027848,8,0,0.2
rec01,0.8391707,0.8395709,0.8796817,0.9947604,1.2315712,1.8161476,0.7004311,0.22479491,0.23520215,2.798845,2.3002577,2.0668595,1.0108854,1.0113673,1.0596857,0.9403967,0.7728739,0.6944535,0.6756566,0.6759787,0.70827395,0.79605025,0.9599153,0.8625166,8,0,0.2
rec01,0.8192372,0.82429683,0.8838212,1.0266385,1.3198354,2.1021624,0.32291767,0.22822659,0.24376018,2.6314273,2.231166,1.0430369,1.0308244,1.0371909,1.1120887,0.8734235,0.7405687,0.6820684,0.67408234,0.6782455,0.7272231,0.83862966,0.90004045,0.8289429,8,0,0.2
rec01,0.7992437,0.8140212,0.8940303,1.069555,1.4373015,2.5383267,0.29089245,0.2315809,0.25272146,2.5006719,2.180817,1.0536408,1.050829,1.0702581,1.037383,0.821956,0.71682143,0.6759116,0.6741081,0.6865719,0.75405407,0.8944221,0.849886,0.8013822,8,0,0.2
rec01,0.77949566,0.8087963,0.9111486,1.1265467,1.5973679,3.1244648,0.2798341,0.23603919,0.26225424,2.3988914,2.1468375,1.0707768,1.0710156,1.1112745,0.95376813,0.78278786,0.70053947,0.67573726,0.675888,0.7012943,0.7900422,0.90278226,0.80792594,0.7793217,8,0,0.2
rec01,0.76354736,0.8088474,0.9363979,1.2021439,1.8234762,1.043452,0.27475837,0.23970743,0.27257204,2.3207178,1.1098334,1.0904988,1.09621,1.1612465,0.89027035,0.75368905,0.69097126,0.67893374,0.68248945,0.7229805,0.83699024,0.84320337,0.7730365,0.75956935,8,0,0.2
rec01,0.7526,0.8146008,0.9715425,1.3033518,2.160611,0.6618128,0.27222216,0.24345812,0.2839548,2.2623575,1.1162894,1.109914,1.1285895,1.0900187,0.842139,0.7330926,0.6876326,0.68370545,0.69520956,0.7524824,0.89745617,0.7936103,0.7443975,0.74014616,7,0,0.2
rec01,0.7464364,0.82615536,1.0178858,1.4384378,2.6951377,0.5300595,0.2716378,0.2471693,0.29642865,2.2219496,1.1293343,1.1288863,1.1684464,1.0050036,0.80675787,0.7201617,0.6902814,0.6900075,0.7141877,0.7904627,0.8431862,0.7526802,0.72145075,0.7211645,7,0,0.2
rec01,0.7452788,0.8446928,1.0795808,1.6270154,3.1023135,0.4624875,0.2717479,0.2510112,0.31069034,2.1964436,1.1473083,1.1507177,1.2167604,0.9410444,0.78112847,0.71374154,0.6977831,0.6998567,0.7400232,0.83873606,0.78667533,0.7188105,0.7027387,0.7048271,7,0,0.2
rec01,0.7495256,0.8716459,1.1622279,1.9036578,1.2844251,0.42118078,0.27223116,0.25509372,0.32753757,1.175494,1.1650894,1.1793,1.1661581,0.8928173,0.76363397,0.7133105,0.70699686,0.7156203,0.7735992,0.86503357,0.7398703,0.69111294,0.6849958,0.69335085,7,0,0.2
rec01,0.75976694,0.9089615,1.2744024,2.3396769,0.8839986,0.39327994,0.27298588,0.25952446,2.290609,1.183816,1.1820589,1.215183,1.0761412,0.8569448,0.7532366,0.7186204,0.7175539,0.73766136,0.8161177,0.7977752,0.7012278,0.6690016,0.6680087,0.6867278,6,0,0.2
rec01,0.7725092,0.9505165,1.4064394,2.9906201,0.7240516,0.3784708,0.27629334,0.26178625,2.2626472,1.1981725,1.1988709,1.2556901,1.0170927,0.83509266,0.7507736,0.7293913,0.7298163,0.76440525,0.86435187,0.74635947,0.67099977,0.65188897,0.6522689,0.68318254,6,0,0.2
rec01,0.7822056,0.98580736,1.5330776,3.0578685,0.6569288,0.37545043,0.28327745,0.26635456,2.2521498,1.2134898,1.2182244,1.2954472,0.98500144,0.82624835,0.75519395,0.74224013,0.7451362,0.79237014,0.8447606,0.7086102,0.6476723,0.6365627,0.6390465,0.67955536,6,0,0.2
rec01,0.79504913,1.0282154,1.6945013,1.8879123,0.6098492,0.3733933,0.2898369,0.27156493,2.2480192,1.2280896,1.2403437,1.2374995,0.96057683,0.8215439,0.7626381,0.75588214,0.76342463,0.8241924,0.79036146,0.6759652,0.6274976,0.6219389,0.6281452,0.67814505,6,0,0.2
rec01,0.8122702,1.0812465,1.9130483,1.4018668,0.573339,0.37142926,0.29574445,0.27479908,1.2460417,1.2419761,1.2654744,1.1824731,0.94152474,0.8200445,0.77280545,0.770284,0.7848579,0.86064696,0.7432388,0.64734244,0.61005193,0.6080615,0.61956656,0.6793944,6,0,0.2
rec01,0.8345895,1.1478393,2.221698,1.1391375,0.54398483,0.36953288,0.3011032,0.28182855,1.2555913,1.2550822,1.2938387,1.1378607,0.92715293,0.8215492,0.78570604,0.7853875,0.80964017,0.8619608,0.70234376,0.62234604,0.5951938,0.59495246,0.6133249,0.68351334,6,0,0.2
rec01,0.8629476,1.232196,2.6850274,0.973612,0.5196936,0.3676839,0.3059958,0.2854283,1.2673922,1.2685797,1.3257096,1.1017703,0.916921,0.8259112,0.80116403,0.80191463,0.8380288,0.8012783,0.6668439,0.6006557,0.58265793,0.5829854,0.60946876,0.69077563,6,0,0.2
rec01,0.8985874,1.3405365,2.9825442,0.85908,0.4991092,0.36586544,0.31048906,0.2910446,1.2788486,1.2847327,1.3614243,1.0727811,0.9104078,0.8330318,0.8175558,0.82131714,0.87034583,0.74951786,0.63607275,0.58201265,0.5712,0.5733205,0.608083,0.7015351,5,0,0.2
rec01,0.9330575,1.4539361,2.965714,0.7904067,0.48654538,0.3663429,0.3157509,0.2974042,1.2895093,1.3022164,1.3966988,1.0562825,0.91040975,0.8438253,0.8345475,0.8427715,0.903919,0.70957154,0.6115796,0.56685066,0.56061816,0.5653954,0.60721946,0.7117081,5,0,0.2
rec01,0.9522197,1.5309298,2.023235,0.76371896,0.48515895,0.37103856,0.3227943,0.30333498,1.2994108,1.3179533,1.3805478,1.0558114,0.91852945,0.8581226,0.8518782,0.86403453,0.89239854,0.68248606,0.5937457,0.55469817,0.55066186,0.5576283,0.6036971,0.7149644,5,0,0.2
rec01,0.97209203,1.6148379,1.7768842,0.74249154,0.4844827,0.37569165,0.32962817,0.3106443,1.3088614,1.3339301,1.3640361,1.0577402,0.92805105,0.873397,0.86949366,0.8861471,0.84901476,0.6583676,0.57764524,0.5436269,0.5411975,0.55053824,0.6005961,0.71850294,5,0,0.2
rec01,0.9951443,1.7147762,1.5929239,0.72298825,0.48346353,0.37987685,0.3360627,0.31856996,0.31810123,1.350516,1.3498124,1.0606021,0.9382742,0.88943523,0.8873928,0.90934694,0.8095643,0.6361074,0.56273997,0.5334483,0.53222334,0.5442331,0.5983561,0.7233437,5,0,0.2
rec01,1.0218148,1.8350686,1.449765,0.7049186,0.48212937,0.38362297,0.34211656,0.32664022,0.3263491,1.3677424,1.3376541,1.0643512,0.9491927,0.9062542,0.9054465,0.933684,0.7736474,0.6155796,0.5489763,0.52414227,0.5236752,0.53871644,0.5970066,0.7295861,5,0,0.2
rec01,1.0526397,1.9817718,1.3347429,0.6880547,0.48050618,0.3869578,0.3478091,0.3344403,0.3344155,1.3856475,1.327373,1.0689504,0.96080405,0.92387336,0.92380494,0.95921385,0.7409196,0.5966719,0.53630614,0.51569206,0.5156538,0.5339943,0.59658504,0.7373496,5,0,0.2
rec01,1.0882672,2.1636145,1.2399439,0.6722103,0.47861433,0.3899039,0.35315558,0.34196547,0.34219432,1.4042691,1.3188049,1.074366,0.97310734,0.94227326,0.9429037,0.9859965,0.7110835,0.57928497,0.5246876,0.5080622,0.50840217,0.5300772,0.59713197,0.7467678,5,0,0.2
rec01,1.1294973,2.3936632,1.1601617,0.6572352,0.47647244,0.39248255,0.35817114,0.34904692,0.34973493,1.4236505,1.311809,1.0805707,0.9861055,0.960985,0.96287906,0.94332844,0.6838798,0.56332934,0.5140822,0.5009862,0.5019737,0.52697736,0.59869546,0.75799674,5,0,0.2
rec01,1.177324,2.6923974,1.0918337,0.6430034,0.4740947,0.3947119,0.36286828,0.35563812,0.35704634,1.4438376,1.3062618,1.0875401,0.9998025,0.9798812,0.98376125,0.8938977,0.65908206,0.5487248,0.50445604,0.49440467,0.49636236,0.5247104,0.6013298,0.7712174,5,0,0.2
rec01,1.2329981,2.8012342,1.0324359,0.62941235,0.4714951,0.39660877,0.36725947,0.36172578,0.36413792,1.4648811,1.302056,1.0952537,1.0142044,0.9989228,1.0055838,0.849672,0.63649225,0.53539973,0.49577993,0.48830974,0.49156588,0.52329636,0.6050962,0.78663933,5,0,0.2
rec01,1.2981161,2.7820044,0.9801366,0.6163733,0.46868357,0.3981868,0.3713543,0.3673118,0.3710167,1.4868368,1.2990997,1.1036962,1.0293219,1.0181167,1.028386,0.8100282,0.6159366,0.5232908,0.48802793,0.48271528,0.48758414,0.5227582,0.610066,0.8045088,5,0,0.2
rec01,1.374748,2.7626536,0.9335668,0.6038134,0.4656704,0.39945954,0.3751628,0.37239584,0.37769064,1.5097643,1.2973104,1.1128538,1.0451653,1.0374569,1.0522077,0.77444106,0.597261,0.51234,0.48117736,0.47762856,0.48441955,0.52312297,0.6163189,0.82511437,5,0,0.2
rec01,1.4656237,2.7432075,0.89168745,0.5916697,0.46246374,0.4004385,0.37869328,0.3769764,0.38416672,1.5337316,1.296618,1.1227168,1.0617493,1.0569357,1.0770952,0.7424677,0.58033115,0.5024976,0.47521022,0.47305572,0.4820786,0.5244228,0.6239466,0.8487973,5,0,0.2
rec01,1.5744209,2.7236705,0.8536938,0.5798863,0.4590691,0.4011327,0.38195243,0.3810486,0.3904503,1.5588102,1.2969598,1.1332781,1.07909,1.0765367,1.0507325,0.713729,0.5650262,0.4937175,0.47011024,0.46899778,0.4805694,0.5266939,0.6330536,0.87596357,4,0,0.2
rec01,1.6613201,1.8289903,0.8309853,0.5732441,0.45775735,0.4025123,0.385108,0.38461846,0.39582118,1.5784199,1.3046534,1.1471994,1.0975953,1.0962002,1.0055524,0.6936668,0.55391943,0.48706895,0.46600837,0.46541607,0.47897214,0.527766,0.63907015,0.89560974,4,0,0.2
rec01,1.6601897,2.6842115,0.8351456,0.5769911,0.46114805,0.40575084,0.38839498,0.3879349,0.3994207,0.4426804,1.3265175,1.1671644,1.1172392,1.1159158,0.99479455,0.6872905,0.5493024,0.4833153,0.4626416,0.4620936,0.475775,0.5245313,0.6356404,0.8919865,4,0,0.2
rec01,1.6483564,2.6644843,0.8422359,0.5818896,0.46506307,0.4091955,0.3916923,0.39122832,0.40281165,0.44643858,1.3499684,1.1877981,1.1369904,1.1356436,0.9877043,0.68239194,0.5453874,0.47987056,0.45934427,0.45880014,0.47238407,0.52079284,0.63110983,0.8856287,4,0,0.2
rec01,1.6365247,2.6447566,0.8493258,0.5867879,0.4689779,0.41264006,0.39498958,0.39452168,0.4062025,0.45019662,1.3734188,1.2084317,1.1567413,1.1553711,0.9806145,0.67749375,0.5414727,0.4764261,0.45604712,0.4555069,0.46899328,0.5170546,0.6265797,0.87927175,4,0,0.2
rec01,1.6246929,2.6250288,0.85641515,0.59168595,0.47289258,0.41608453,0.39828664,0.3978148,0.40959316,0.45395455,1.3968698,1.2290652,1.1764923,1.1750987,0.97352487,0.6725956,0.5375579,0.47298163,0.45275,0.45221367,0.46560258,0.5133164,0.6220498,0.87291485,4,0,0.2
rec01,1.6128613,2.6053016,0.863505,0.5965841,0.47680727,0.41952893,0.4015838,0.40110803,0.41298392,0.45771253,1.4203204,1.2496988,1.1962433,1.1948264,0.9664354,0.6676975,0.5336432,0.46953723,0.44945294,0.44892055,0.46221194,0.50957835,0.6175198,0.8665579,4,0,0.2
rec01,1.6010296,2.5855737,0.87059456,0.601482,0.48072183,0.42297328,0.4048808,0.40440118,0.41637447,0.4614703,1.4437712,1.2703326,1.2159945,1.2145541,0.95934576,0.66279936,0.5297285,0.46609268,0.44615576,0.4456272,0.45882112,0.50584006,0.6129899,0.8602011,5,0,0.2
rec01,1.6366363,2.5658715,0.86386764,0.60082257,0.48202738,0.42531264,0.4079983,0.4076719,0.42061523,0.46736443,1.4594263,1.287712,1.2352892,1.2343011,0.9373868,0.6519556,0.5230503,0.46150878,0.4427208,0.44236663,0.4564115,0.50441915,0.6133695,0.8658969,4,0,0.2
rec01,1.6998848,2.546269,0.8508462,0.5974004,0.48192018,0.42695346,0.41086423,0.41073522,0.42510635,0.47414568,1.471511,1.3036739,1.2545466,1.2541525,0.91013986,0.6390324,0.51550454,0.45670724,0.43949685,0.43935883,0.4547314,0.50438863,0.616477,0.87816507,4,0,0.2
rec01,1.6896901,2.5264719,0.8565891,0.6015042,0.48526418,0.42993826,0.41375315,0.41362414,0.42811507,0.47752458,1.4945897,1.3241885,1.2743392,1.2739419,0.9038989,0.63472515,0.5120653,0.4536836,0.43660456,0.4364685,0.45175973,0.50111556,0.6125167,0.8726253,4,0,0.2
rec01,1.6785316,2.5066783,0.8625584,0.6056957,0.48864576,0.43293422,0.41663632,0.4165065,0.4310984,0.48085222,1.5178115,1.3447627,1.2941387,1.2937353,0.8979295,0.6305338,0.50868386,0.45068774,0.43372148,0.4335863,0.4487765,0.4978065,0.6084718,0.86686265,4,0,0.2
rec01,1.6673738,2.4868848,0.8685272,0.6098872,0.49202716,0.43593013,0.4195194,0.41938868,0.43408152,0.48417965,0.5885472,1.365337,1.3139387,1.3135293,0.89196104,0.6263425,0.50530255,0.4476919,0.43083838,0.43070412,0.44579336,0.49449742,0.6044271,0.86110014,4,0,0.2
rec01,1.656216,2.4670918,0.87449604,0.61407846,0.49540854,0.43892592,0.42240247,0.4222708,0.43706462,0.48750705,0.59259206,1.3859106,1.3337375,1.3333219,0.8859922,0.62215096,0.501921,0.4446959,0.42795524,0.42782182,0.44281012,0.49118826,0.60038227,0.8553378,5,0,0.2
rec01,1.6903214,2.4471378,0.86918825,0.6136288,0.49660236,0.44101757,0.42519087,0.42510507,0.4408792,0.49285403,0.600848,1.4036784,1.353305,1.3530319,0.8688366,0.6133806,0.49640143,0.44083908,0.42501885,0.42493308,0.44070077,0.48988906,0.6006048,0.86027384,4,0,0.2
rec01,1.7533016,2.427315,0.85802215,0.6105842,0.49647313,0.44247013,0.4277766,0.42776185,0.44499224,0.49914986,0.61128247,1.4200605,1.372903,1.3728559,0.8470192,0.6027542,0.49010643,0.43679598,0.4222908,0.42227626,0.4392857,0.4899131,0.6034437,0.87164044,4,0,0.2
rec01,1.7430084,2.4074752,0.8630516,0.6141764,0.4994004,0.44508332,0.43030623,0.43029162,0.44762766,0.5021107,0.61491644,1.4405713,1.3927431,1.3926959,0.8419009,0.59912497,0.48716182,0.43417588,0.4197609,0.41974667,0.43665788,0.48698685,0.59984726,0.8664658,4,0,0.2
rec01,1.7325261,2.3876338,0.86811495,0.61777943,0.5023301,0.44769445,0.43283066,0.43281594,0.45025378,0.50505644,0.6185239,1.4610947,1.4125854,1.4125372,0.83683765,0.59552205,0.48423216,0.43156487,0.41723648,0.41722232,0.43403184,0.48405814,0.59623945,0.8612547,4,0,0.2
rec01,1.7220434,2.3677933,0.87317824,0.6213828,0.5052601,0.45030573,0.43535522,0.43534046,0.45287997,0.5080023,0.6221312,1.4816172,1.4324263,1.4323776,0.8317745,0.5919189,0.48130235,0.42895374,0.41471216,0.41469803,0.43140584,0.48112938,0.5926322,0.85604376,5,0,0.2
rec01,1.766209,2.3481169,0.8666831,0.6201349,0.5058958,0.4519905,0.4378359,0.43787262,0.45649728,0.5132993,0.63065296,1.4991516,1.452204,1.4523257,0.8159211,0.58381385,0.47626573,0.42551765,0.41219202,0.41222656,0.4297604,0.4804058,0.59371614,0.86283624,4,0,0.2
rec01,1.8447787,2.3287508,0.85450375,0.61631465,0.5052118,0.45304585,0.44012806,0.440253,0.4604696,0.51966256,0.6416225,1.5153044,1.4720982,1.4725162,0.7958437,0.57400584,0.47052985,0.421945,0.40991393,0.4100303,0.42885903,0.4810807,0.59757644,0.87661743,4,0,0.2
rec01,1.8356879,2.3088634,0.8585731,0.61928004,0.5076578,0.45524976,0.44227678,0.44240332,0.46272805,0.52222335,0.64480454,1.535746,1.4919825,1.4924095,0.7915763,0.57095623,0.46804404,0.41972554,0.40776485,0.40788147,0.4266202,0.4785798,0.59448886,0.8721403,4,0,0.2
rec01,1.826041,2.2889721,0.86273307,0.6222805,0.51011753,0.4574555,0.44441962,0.4445468,0.46496996,0.52475363,0.64792883,1.556215,1.5118681,1.510757,0.78741634,0.5679559,0.46558455,0.4175199,0.405622,0.4057381,0.42437834,0.4760649,0.59136474,0.86755717,4,0,0.2
rec01,1.8163935,2.26908,0.8668928,0.625281,0.51257706,0.4596612,0.4465624,0.4466902,0.46721196,0.5272838,0.65105295,1.5766846,1.5317545,1.5027763,0.7832566,0.5649556,0.46312493,0.41531423,0.40347922,0.40359464,0.4221365,0.47355,0.58824056,0.86297375,4,0,0.2
rec01,1.8067468,2.2491882,0.87105274,0.62828153,0.5150368,0.46186703,0.44870543,0.4488338,0.469454,0.5298141,0.654177,1.5971537,1.5516402,1.4947944,0.77909666,0.56195474,0.46066508,0.4131083,0.4013361,0.4014509,0.4198943,0.47103477,0.58511627,0.85839045,5,0,0.2
rec01,1.8612535,2.2297945,0.8639332,0.62645787,0.51521015,0.46317637,0.45081595,0.4510539,0.4728242,0.53496253,0.66279286,1.614589,1.5715017,1.4463087,0.76503825,0.55474746,0.45623422,0.41015664,0.39921114,0.39942178,0.4187001,0.4708291,0.5869232,0.86672086,4,0,0.2
rec01,1.9633273,2.2109344,0.8504062,0.6217065,0.5138924,0.46380344,0.45271003,0.45316657,0.47671533,0.54153794,0.67463684,1.6304085,1.5914117,1.3800228,0.74635077,0.5456348,0.4510127,0.40705267,0.39731658,0.3977172,0.4183845,0.47228944,0.59208876,0.8837738,4,0,0.2
rec01,1.9564292,2.1910076,0.8534357,0.6239952,0.5158221,0.46557176,0.45445433,0.45491645,0.47858086,0.54368955,0.6773724,1.6507541,1.6113355,1.3731323,0.7428588,0.5431464,0.4489889,0.40524924,0.39557216,0.39597443,0.4165727,0.47027102,0.58960766,0.88021183,4,0,0.2
rec01,1.9478389,2.1710627,0.8566975,0.62637985,0.51779336,0.46735093,0.45619097,0.45665488,0.48040977,0.54576725,0.679961,1.6711664,1.6312603,1.3671036,0.73959744,0.54076153,0.4470175,0.40346986,0.39383537,0.39423582,0.4147437,0.46820623,0.58701885,0.87634695,4,0,0.2
rec01,1.9392515,2.151117,0.8599587,0.62876445,0.5197646,0.46913013,0.45792773,0.45839334,0.48223868,0.54784495,0.68254936,1.6915792,1.6511858,1.3610755,0.73633623,0.53837717,0.44504642,0.40169084,0.39209884,0.39249754,0.41291496,0.4661418,0.5844307,0.87248325,4,0,0.2
rec01,1.930661,2.1311715,0.86322016,0.63114893,0.52173567,0.47090924,0.45966431,0.4601317,0.48406747,0.5499225,0.68513805,1.7119913,1.6711103,1.3550471,0.7330747,0.5359924,0.44307512,0.39991155,0.39036208,0.390759,0.411086,0.46407703,0.58184177,0.86861825,4,0,0.2
rec01,1.9220728,2.1112266,0.8664811,0.6335334,0.5237068,0.47268832,0.46140093,0.46187016,0.48589626,0.5520001,0.6877263,1.7324041,1.6910357,1.3490192,0.72981364,0.5336082,0.4411041,0.3981326,0.38862553,0.38902065,0.4092572,0.46201256,0.5792537,0.8647545,4,0,0.2
rec01,1.913483,2.091281,0.86974263,0.635918,0.52567804,0.47446743,0.46313757,0.46360853,0.48772517,0.5540778,0.69031507,1.7528167,1.7109609,1.3429909,0.72655225,0.5312234,0.43913287,0.3963533,0.3868887,0.38728216,0.40742826,0.45994785,0.576665,0.8608898,4,0,0.2
rec01,1.9048935,2.0713348,0.87300384,0.6383025,0.5276492,0.47624663,0.4648743,0.46534696,0.48955405,0.5561555,0.69290346,1.7732294,1.7308863,1.3369623,0.72329104,0.52883905,0.43716174,0.3945743,0.3851522,0.38554385,0.4055995,0.45788333,0.5740766,0.85702574,5,0,0.2
rec01,1.9766661,2.0522354,0.86473644,0.635664,0.52723736,0.47712517,0.46659487,0.46725065,0.492733,0.5613059,0.70197135,1.7903712,1.7508571,1.2950348,0.71064913,0.52239543,0.43328923,0.39210653,0.38345265,0.38399154,0.4049332,0.45833468,0.57688755,0.86769307,4,0,0.2
rec01,2.0293753,2.0337987,0.8507645,0.6303551,0.5254531,0.4773828,0.46806288,0.46908307,0.4964605,0.56792575,0.7143957,1.8060338,1.7707746,1.2396209,0.69428074,0.5144121,0.42880502,0.38957646,0.3819708,0.38280338,0.40514517,0.46041727,0.5829949,0.8871813,4,0,0.2
rec01,2.0094202,2.0138264,0.8528948,0.632015,0.52688015,0.4787105,0.46938482,0.47041404,0.49789923,0.56961143,0.716586,1.8263113,1.7907332,1.2345314,0.691658,0.5125351,0.42727548,0.38821214,0.38064942,0.3814841,0.40377328,0.45888904,0.58111817,0.88450074,4,0,0.2
rec01,1.9894626,1.9938248,0.85528153,0.63378406,0.5283548,0.48005033,0.4706986,0.47173068,0.4992928,0.5712058,0.7185917,1.8466653,1.8106909,1.230271,0.68927103,0.5107664,0.425801,0.3868724,0.37933582,0.38016763,0.40237987,0.45730546,0.57911295,0.88144857,4,0,0.2
rec01,1.9695046,1.973823,0.8576682,0.63555235,0.529829,0.48138982,0.47201198,0.47304702,0.500686,0.57279956,0.7205966,1.8670199,1.8306487,1.2260112,0.68688446,0.5089978,0.42432657,0.38553283,0.37802228,0.37885118,0.40098646,0.45572183,0.57710737,0.878396,4,0,0.2
rec01,1.949547,1.9538218,0.86005497,0.63732105,0.53130347,0.4827294,0.4733254,0.4743633,0.50207925,0.5743935,0.7226021,1.887374,1.8506064,1.2217507,0.68449765,0.5072292,0.42285228,0.38419327,0.37670887,0.37753496,0.39959332,0.4541385,0.5751022,0.8753441,4,0,0.2
rec01,1.9295895,1.9338206,0.86244166,0.6390894,0.53277767,0.4840689,0.47463885,0.47567958,0.50347245,0.5759874,0.72460747,1.9077275,1.8705636,1.2174909,0.6821109,0.50546044,0.42137775,0.38285354,0.37539524,0.37621832,0.39819983,0.45255485,0.57309717,0.8722921,4,0,0.2
rec01,1.9096318,1.9138192,0.86482847,0.64085805,0.53425217,0.48540848,0.47595242,0.47699603,0.50486577,0.5775814,0.7266124,1.9280816,1.8905213,1.213231,0.67972434,0.50369203,0.4199034,0.381514,0.37408185,0.37490207,0.39680666,0.45097145,0.5710919,0.86924005,4,0,0.2
rec01,1.8896745,1.8938178,0.86721516,0.6426271,0.5357269,0.48674846,0.47726616,0.47831267,0.5062593,0.5791758,0.7286179,1.1090052,1.9104791,1.2089704,0.6773374,0.50192314,0.41842884,0.38017428,0.37276816,0.37358552,0.39541325,0.4493878,0.5690864,0.8661875,4,0,0.2
rec01,1.869717,1.8738166,0.86960185,0.6443955,0.5372011,0.48808786,0.4785795,0.47962892,0.50765246,0.5807695,0.73062336,1.1120572,1.9304366,1.2047101,0.6749505,0.5001546,0.41695446,0.3788347,0.37145466,0.37226918,0.39401993,0.4478043,0.5670812,0.8631354,4,0,0.2
rec01,1.8497591,1.8538151,0.8719886,0.6461642,0.53867555,0.48942748,0.4798931,0.48094532,0.50904584,0.58236355,0.7326285,1.1151096,1.9503942,1.2004503,0.6725639,0.49838594,0.41548002,0.37749502,0.3701411,0.3709527,0.39262652,0.4462208,0.56507564,0.86008304,5,0,0.2
rec01,1.8297913,1.8348228,0.86409044,0.64337605,0.53799045,0.48998827,0.48117992,0.48250306,0.5118475,0.5871073,0.74131685,1.1368151,1.9703448,1.1680812,0.6623716,0.4931825,0.41239873,0.37560242,0.36885038,0.3698646,0.39235863,0.44703797,0.5682593,0.87142974,4,0,0.2
rec01,1.8098466,1.8166062,0.85035366,0.63783455,0.5359014,0.48994273,0.48225164,0.48405272,0.5153344,0.5935923,0.75396055,1.1704546,1.9903471,1.1229959,0.6485269,0.4864482,0.40870827,0.37365758,0.36779186,0.36916548,0.39302263,0.44959658,0.57501197,0.89265347,4,0,0.2
rec01,1.789865,1.7965802,0.85174036,0.63894254,0.53686965,0.49085513,0.48316497,0.48497772,0.5163465,0.5947949,0.7555543,1.1731446,2.0103254,1.1196176,0.64674443,0.4851631,0.40765688,0.372717,0.36687762,0.3682541,0.39207304,0.448537,0.5737091,0.89079434,4,0,0.2
rec01,1.7698843,1.7765247,0.85333776,0.6401409,0.53787655,0.4917758,0.4840712,0.48588738,0.517315,0.5959106,0.7569717,1.1753455,2.0303059,1.1168519,0.64514697,0.4839646,0.4066498,0.3717963,0.36597136,0.36734444,0.39110455,0.44742903,0.572292,0.8885941,4,0,0.2
rec01,1.7499042,1.7564695,0.854935,0.64133906,0.53888327,0.4926962,0.4849772,0.48679677,0.5182831,0.5970258,0.7583883,1.1775451,2.0502863,1.1140867,0.6435497,0.48276657,0.4056432,0.37087595,0.36506543,0.36643508,0.39013636,0.44632137,0.5708754,0.8863946,4,0,0.2
rec01,1.7299237,1.736414,0.8565322,0.64253724,0.5398901,0.49361676,0.4858833,0.48770627,0.5192515,0.59814125,0.7598054,1.1797448,2.0702667,1.1113216,0.6419524,0.48156798,0.40463603,0.36995515,0.36415905,0.3655253,0.3891678,0.44521332,0.56945837,0.8841945,4,0,0.2
rec01,1.7099434,1.7163588,0.8581298,0.64373565,0.54089713,0.49453744,0.48678952,0.48861587,0.52022004,0.5992569,0.76122266,1.1819452,2.0902467,1.1085556,0.64035463,0.48036975,0.40362924,0.36903462,0.36325294,0.3646158,0.38819948,0.44410548,0.56804127,0.881994,4,0,0.2
rec01,1.6899629,1.6963034,0.85972697,0.64493394,0.54190385,0.49545792,0.48769566,0.48952544,0.5211883,0.60037243,0.76263946,1.1841455,2.1102278,1.1057911,0.63875777,0.4791716,0.40262246,0.36811414,0.36234692,0.36370635,0.3872312,0.4429978,0.5666242,0.87979394,4,0,0.2
rec01,1.6699822,1.6762477,0.8613243,0.6461322,0.54291064,0.49637842,0.48860177,0.49043494,0.52215666,0.6014878,0.76405615,1.1863453,2.130208,1.1030259,0.6371604,0.47797337,0.40161568,0.36719367,0.36144084,0.3627969,0.3862629,0.44189006,0.56520724,0.8775938,4,0,0.2
rec01,1.6500019,1.6561923,0.86292166,0.6473304,0.5439175,0.49729893,0.48950788,0.49134448,0.52312505,0.6026033,0.7654733,1.1885452,2.1501887,1.1002605,0.6355629,0.47677508,0.40060887,0.3662731,0.36053476,0.3618874,0.3852946,0.44078234,0.5637904,0.8753938,4,0,0.2
rec01,1.6300216,1.636137,0.86451894,0.64852875,0.5449244,0.49821958,0.490414,0.49225396,0.52409333,0.6037187,0.7668902,1.1907457,2.170169,1.0974956,0.63396573,0.47557682,0.399602,0.36535254,0.35962862,0.36097786,0.38432616,0.43967447,0.5623737,0.87319404,4,0,0.2
rec01,1.610041,1.6160816,1.720611,0.6497269,0.54593116,0.49914005,0.4913201,0.49316347,0.5250617,0.6048342,0.7683071,1.1929456,2.1901493,1.0947297,0.6323682,0.47437847,0.3985951,0.36443192,0.3587224,0.36006826,0.38335776,0.4385665,0.5609565,0.8709938,5,0,0.2
rec01,1.5900303,1.5971617,1.7043419,0.64653087,0.5448602,0.49935004,0.4921926,0.4944001,0.52757764,0.6093648,0.7770262,1.2161988,2.2100904,1.0679559,0.6237411,0.4700415,0.39612472,0.36303788,0.35783425,0.35943916,0.38355988,0.4399258,0.5649145,0.8842025,5,0,0.2
rec01,1.5701212,1.5812068,0.8303562,0.63435376,0.53945595,0.49804342,0.49283308,0.49631274,0.53341454,0.62136877,0.8021249,1.2891172,2.2301977,0.99799955,0.6018978,0.45982212,0.39103374,0.36101517,0.3572383,0.35976058,0.38665438,0.44709885,0.58143395,0.9344385,4,0,0.2
rec01,1.5500413,1.5648344,0.81018883,0.6251677,0.53524524,0.49691263,0.4929469,0.4976515,0.5378244,0.6307107,0.82223845,1.350764,2.2500844,0.9513743,0.5868852,0.45285958,0.38772142,0.35995394,0.3570813,0.3604892,0.38958967,0.4533849,0.59561366,0.97846735,4,0,0.2
rec01,1.530037,1.5450679,1.6707746,0.6240517,0.5346654,0.4966638,0.49282137,0.4976628,0.53815264,0.63154656,0.82420164,1.3572507,2.2700794,0.9470964,0.5855847,0.45232227,0.38753372,0.35998955,0.3572045,0.36071363,0.3900613,0.45424393,0.59739405,0.9837568,5,0,0.2
rec01,1.5100715,1.5264044,1.6540344,0.6204899,0.5329298,0.49607104,0.49266183,0.49799043,0.5396298,0.6348906,0.8317094,1.3815306,2.2901309,0.9316225,0.58062047,0.45011172,0.3865945,0.35985664,0.3573835,0.3612489,0.39145467,0.4569753,0.60333335,1.0021812,5,0,0.2
rec01,1.4900416,1.5119665,1.650258,0.6089736,0.5274173,0.49439138,0.492229,0.49947184,0.5451558,0.6471217,0.8592124,1.4731328,2.3100748,0.88215184,0.5641788,0.44265804,0.38337526,0.35936898,0.35779718,0.3630619,0.3962692,0.4665459,0.6245542,1.0708073,5,0,0.2
rec01,1.4700847,1.4989629,0.75099987,0.59666866,0.5213636,0.49243152,0.49132153,0.5009731,0.5512002,0.6609109,0.8913023,2.3353539,1.9893748,0.8354102,0.54831004,0.43563223,0.3806514,0.35952786,0.3587174,0.3657641,0.40243533,0.4783822,0.65074664,1.1595653,4,0,0.2
rec01,1.4501154,1.48441,0.73311865,0.58748376,0.5165234,0.49048024,0.48990047,0.5014864,0.55498725,0.67040294,0.91478384,2.3527918,1.8126642,0.8071069,0.53891844,0.4318617,0.37969846,0.36055398,0.36012775,0.36864468,0.4079733,0.48841196,0.67246145,1.2353557,4,0,0.2
rec01,1.430181,1.4646431,1.6219002,0.58471066,0.5144172,0.488755,0.4882218,0.49998608,0.5536691,0.6693415,0.9144963,2.3725224,1.803571,0.8076741,0.54024374,0.43330833,0.38121635,0.36219898,0.36180392,0.37052193,0.4103045,0.49157506,0.6777012,1.2491915,5,0,0.2
rec01,1.410296,1.4468428,1.6062365,0.57959825,0.5112519,0.48685694,0.48650637,0.49911392,0.55409956,0.6720407,0.92299634,2.391651,1.7440265,0.7987906,0.5380643,0.43310708,0.38203496,0.3638057,0.36354378,0.37296477,0.41405296,0.49760702,0.689713,1.2893336,5,0,0.2
rec01,1.3903558,1.4349036,1.6054647,0.5683816,0.50530845,0.48454228,0.4844935,0.50001705,0.5594521,0.6854662,0.95724773,2.410004,1.5734758,0.7667135,0.5271094,0.42882314,0.38123664,0.36556935,0.36553255,0.37724456,0.422086,0.512209,0.7222088,1.3904959,4,0,0.2
rec01,1.3707922,1.421651,1.6005933,0.5589946,0.49997374,0.4820237,0.4821176,0.500005,0.5629405,0.6954614,0.9847692,2.4296358,1.4664751,0.7456378,0.52039033,0.4267775,0.3817166,0.3680122,0.36808392,0.38174048,0.42979,0.5256859,0.75184506,1.370525,4,0,0.2
rec01,1.3510419,1.4019725,1.5796012,0.55507904,0.4968192,0.47928417,0.4793941,0.49746588,0.5604944,0.6931204,0.98309565,2.4494808,1.4647279,0.7482415,0.5231,0.42939684,0.38432828,0.3707636,0.37084863,0.3848285,0.4335859,0.53082657,0.7605014,1.350732,4,0,0.2
rec01,1.3312299,1.3814135,1.5564373,0.55186427,0.49394193,0.47650844,0.47661775,0.49458495,0.5572484,0.68910646,0.97740203,2.4692888,1.4756933,0.7538431,0.5270161,0.43261138,0.38720536,0.37353918,0.3736249,0.3877095,0.43683192,0.5348005,0.76619476,1.3309244,4,0,0.2
rec01,1.3114175,1.3608544,1.5332735,0.5486491,0.4910641,0.47373226,0.4738409,0.49170336,0.5540018,0.6850915,0.97170746,2.489096,1.4866627,0.7594462,0.5309332,0.43582663,0.39008322,0.3763154,0.3764017,0.390591,0.4400785,0.5387752,0.771889,1.3111168,4,0,0.2
rec01,1.2916056,1.3402954,1.5101098,0.5454338,0.48818633,0.47095606,0.47106403,0.48882192,0.5507552,0.6810767,0.9660135,2.5089035,1.4976294,0.7650485,0.53484976,0.43904182,0.39296094,0.37909153,0.37917846,0.39347246,0.44332507,0.54275,0.77758366,1.2913094,4,0,0.2
rec01,1.2717936,1.3197366,1.4869461,0.5422187,0.48530862,0.46817988,0.4682873,0.48594037,0.5475087,0.67706203,0.96031934,2.5287108,1.5085953,0.77065074,0.5387665,0.44225696,0.3958386,0.38186765,0.3819552,0.39635393,0.4465716,0.54672456,0.783278,1.2715018,4,0,0.2
rec01,1.2519814,1.2991775,1.4637822,0.5390037,0.48243108,0.46540388,0.4655107,0.4830591,0.5442624,0.67304754,0.95462495,2.5485187,1.5195634,0.7762534,0.54268324,0.44547212,0.3987164,0.3846438,0.38473204,0.39923537,0.44981816,0.5506992,0.7889722,1.2516942,4,0,0.2
rec01,1.2321696,1.2786188,1.4406186,0.53578836,0.4795532,0.4626276,0.46273372,0.4801775,0.54101557,0.6690326,0.9489303,2.568326,1.5305309,0.7818561,0.5466002,0.4486874,0.40159416,0.38742003,0.38750893,0.40211692,0.45306474,0.55467385,0.79466695,1.2318867,4,0,0.2
rec01,1.2123574,1.2580597,1.417455,0.5325731,0.47667542,0.45985138,0.4599569,0.477296,0.537769,0.6650178,0.94323546,2.5881336,1.5414996,0.78745925,0.55051726,0.45190248,0.40447184,0.39019617,0.39028564,0.40499836,0.45631132,0.5586486,0.800361,1.2120792,4,0,0.2
rec01,1.1925452,1.2375008,1.394291,0.5293579,0.47379774,0.4570752,0.45718008,0.47441453,0.5345224,0.661003,0.93754166,2.6079407,1.5524654,0.7930612,0.5544337,0.45511767,0.4073495,0.3929723,0.39306247,0.40787983,0.4595578,0.5626232,0.8060556,1.1922716,4,0,0.2
rec01,1.1727332,1.2169418,1.3711276,0.5261427,0.47092003,0.45429912,0.45440334,0.47153312,0.5312759,0.6569884,0.93184716,2.6277485,1.5634327,0.79866374,0.5583505,0.4583329,0.4102273,0.39574847,0.3958392,0.41076133,0.46280438,0.5665978,0.81174994,1.1724641,4,0,0.2
rec01,1.1529211,1.1963831,1.347964,1.6669235,0.46804246,0.4515231,0.45162672,0.4686518,0.52802956,0.65297365,0.9261526,2.647556,1.5744001,0.8042664,0.5622673,0.46154797,0.41310492,0.39852452,0.398616,0.41364273,0.46605092,0.57057244,0.8174442,1.1526567,6,0,0.2
rec01,1.1333874,1.1788039,1.3320713,1.6537805,0.46401995,0.4487513,0.44892776,0.4669169,0.5276252,0.65505224,0.93539274,2.667567,1.533221,0.7974791,0.56126124,0.4624045,0.41501895,0.40136263,0.40152052,0.41761,0.4719074,0.57992065,0.83661526,1.1329421,6,0,0.2
rec01,1.1151004,1.1684476,1.3332267,1.6392438,0.4575232,0.44560632,0.44642115,0.46777824,0.53374624,0.6714458,0.9812065,2.6870484,1.3968147,0.7659488,0.55027723,0.45858124,0.41523454,0.40441912,0.40515864,0.42454165,0.48441225,0.6028199,0.89051455,1.1130651,6,0,0.2
rec01,1.0998638,1.166984,1.3539327,1.5959913,0.44915944,0.4418307,0.44443184,0.47155377,0.5470959,0.70453113,1.0749507,2.7066936,1.2186289,0.7186563,0.5325304,0.45183063,0.41496697,0.40819603,0.41059914,0.43565634,0.50544775,0.64317733,0.99311966,1.0934266,6,0,0.2
rec01,1.0879999,1.1707013,1.3846937,1.5542632,0.44072083,0.43708837,0.44278452,0.4764416,0.5635304,0.7465154,1.2049254,2.7261362,1.0758785,0.6766245,0.516768,0.4466012,0.4163746,0.41294274,0.41832423,0.450122,0.53239983,0.69595927,1.082929,1.0740032,6,0,0.2
rec01,1.0792259,1.1781867,1.422536,0.4572602,0.43258518,0.4313457,0.4413022,0.48176792,0.58168393,0.79541767,1.3759449,2.1328497,0.970057,0.64323694,0.50478303,0.44386286,0.41991073,0.41870755,0.42837232,0.46765244,0.56464094,0.76071185,1.057908,1.0548768,5,0,0.2
rec01,1.0712799,1.1844404,1.457016,0.4436452,0.42482066,0.4246111,0.4390635,0.48544228,0.5971574,0.8416624,1.5664074,1.7756329,0.9028663,0.6220164,0.49849635,0.44449297,0.42563248,0.42542255,0.4399025,0.48636988,0.59829843,0.82953453,1.0365285,1.0360172,5,0,0.2
rec01,1.0602814,1.1819472,1.4720861,0.43237633,0.41715744,0.41726205,0.43471855,0.48460186,0.6035597,0.86869746,1.7088219,1.6238388,0.87341905,0.61485755,0.49892184,0.44866315,0.43287095,0.43297946,0.45109347,0.50285584,0.62629443,0.8857625,1.0174499,1.017705,5,0,0.2
rec01,1.0495751,1.1792852,1.4867414,1.45079,0.4092006,0.40968767,0.42987394,0.4829993,0.6089241,0.8952423,1.8714795,1.5111783,0.8507369,0.6102536,0.50075114,0.45382664,0.44082692,0.44135162,0.46309796,0.5203292,0.65598637,0.94660586,0.99909955,1.0002887,6,0,0.2
rec01,1.0424168,1.18354,1.5168885,1.4311109,0.40074623,0.40211272,0.42584616,0.4834975,0.61967623,0.9387558,2.819154,1.3877983,0.8218642,0.6028761,0.5015436,0.4590108,0.44928265,0.4508146,0.4774225,0.54205614,0.69472826,1.0022161,0.9809754,0.9843205,6,0,0.2
rec01,1.0437443,1.2045712,1.5174977,0.39639112,0.39158994,0.395071,0.42433485,0.48971897,0.6446271,1.028327,2.836949,1.2357502,0.7794701,0.5893527,0.49990803,0.4640645,0.45844358,0.46251896,0.49677882,0.57332575,0.7546804,0.9750108,0.96320105,0.97176355,5,0,0.2
rec01,1.0456314,1.2254567,1.4791868,0.38391334,0.38155276,0.38766438,0.42178586,0.49432364,0.6679695,1.1257489,2.8542235,1.1363289,0.7509582,0.581752,0.50156856,0.4713713,0.4684729,0.47597682,0.5178714,0.6069337,0.8201369,0.9517434,0.9458913,0.96104234,5,0,0.2
rec01,1.0411777,1.2326374,1.4526601,1.3755856,0.37086135,0.3788533,0.41562772,0.49205634,0.6768719,1.1874063,2.6868758,1.0946431,0.74224037,0.5831921,0.5077656,0.4808252,0.47919834,0.48952493,0.5370419,0.63579696,0.8746011,0.93218905,0.92903507,0.9490555,6,0,0.2
rec01,1.0398928,1.2458978,1.4256083,1.3614542,0.35968018,0.37008578,0.4099192,0.49112508,0.690421,1.2759726,2.3393376,1.0518521,0.7323155,0.58417666,0.5141275,0.49099126,0.49037504,0.5045616,0.55886906,0.6695822,0.9412951,0.913592,0.9124453,0.9388423,6,0,0.2
rec01,1.0510727,1.2842329,1.3933032,1.347894,0.34792873,0.3627273,0.4079675,0.49846718,0.7273967,1.4849942,1.9498202,0.9861359,0.71188325,0.5804111,0.51906025,0.5021434,0.50222266,0.5235839,0.5888864,0.71951944,0.92644304,0.89624953,0.896391,0.9345176,6,0,0.2
rec01,1.0685738,1.335526,1.3634804,0.38154036,0.3361116,0.35558346,0.40680403,0.50843227,0.776793,1.8315732,1.6725644,0.92988,0.6941743,0.57821345,0.52559376,0.5147363,0.51600283,0.5458962,0.6245306,0.7805514,0.8992931,0.8807155,0.88288254,0.93403006,5,0,0.2
rec01,1.0847768,1.3845978,1.3388509,0.35979387,0.32404703,0.34721017,0.40332118,0.5147949,0.82322204,2.9342384,1.5097258,0.894978,0.6852791,0.5805797,0.5348559,0.5280986,0.5315926,0.569591,0.66164,0.84451044,0.87691045,0.86583173,0.87156034,0.9338599,5,0,0.2
rec01,1.0902505,1.4114836,1.319329,0.39511684,0.31210938,0.33610895,0.39433995,0.51052886,0.8434437,2.9485788,1.4420938,0.88506866,0.6877248,0.58861166,0.54673094,0.54203486,0.54760116,0.5915416,0.6940264,0.89851534,0.85886335,0.85148615,0.8602303,0.9292566,5,0,0.2
rec01,1.0956906,1.3899094,1.3008338,1.2936834,0.3002373,0.32429627,0.38417074,0.5044114,0.8620387,2.962563,1.3909173,0.87905824,0.6919925,0.5977485,0.5594404,0.5563653,0.56438947,0.6144148,0.72785336,0.89983433,0.8421664,0.83753717,0.84961647,0.9249232,6,0,0.2
rec01,1.1094126,1.3572724,1.2822956,1.2789965,0.28985232,0.3130718,0.3755933,0.5025848,0.9014299,2.976154,1.328033,0.86774725,0.69373155,0.6060199,0.57254297,0.5710699,0.5828952,0.6409003,0.76889026,0.874411,0.826108,0.82398236,0.84104484,0.92473906,6,0,0.2
rec01,1.1449696,1.3193508,1.2640702,1.2637682,0.2787723,0.30412835,0.37236428,0.5143644,1.0084707,2.5464263,1.2352815,0.84365714,0.6893009,0.61205715,0.586412,0.586272,0.6053711,0.6760349,0.8277139,0.84665316,0.8111784,0.8110029,0.83740485,0.9351534,6,0,0.2
rec01,1.1915311,1.2844107,1.2479823,0.360449,0.2691142,0.29512417,0.3697808,0.53068274,1.176771,2.1439424,1.1578792,0.82302225,0.68665665,0.6197295,0.6021525,0.60287225,0.63110214,0.71683407,0.8981694,0.82214653,0.79882866,0.7994335,0.837234,0.9509678,5,0,0.2
rec01,1.2372533,1.255025,1.2314672,0.34793878,0.25778612,0.28405422,0.3636613,0.54203314,1.3892947,1.9114091,1.1089207,0.8123691,0.68916583,0.63040996,0.6185766,0.6213655,0.658283,0.75918883,0.8772773,0.80248356,0.7874204,0.79027855,0.8379646,0.9664132,5,0,0.2
rec01,1.2640412,1.2314892,1.2145845,2.231445,0.24847904,0.26881713,0.34917492,0.5345568,1.5461144,1.8149524,1.0938218,0.81533486,0.69860035,0.6443127,0.6354681,0.640298,0.6835296,0.7961773,0.85387427,0.78752047,0.77671015,0.7817129,0.8354543,0.97313976,5,0,0.2
rec01,1.2912081,1.2091877,1.1974014,2.222089,0.23844409,0.25236905,0.33251,0.5231931,1.7498163,1.7425728,1.0840048,0.8203917,0.70924824,0.6590661,0.6526419,0.6599672,0.70960927,0.8344729,0.8329394,0.7740055,0.76646096,0.773972,0.83336383,0.98000365,5,0,0.2
rec01,1.2686127,1.1876119,1.1799642,2.2139223,0.2301869,0.23505385,0.31439608,0.5099074,2.0741985,1.6807872,1.0759866,0.8261258,0.7204246,0.67442554,0.67008257,0.6805126,0.7370598,0.87532824,0.8135185,0.7615755,0.7566714,0.76716673,0.83230305,0.98843837,5,0,0.2
rec01,1.2372303,1.1667243,1.1622798,2.206947,0.23744361,0.22342493,0.29463908,0.49425203,3.0527701,1.6277004,1.0695822,0.832506,0.7321273,0.6904057,0.6877756,0.70197374,0.7659664,0.9046083,0.7955358,0.75020075,0.7473429,0.7612976,0.8323057,0.9985603,5,0,0.2
rec01,1.207031,1.1464921,1.1443868,2.201175,0.24371588,0.21798491,0.2730087,0.47562677,3.0617304,1.581852,1.0646361,0.83950675,0.7443572,0.7070239,0.70572555,0.7243941,0.7964258,0.8784946,0.7789263,0.7398591,0.7385005,0.75637126,0.83341277,1.0105017,5,0,0.2
rec01,1.1779418,1.1268834,1.1262052,2.1966164,0.24909759,0.21213503,0.24922879,0.4532084,3.0700507,1.5420908,1.061014,0.84710544,0.7571161,0.7242986,0.7238629,0.74782115,0.8285435,0.85439235,0.76362884,0.730529,0.7300895,0.7523953,0.8356706,1.024415,5,0,0.2
rec01,1.1498957,1.1078691,1.1080021,2.1932902,0.25366992,0.2086997,0.222965,0.42583415,2.8816035,1.5075053,1.0586023,0.8552839,0.7704086,0.7422517,0.74234074,0.77230734,0.8624366,0.83217293,0.74959105,0.7221951,0.7222817,0.74938285,0.8391324,1.0404745,5,0,0.2
rec01,1.1228306,1.089266,1.0903143,2.191218,0.25750238,0.21043089,0.20620498,0.3918149,2.6904142,1.4773574,1.0573014,0.86402637,0.78423995,0.7607968,0.761529,0.79790914,0.8982342,0.81172127,0.73676485,0.7147409,0.7154287,0.7473492,0.8438582,1.0588799,5,0,0.2
rec01,1.0966896,1.0705051,1.073145,2.1904268,2.4862878,0.2153548,0.20532502,0.3485894,2.5327237,1.4510491,1.0570271,0.87332094,0.79861856,0.77955085,0.78147316,0.82468945,0.9360803,0.7929341,0.725108,0.7077953,0.7095407,0.7463145,0.8499169,1.079863,4,0,0.2
rec01,1.0731415,1.051608,1.055698,2.18447,2.4941008,0.22061937,0.20577109,0.2796458,2.456634,1.4452848,1.0651399,0.88653255,0.814845,0.79849446,0.80160004,0.8501819,0.9355413,0.77866536,0.7157003,0.7013393,0.704067,0.74413246,0.85258216,1.0930505,4,0,0.2
rec01,1.0533818,1.0325917,1.0367785,2.1655958,2.4739325,0.22735287,0.20906831,0.208446,2.5026278,1.4758705,1.0888456,0.9068847,0.83394957,0.8174902,0.82080483,0.8709642,0.9258264,0.7711081,0.7090927,0.6950977,0.6979161,0.7379682,0.84600705,1.0855597,4,0,0.2
rec01,1.0339869,1.0135796,1.0176892,2.14534,2.450792,0.23424278,0.21540415,0.2117955,2.5608308,1.5101942,1.1141684,0.92797565,0.85334456,0.83650255,0.83989424,0.8912201,0.917554,0.76421815,0.7027569,0.68888694,0.69168,0.7313743,0.8384481,1.0758604,4,0,0.2
rec01,1.0145919,0.9945675,0.9986,2.125084,2.4276524,2.4599347,0.22173975,0.21736342,2.619034,1.5445185,1.1394917,0.94906706,0.87273955,0.8555147,0.8589835,0.911476,0.90928185,0.75732845,0.6964213,0.6826764,0.6854443,0.72478074,0.8308893,1.0661613,8,0,0.2
rec01,0.9936836,0.9755334,0.9802098,2.1108232,2.417416,2.4578335,0.2277074,0.22354822,0.22461984,1.5609376,1.1570642,0.96663994,0.890792,0.87452126,0.8787135,0.9343968,0.8950372,0.747736,0.6890645,0.6764784,0.6797212,0.7201987,0.8277791,1.0663218,8,0,0.2
rec01,0.96942854,0.95643216,0.963982,2.1130812,2.4423277,2.4337962,0.23259816,0.22947985,0.23129131,1.533277,1.1552527,0.97549003,0.9057639,0.8936209,0.9006749,0.96515805,0.8668666,0.73197806,0.67965776,0.67054594,0.6758391,0.7214029,0.8370696,1.0440557,8,0,0.2
rec01,0.94353455,0.937156,0.9513044,2.136051,2.510147,2.431343,0.23637721,0.23477921,0.2383238,1.4706627,1.1372259,0.9773309,0.9191296,0.9129161,0.92669857,1.0066282,0.8287138,0.7121958,0.6697838,0.66525584,0.6752993,0.73028743,0.8620144,1.0032811,8,0,0.2
rec01,0.91870797,0.9176126,0.9447413,2.1880615,2.6374278,2.4231348,0.23933016,0.23904483,0.2461121,1.3871279,1.108547,0.9753233,0.93356353,0.9324504,0.9600178,0.98329306,0.7858156,0.69137716,0.66177493,0.6609858,0.6805276,0.7502295,0.9090842,0.95980316,8,0,0.2
rec01,0.8978151,0.89877844,1.9994003,2.2723053,2.8325586,2.4156008,0.24192508,0.24215563,0.2548401,1.3060069,1.0801296,0.9752754,0.9522411,0.9532628,1.003196,0.9026328,0.74652,0.6740512,0.6581313,0.6588373,0.6933481,0.78302,0.98226917,0.91953295,8,0,0.2
rec01,0.8779379,0.8849063,2.0389097,2.3813343,3.4296272,2.4192731,0.24427745,0.24511735,0.26401535,1.2440393,1.0607735,0.9814985,0.972288,0.9800053,1.0555614,0.8405307,0.71670777,0.6631459,0.65692294,0.662137,0.71318614,0.8267459,0.9578368,0.88625455,8,0,0.2
rec01,0.85786873,0.87644756,2.094694,2.5211546,2.4181843,2.857733,0.24662222,0.24809577,0.27378577,1.197076,1.0493435,0.9938521,0.9922027,1.0136906,0.9935522,0.7928988,0.6950463,0.65829074,0.6571982,0.6714309,0.74095666,0.8839825,0.9072734,0.85929483,8,0,0.2
rec01,0.8385495,1.9159797,2.1694727,2.700768,2.3981063,3.1411037,0.24898954,0.2511303,0.284356,1.1621188,1.0449876,1.0121346,1.0128161,1.0550475,0.9163629,0.75681806,0.6805374,0.6591423,0.65958613,0.68708885,0.7779938,0.9585531,0.86518544,0.8379851,8,0,0.2
rec01,0.8239612,1.9475038,2.2670987,3.4576669,2.3931222,0.80115193,0.25141197,0.2542649,0.29599097,1.1370819,1.0471561,1.0317913,1.0389645,1.1051037,0.8577781,0.7302532,0.6725014,0.66263384,0.6672406,0.7097164,0.8261843,0.901774,0.83045757,0.81827235,7,0,0.2
rec01,0.8145813,1.9931355,2.3904834,2.3808076,2.4269638,0.561632,0.25379568,0.25740615,1.2817512,1.121017,1.0556697,1.0511352,1.0717342,1.0461606,0.8141921,0.7120907,0.67058074,0.6677004,0.6807851,0.7397714,0.8872509,0.85203916,0.80237126,0.7989249,7,0,0.2
rec01,0.8104733,2.0554726,2.5481958,2.3612459,3.0699842,0.46754715,0.2562461,0.2606841,1.2406785,1.1122395,1.0701239,1.0700985,1.111773,0.96784747,0.7818117,0.70087594,0.67433673,0.6743207,0.70058197,0.7785925,0.9044445,0.8108134,0.78011143,0.780093,7,0,0.2
rec01,1.8778446,2.1377578,2.7516031,2.3484476,2.1527474,0.41698253,0.25882947,0.26418918,1.2099288,1.109989,1.0883272,1.092848,1.1600505,0.90875965,0.75853693,0.695882,0.6823017,0.6851357,0.72726685,0.8279281,0.84682643,0.77687865,0.76171756,0.7648814,7,0,0.2
rec01,1.9205749,2.2443154,3.3386955,2.330974,1.095449,0.38532537,0.26160088,0.26800567,1.1879132,1.1138746,1.1059616,1.1220367,1.12059,0.8643447,0.74301124,0.696702,0.6917526,0.7018072,0.76173484,0.89013624,0.79923356,0.7494201,0.7440963,0.75491166,6,0,0.2
rec01,1.9724536,2.3664231,2.3165162,2.6115952,0.8108283,0.36813375,0.2630987,0.27056703,1.1759211,1.1240553,1.122824,1.1563268,1.0450833,0.8350378,0.7357732,0.7033209,0.7025506,0.72351307,0.80225396,0.864417,0.76166004,0.728066,0.7272684,0.74896866,6,0,0.2
rec01,2.0180564,2.475047,2.3026621,3.0856714,0.70927185,0.36531767,0.26534197,0.26846695,1.1745114,1.1388811,1.1392908,1.1907419,1.0037138,0.82148117,0.73675907,0.71440834,0.71466535,0.74694014,0.8425282,0.8177431,0.73340654,0.7111577,0.71141344,1.7891002,6,0,0.2
rec01,2.0704417,2.5984063,2.2927856,3.0729585,0.6457503,0.36410367,0.2732751,0.26962173,1.1765097,1.1543126,1.1579385,1.2281698,0.97269267,0.8130775,0.7411235,0.72714055,0.7294246,0.77366567,0.8878033,0.77796036,0.70911396,0.69573516,0.69792056,1.8042618,6,0,0.2
rec01,2.1335926,3.3381805,2.2755282,1.9588795,0.599133,0.36285216,0.28033882,0.2712075,1.1809686,1.1690884,1.17924,1.2270223,0.94799477,0.80814034,0.74821043,0.7406836,0.74711484,0.80445194,0.8716305,0.7430419,0.68793947,0.68101895,0.6869323,1.8258079,5,0,0.2
rec01,2.1971605,3.260576,2.2545276,1.4803423,0.5711661,0.36432236,0.2880028,0.27626333,1.1885602,1.1830729,1.2019804,1.1801575,0.9329335,0.80831814,0.75842106,0.7549196,0.76698446,0.8371592,0.8242501,0.71415204,0.67006767,0.6669742,0.67763335,1.8486,5,0,0.2
rec01,2.2356997,2.2570703,2.2338557,1.3264443,0.5677194,0.37257707,0.29848313,0.2798113,1.19922,1.1964984,1.2224619,1.1635144,0.93212754,0.81552756,0.77148205,0.7697313,0.7864334,0.8659104,0.7914176,0.69241905,0.6550224,0.65353584,1.6894344,1.8601687,5,0,0.2
rec01,2.2730248,2.221389,2.2872353,1.2270606,0.5670914,0.3810745,0.30882922,0.28455094,1.2105418,1.2095397,1.2430004,1.152662,0.93413657,0.8243459,0.7855837,0.7849333,0.8066475,0.8953771,0.76228917,0.672696,0.6410646,0.6405339,1.6859581,1.8714105,5,0,0.2
rec01,2.3144422,2.196366,2.4641597,1.1481879,0.56605715,0.38878572,0.3185687,0.29004738,1.2222657,1.22214,1.2642368,1.1436526,0.937102,0.83392763,0.8005288,0.8004464,0.82801783,0.8971436,0.73511374,0.65417814,0.6279783,0.62791574,1.6840173,1.8847469,5,0,0.2
rec01,2.3603404,2.1807008,2.683791,1.0837531,0.56467235,0.39578372,0.32774428,0.29740053,0.36498186,1.234913,1.2862148,1.1363282,0.94098115,0.8442673,0.8163183,0.8166698,0.8505965,0.85710627,0.70976055,0.6368115,0.61573017,0.61584085,1.6836395,1.9002919,5,0,0.2
rec01,2.4111674,2.1650627,2.9624493,1.0298599,0.56298,0.40213093,0.33639356,0.30424756,0.33146662,1.2481338,1.3089811,1.1305518,0.94573766,0.8553623,0.83245134,0.83379406,0.8744422,0.82019174,0.6861129,0.6205474,0.60392594,0.6045945,1.6848596,1.9181752,5,0,0.2
rec01,2.467438,2.1400378,2.9513102,0.98389786,0.5610164,0.40788254,0.34455097,0.31408218,0.31173992,1.2618225,1.3325865,1.1262064,0.951341,0.86721355,0.8489499,0.8518462,0.8996184,0.786128,0.66406643,0.6053426,0.5925941,0.5941639,1.6877182,1.9385417,5,0,0.2
rec01,2.5297472,2.124061,2.9344685,0.9440493,0.5588105,0.41308677,0.35224706,0.32358202,0.32095525,1.2760009,1.3570862,1.1231873,0.95776355,0.87982297,0.8656797,0.87085545,0.92619574,0.7546755,0.64352626,0.5911576,0.5816547,1.5895336,1.6922624,1.9615542,5,0,0.2
rec01,3.189338,2.1084466,2.9175026,0.9090098,0.5563856,0.4177855,0.35950956,0.3327651,0.32950285,1.2906917,1.3825415,1.1214067,0.9649842,0.89319736,0.88273615,0.89085615,0.954252,0.72562426,0.62440866,0.57795787,0.5711886,1.5836859,1.6985484,1.9873997,5,0,0.2
rec01,3.1352434,2.0832996,2.9000838,0.8778199,0.553762,0.4220163,0.36636382,0.34164825,0.33890918,1.3059206,1.4090157,1.1207849,0.97298396,0.9073445,0.900005,0.911885,0.91693777,0.6987887,0.6066374,0.5657124,0.56113636,1.5793434,1.706639,2.0162854,5,0,0.2
rec01,3.0841534,2.0583794,2.8826807,0.84975684,0.5509557,0.42581186,0.37283233,0.35024664,0.34847704,1.3217142,1.436583,1.1212542,0.9817479,0.9222749,0.91761506,0.93398327,0.87209004,0.6740038,0.5901443,0.55439395,0.5522084,1.5765164,1.7166083,2.0484505,4,0,0.2
rec01,3.0441816,2.0423048,1.92574,0.8376588,0.5529448,0.43143195,0.37998956,0.35881248,0.35759327,1.3359406,1.4463567,1.1285117,0.9939518,0.93855804,0.9353689,0.95562357,0.8387681,0.65444404,0.5764104,0.54428655,0.6327731,1.5727524,1.7218976,2.0697973,4,0,0.2
rec01,3.023108,2.022627,1.9541972,0.85509646,0.56545156,0.44160897,0.38918406,0.367686,0.36649078,1.3455662,1.4707888,1.1486636,1.012302,0.9563836,0.95327467,0.97430897,0.8231795,0.64289045,0.56657076,0.53665596,1.5335615,1.5642674,1.7135668,2.061332,4,0,0.2
rec01,3.004075,1.9997118,2.8289075,0.8758067,0.57914656,0.4523045,0.39861,0.37659124,0.37536708,1.3546382,1.4809643,1.1702601,1.0313344,0.97436476,0.97119737,0.99262714,0.8094842,0.6321946,0.55714476,0.5306031,1.5246853,1.5552137,1.7036483,2.0494003,4,0,0.2
rec01,2.9850426,1.9811308,2.8109844,0.8965166,0.5928415,0.46300003,0.40803578,0.3854963,0.38424322,0.39272165,1.4908824,1.1918566,1.0503675,0.9923463,0.98912054,1.0109458,0.7957896,0.62149936,0.54771906,0.5241032,1.515809,1.5461596,1.6937305,2.0374699,4,0,0.2
rec01,2.9660091,1.9625496,2.793061,0.9172262,0.60653615,0.47369537,0.41746145,0.39440134,0.39311934,0.40179354,1.5008004,1.213453,1.0694004,1.0103279,1.0070436,1.0292643,0.78209484,0.6108039,0.53829336,0.5196842,1.5069331,1.5371058,1.6838126,2.025539,4,0,0.2
rec01,2.9469764,1.9439682,2.7751384,0.9379357,0.6202308,0.48439068,0.42688704,0.40330634,0.40199536,0.4108655,1.5107183,1.23505,1.0884333,1.0283093,1.0249667,1.047583,0.7684001,0.6001086,0.5288677,0.5142649,1.4980571,1.5280519,1.6738944,2.013608,4,0,0.2
rec01,2.9279435,1.9253873,2.757215,0.95864594,0.6339257,0.4950862,0.43631288,0.41221148,0.4108715,0.4199375,1.5206362,1.2566468,1.107466,1.0462909,1.0428897,1.0659013,0.75470537,0.58941317,0.51944196,0.51158404,1.4891809,1.5189983,1.6639766,2.0016778,4,0,0.2
rec01,2.9089105,1.9068056,2.7392917,0.9793551,0.6476204,0.5057815,0.44573855,0.42111647,0.41974756,0.42900944,1.5305543,1.2782434,1.1264988,1.0642725,1.0608128,1.0842198,0.7410104,0.57871765,0.5100162,0.50728774,1.4803048,1.5099443,1.6540592,1.9897472,4,0,0.2
rec01,2.8898776,1.8882244,2.721369,1.0000651,0.66131514,0.5164769,0.45516425,0.43002152,0.42862368,0.43808135,1.5404723,1.2998401,1.1455318,1.0822539,1.078736,1.0998734,0.72731555,0.5680222,0.5064284,0.55509317,1.4714285,1.5008903,1.6441408,1.9778159,4,0,0.2
rec01,2.8708446,1.8622111,2.7034457,1.020775,0.67501,0.52717245,0.46459,0.43892658,0.43749982,0.44715336,1.5503901,1.3214368,1.1645646,1.1002353,1.0966588,1.0791639,0.71362096,0.557327,0.5032788,1.4673223,1.4625525,1.4918365,1.6342231,1.9658852,4,0,0.2
rec01,2.8518121,1.8437039,2.6855228,1.0414846,0.68870467,0.5378678,0.4740157,0.44783163,0.44637588,0.45622525,1.5603083,1.3430334,1.1835974,1.1182169,1.114582,1.0584543,0.69992614,0.5466315,0.5076205,1.4584172,1.4536762,1.4827826,1.6243048,1.9539542,4,0,0.2
rec01,2.8327796,1.8251967,2.6676,1.0621942,0.7023995,0.5485632,0.48344138,0.45673668,0.455252,0.46529722,0.5086883,1.36463,1.2026303,1.1361984,1.1325049,1.0377448,0.6862315,0.5359362,0.5022944,1.4495122,1.4448005,1.4737291,1.614387,1.9420236,4,0,0.2
rec01,2.813747,1.8066895,2.649677,1.0829037,0.7160942,0.5592585,0.49286708,0.46564174,0.4641281,0.47436917,0.51860625,1.3862267,1.2216632,1.1541799,1.1504282,1.0170346,0.67253655,0.52524066,0.50521594,1.4406071,1.435924,1.4646751,1.6044692,1.9300927,4,0,0.2
rec01,2.7947137,1.7881819,2.6317537,1.1036135,0.7297889,0.569954,0.5022928,0.47454676,0.47300413,0.48344114,0.52852416,1.4078234,1.2406962,1.1721615,1.1683512,0.99632525,0.658842,0.51454544,0.50433594,1.431702,1.4270482,1.4556215,1.5945512,1.9181622,4,0,0.2
rec01,2.7756803,1.7696744,2.6138306,1.1243234,0.7434838,0.5806493,0.5117185,0.48345172,0.48188022,0.49251303,0.53844213,1.4294204,1.2597294,1.1901432,1.1862744,0.97561514,0.64514714,0.51307535,0.5251549,1.4227973,1.4181721,1.4465674,1.5846332,1.9062315,4,0,0.2
rec01,2.7566476,1.7446647,2.5959072,1.1450328,0.7571784,0.59134465,0.52114415,0.4923568,0.4907563,0.501585,0.5483601,1.4510167,1.2787617,1.2081245,1.2041973,0.95490545,0.63145244,0.5109733,0.5580366,1.413892,1.4092959,1.4375137,1.5747155,1.8943007,4,0,0.2
rec01,2.7376149,1.7262259,2.5779843,1.1657425,0.77087307,0.60204,0.53056985,0.50126183,0.49963242,0.5106569,0.55827796,1.4726138,1.2977952,1.2261064,1.2221208,0.9341959,0.6177576,0.5160249,0.59091836,1.4049869,1.4004197,1.4284596,1.5647969,1.8823696,4,0,0.2
rec01,2.718582,1.7077873,2.5600615,1.1864524,0.7845679,0.61273545,0.5399957,0.5101669,0.50850856,0.5197289,0.5681961,1.4942107,1.3168279,1.2440879,1.2400438,0.91348606,0.60406286,0.5238767,2.274989,1.396082,1.3915439,1.4194062,1.5548793,1.8704389,4,0,0.2
rec01,2.699549,1.6893486,2.5421383,1.207162,0.79826266,0.6234308,0.5494213,0.51907194,0.5173846,0.52880085,0.578114,1.5158072,1.3358607,1.2620692,1.2579666,0.89277667,0.5903682,0.52569497,2.3078723,1.3871771,1.3826678,1.4103521,1.5449612,1.858508,4,0,0.2
rec01,2.680516,1.6709099,2.524215,1.2278719,0.8119574,0.6341262,0.55884707,0.52797693,0.5262607,0.5378727,0.5880319,1.537404,1.3548938,1.280051,1.27589,0.8720666,0.5766734,0.535312,2.3407538,1.3782719,1.3737917,1.4012984,1.5350434,1.8465774,4,0,0.2
rec01,2.6614823,1.6524711,2.5062914,1.2485813,0.8256521,0.6448216,0.56827265,0.536882,0.5351367,0.5469447,0.59794986,1.5590003,1.3739265,1.2980322,1.2938129,0.85135716,0.5629787,0.5379904,2.3736348,1.3693668,1.3649155,1.3922447,1.5251253,1.8346462,4,0,0.2
rec01,2.6424496,1.6283848,2.4883687,1.2692912,0.839347,0.655517,0.57769847,0.5457871,0.5440129,0.5560167,0.60786784,1.5805972,1.3929592,1.3160138,1.3117359,0.8306473,0.54928386,0.55340004,2.4065166,1.3604617,1.3560394,1.3831909,1.5152072,1.8227156,4,0,0.2
rec01,2.6234174,1.6100101,2.470446,1.2900009,0.85304177,0.6662125,0.5871242,0.55469215,0.55288905,0.5650887,0.61778575,1.602194,1.4119924,1.3339955,1.3296591,0.80993724,0.5527096,0.57749134,2.439398,1.3515567,1.3471632,1.3741367,1.5052896,1.810785,4,0,0.2
rec01,2.604384,1.591635,2.4525228,1.3107105,0.86673623,0.6769077,0.59654975,0.5635971,0.561765,0.5741605,0.6277036,1.6237907,1.431025,1.351977,1.3475822,0.7892278,0.56373996,0.60158277,2.430007,1.3426517,1.3382874,1.3650832,1.4953713,1.798854,4,0,0.2
rec01,2.5853512,1.57326,2.4345994,1.3314203,0.8804313,0.68760335,0.60597557,0.5725022,0.57064116,0.5832325,0.63762164,1.6453875,1.450058,1.3699586,1.3655053,0.76851803,0.57052976,0.6256738,2.420581,1.3337467,1.3294109,1.3560292,1.4854536,1.7869232,4,0,0.2
rec01,2.5663188,1.5548851,2.4166765,1.35213,0.8941259,0.69829863,0.6154013,0.58140725,0.5795173,0.59230447,0.6475396,1.6669842,1.469091,1.38794,1.3834285,0.7478081,0.5827939,1.8595308,1.4023033,1.3248415,1.3205351,1.3469756,1.4755356,1.774993,4,0,0.2
rec01,2.5472858,1.5365105,2.3987536,1.3728398,0.90782076,0.708994,0.6248271,0.5903123,0.58839345,0.6013765,0.65745753,1.6885805,1.4881235,1.4059215,1.4013512,0.72709846,0.5909665,1.8836217,1.3928775,1.3159364,1.3116589,1.3379215,1.4656177,1.763062,4,0,0.2
rec01,2.5282528,1.5181354,2.3808303,1.3935497,0.9215156,0.7196895,0.6342527,0.5992174,0.59726954,0.61044836,0.66737556,1.7101775,1.5071566,1.4239031,1.4192744,0.7063888,0.60383475,1.907713,1.3834517,1.3070315,1.3027828,1.3288678,1.4556998,1.7511313,4,0,0.2
rec01,2.50922,1.4997607,2.3629072,1.414259,0.9352101,0.73038465,0.6436783,0.6081223,0.6061455,0.6195202,0.6772935,1.7317742,1.5261896,1.4418846,1.4371976,0.68567896,0.6132422,1.9318043,1.3740262,1.2981263,1.2939066,1.319814,1.4457818,1.7392,4,0,0.2
rec01,2.4901867,1.4813857,2.344984,1.4349688,0.9489049,0.7410801,0.6531041,0.6170274,0.6150217,0.62859225,0.68721145,0.82667965,1.5452223,1.4598659,1.4551206,0.6649694,0.6266743,1.9558953,1.3646003,1.2892213,1.2850304,1.31076,1.4358637,1.727269,4,0,0.2
rec01,2.4711545,1.4540097,2.3270612,1.4556785,0.9625998,0.7517757,0.66253,0.6259324,0.6238978,0.6376642,0.69712937,0.8386105,1.5642555,1.4778479,1.4723601,0.6442595,0.6402783,1.9799871,1.3551747,1.2803164,1.2761544,1.3017063,1.425946,1.715339,4,0,0.2
rec01,2.4521208,1.4357476,2.3091376,1.4763883,0.9762945,0.76247096,0.6719556,0.6348375,0.6327739,0.6467362,0.7070473,0.85054123,1.5832883,1.4958292,1.4250312,0.6511319,0.6603051,2.0040781,1.345749,1.2714113,1.2672783,1.2926526,1.4160278,1.703408,4,0,0.2
rec01,2.4330888,1.4174861,2.2912152,1.497098,0.9899894,0.7731665,0.68138134,0.6437427,0.64165014,0.65580827,0.7169652,0.86247194,1.6023209,1.5138105,1.3777025,0.6652463,0.68033195,2.0281694,1.3363231,1.2625061,1.2584021,1.2835985,1.4061098,1.6914771,4,0,0.2
rec01,2.4140556,1.3992242,2.2732918,1.5178076,1.0036839,0.78386164,0.690807,0.65264755,0.65052605,0.66488,0.72688305,0.87440276,1.6213541,1.5317922,1.3303738,0.67466336,0.7003586,2.0522602,1.3268976,1.2536012,1.2495261,1.2745447,1.3961922,1.6795466,4,0,0.2
rec01,2.3950229,1.377211,2.255369,2.305134,1.017379,0.7945574,0.70023286,0.66155285,0.6594023,0.6739522,0.73680127,0.8863336,1.6403868,1.5497738,1.2830441,0.6893807,0.7203857,2.0763516,1.3174717,1.2446961,1.24065,1.265491,1.386274,1.6676155,4,0,0.2
rec01,2.37599,1.3589989,2.2374458,2.2868154,1.0310738,0.8052528,0.7096585,0.6704578,0.6682784,0.68302405,0.74671894,0.89826405,1.6594201,1.5677555,1.2357157,0.7042401,0.7404123,2.1004431,1.3080461,1.2357911,1.231774,1.2564372,1.376356,1.655685,3,0,0.2
rec01,2.36291,1.339048,2.2195349,2.2652245,1.0534513,0.8198322,0.7209167,0.6797804,0.6771734,0.6911131,0.7540546,0.90457684,1.6826758,1.5866609,1.2333578,0.72000706,1.7600217,2.111352,1.3018762,1.2275898,1.2228818,1.2456485,1.3617182,1.6335404,3,0,0.2
rec01,2.365308,1.3232617,2.2017367,2.2367773,1.0992996,0.84491086,0.7372777,0.690583,0.68629175,0.6972143,0.75556594,0.89798063,1.7171257,1.6083734,1.3605149,0.73438114,1.7597184,2.0914032,1.303939,1.2213552,1.2137659,1.2310013,1.3362826,1.588155,3,0,0.2
rec01,2.3716152,1.3018165,1.8419667,2.2093215,1.1527573,0.8733901,0.7555646,0.7024977,0.69584143,0.7038601,0.75721514,0.8911033,1.7546334,1.6313974,1.5563451,0.7467538,1.7584667,2.069392,1.3075593,1.2157233,1.2042041,1.2163413,1.3104157,1.5421191,4,0,0.2
rec01,2.371039,1.2822884,1.5108978,2.1862116,1.1976593,0.8981996,0.7723496,0.71445674,0.7058434,0.7121434,0.7623774,0.8913365,1.7871984,1.6532359,1.6333046,0.7609298,1.7641214,2.0625293,1.3067687,1.2088175,1.194244,1.2033944,1.2898952,1.508086,4,0,0.2
rec01,2.353839,1.2651832,1.4146022,2.1684039,1.2175578,0.9122945,0.7840518,0.72495824,0.71603626,0.72228456,0.7729049,0.9031364,1.8072717,1.6710588,1.6431615,0.7735844,1.7815771,2.0817657,1.2965033,1.1987863,1.1840329,1.1928877,1.2780702,1.4934201,3,0,0.2
rec01,2.3416698,1.2490594,1.2745483,2.1493115,1.2458117,0.92999125,0.79752153,0.73607063,0.7262595,0.7320086,0.78195786,0.9116328,1.8312886,1.6901833,1.6440119,0.7870997,1.7955502,2.093313,1.2889577,1.1896402,1.1737838,1.1816853,1.2638028,1.4733839,3,0,0.2
rec01,2.3486657,1.2369113,1.2263821,2.1263936,1.3069474,0.9617253,0.8179426,0.74976534,0.73672545,0.7405346,0.7860289,0.908757,1.8705169,1.714605,1.6847847,0.8032433,1.7975341,2.078195,1.2916486,1.1839865,1.1633946,1.1683059,1.2412517,1.4350568,4,0,0.2
rec01,2.3509908,1.2242075,1.2082558,2.1059258,1.3626641,0.9911379,0.83744466,0.7635372,0.74755436,0.7501503,0.7923582,0.9103202,1.9062095,1.7379798,1.7015992,0.8173427,1.8035814,2.0720887,1.2911555,1.1772064,1.1525644,1.1556803,1.2216406,1.4035116,4,0,0.2
rec01,2.3343315,2.127235,1.1917057,2.0888927,1.3864135,1.0072807,0.8505506,0.7750918,0.7586083,0.76112133,0.80357766,0.9226673,1.9265618,1.7556419,1.7183051,0.8315376,1.8201644,2.089911,1.2798958,1.1663465,1.1415422,1.1444651,1.2092111,1.3884153,4,0,0.2
rec01,2.3156466,2.1102078,1.173098,2.0721726,2.1877615,1.021968,0.86295265,0.78639364,0.76966965,0.77221936,0.81529504,0.9361211,1.9452461,1.7726684,1.7349696,0.84605557,1.8378168,2.1101794,1.2674936,1.1550446,1.1304805,1.1333753,1.1974939,1.3749616,4,0,0.2
rec01,2.296963,2.093182,1.1563215,2.0554538,2.1701095,1.0366563,0.87535524,0.7976959,0.7807316,0.783318,0.82701236,0.9495749,1.9639298,1.7896947,1.7516336,0.86065865,1.8554691,2.130448,1.2550912,1.1437423,1.1194187,1.1222852,1.1857768,1.361508,4,0,0.2
rec01,2.2782784,2.076155,1.1395448,2.0387335,2.1524575,1.0513438,0.8877575,0.8089978,0.7917932,0.7944161,0.8387299,0.9630291,1.9826144,1.8067213,1.7343407,0.87537694,1.8731213,2.150716,1.2426889,1.1324402,1.1083571,1.1111951,1.174059,1.3480536,4,0,0.2
rec01,2.2595947,2.0591288,1.1199003,2.0220144,2.1348054,1.0660317,0.90015996,0.8203,0.8028549,0.80551445,0.8504475,0.97648317,2.0012982,1.8237478,1.5571576,0.8902435,1.8907733,2.1709845,1.2302862,1.1211382,1.0972953,1.1001049,1.1623417,1.3345997,4,0,0.2
rec01,2.24091,2.0421019,1.1020284,2.0052946,2.117153,1.0807195,0.9125625,0.8316022,0.81391686,0.81661314,0.8621649,0.9899372,2.0199819,1.8407742,1.3799771,0.90700865,1.9084258,2.1912525,1.2178838,1.1098361,1.0862336,1.089015,1.1506242,1.3211455,4,0,0.2
rec01,2.2222269,2.025076,1.0853124,1.9885751,2.0995007,1.0954071,0.9249648,0.8429041,0.82497835,0.8277114,0.87388235,1.003391,2.0386662,1.8578004,1.2027961,0.9212621,1.9260778,2.2115207,1.2054813,1.098534,1.0751718,1.0779248,1.1389068,1.3076919,4,0,0.2
rec01,2.2035422,2.0080492,1.0676602,1.9718554,2.0818486,1.1100953,0.9373675,0.8542066,0.8360405,0.8388101,0.8856,1.0168451,2.0573502,1.8748273,1.0256125,0.93798167,1.9437299,1.4129266,1.193079,1.0872318,1.0641099,1.0668347,1.127189,1.2942376,4,0,0.2
rec01,2.1848583,1.9910231,1.0509585,1.955136,2.0641963,1.1247829,0.94976985,0.86550844,0.847102,0.84990823,0.89731723,1.030299,2.0760343,1.8918536,0.9533517,0.95470124,1.961382,1.398239,1.1806767,1.0759298,1.0530483,1.0557446,1.1154716,1.2807837,4,0,0.2
rec01,2.1661742,1.9739964,1.0329065,1.9384167,2.046544,1.1394705,0.96217203,0.87681043,0.8581638,0.8610066,0.90903485,1.0437531,2.0947182,1.9088795,0.9700476,0.97142076,1.9790344,1.3835512,1.1682739,1.0646275,1.0419865,1.0446544,1.1037542,1.2673297,4,0,0.2
rec01,2.14749,1.9569697,1.0157773,1.9216965,2.028892,1.1541585,0.9745746,0.8881128,0.8692256,0.8721052,0.92075247,1.0572072,2.1134024,1.9259063,0.98570186,0.9881402,1.9966863,1.3688631,1.1558716,1.0533254,1.0309247,1.0335644,1.0920366,1.2538755,4,0,0.2
rec01,2.1288059,1.9399432,0.9991048,1.9049772,2.0112398,1.1688465,0.98697704,0.89941484,0.88028735,0.88320357,0.9324699,1.0706612,2.1320863,1.9429328,1.0017163,1.0048598,2.0143383,1.3541754,1.1434692,1.0420233,1.019863,1.0224744,1.0803195,1.2404219,4,0,0.2
rec01,2.110122,1.922917,0.9819518,1.8882577,1.9935876,1.1835345,0.9993796,0.9107171,0.89134926,0.89430195,0.9441876,1.0841153,2.1507702,1.9599594,1.018208,1.0215795,2.0319912,1.3394877,1.1310667,1.0307212,1.0088012,1.0113842,1.0686015,1.2269672,4,0,0.2
rec01,2.0914378,1.9058906,0.96528757,1.8715382,1.9759356,1.1982219,1.0117819,0.92201906,0.9024108,0.9054004,0.9559049,1.0975691,2.1694546,1.9769855,1.0348723,1.0382988,2.0496428,1.3247998,1.1186644,1.0194192,0.9977395,1.0002942,1.0568843,1.2135136,4,0,0.2
rec01,2.072754,1.8888643,0.9486231,1.8548186,1.9582832,1.2129099,1.0241843,0.9333212,0.9134725,0.91649866,0.96762234,1.1110231,2.1881387,1.9940121,1.0515351,1.0550184,2.0672956,1.310112,1.1062618,1.008117,0.9866777,0.9892041,1.0451666,1.2000594,8,0,0.2
rec01,2.0463486,1.8689431,0.93189764,1.8392696,1.9457611,1.2196344,1.032676,0.9431494,0.9244669,0.9281748,0.9819153,1.1303418,2.1985557,2.0079548,1.0681561,1.9760743,2.090487,1.2870722,1.0897759,0.9952993,0.97558373,0.97869086,1.0362086,1.1928419,8,0,0.2
rec01,2.0011137,1.8423074,0.91507375,1.8275387,1.9476541,1.2060304,1.0311364,0.9493066,0.93528455,0.9416967,1.0035895,1.1664069,2.1884246,2.014754,1.0849732,1.9986031,2.129961,1.2440393,1.0636332,0.9792245,0.9647606,0.97031605,1.0352178,1.2031667,4,0,0.2
rec01,1.9550964,1.8160219,0.89793557,1.8177447,1.9536988,1.1899421,1.028236,0.9550931,0.9455929,0.95599926,1.027501,1.2076598,2.1771202,2.0222523,1.1021147,2.0241709,2.1755624,1.201094,1.0378724,0.9640441,0.95445484,0.96361303,1.0371296,1.2189766,4,0,0.2
rec01,1.9271681,1.7957345,0.88054657,1.803252,1.9440948,1.1923351,1.0341377,0.9636093,0.9554724,0.9676433,1.0432212,1.2312069,2.1858027,2.0367305,1.1195079,2.0452569,2.205001,1.1787413,1.0223475,0.952623,0.94457895,0.9551718,1.031327,1.2171694,4,0,0.2
rec01,1.9082463,1.7781184,0.8630856,1.7855775,1.9250561,1.204481,1.0446824,0.973443,0.9652268,0.9775266,1.0538857,1.2438072,2.2046742,2.0543327,1.1369687,2.0629508,2.224095,1.1665431,1.0117779,0.9427823,0.9348248,0.9453126,1.0206901,1.2046292,4,0,0.2
rec01,1.8893454,1.7605064,0.8456225,1.7678919,1.9059894,1.2166473,1.0552346,0.9832757,0.9749765,0.98740065,1.0645307,1.2563702,2.2235754,2.0719445,1.1544323,2.0806367,2.2431624,1.1543767,1.0012257,0.93294966,0.92507535,0.9354538,1.0100452,1.192066,8,0,0.2
rec01,1.8648386,1.7412655,0.82815385,1.7522937,1.8930259,1.2221533,1.0625786,0.99216706,0.9847134,0.9984509,1.0786396,1.2765266,2.2357807,2.0876272,1.1719136,2.1008492,2.2695746,1.1360656,0.9877311,0.92227924,0.9153506,0.92665637,1.0026603,1.1866081,8,0,0.2
rec01,1.8264511,1.718421,0.8105564,1.7430094,1.8974316,1.2102821,1.0615577,0.9987692,0.9942172,1.0130606,1.1028126,1.3188072,2.2310784,2.0991158,1.1895162,2.1291518,1.4227502,1.1027128,0.96720684,0.90999895,0.90585154,0.9213142,1.004795,1.201592,4,0,0.2
rec01,1.7878797,1.6963073,0.7927381,1.7359062,1.9062554,1.1965431,1.0595883,1.0053179,1.0032555,1.0287863,1.1297435,1.3675107,2.2259057,1.2099551,1.2074727,2.161199,1.3593179,1.0697465,0.9473045,0.8987851,0.8969411,0.9177848,1.0100254,2.0189688,4,0,0.2
rec02,1.337638,1.3671168,1.5095346,0.4786708,0.41984943,0.39785382,0.39723822,0.40599242,0.44828618,0.53994244,0.73336643,1.3309537,2.3638506,1.0298202,0.68313456,0.54562545,0.47857636,0.45350406,0.4528023,0.46278104,0.51099056,0.6100467,0.8359466,1.3397113,4,0,0.2
rec02,1.3177106,1.3473516,1.48871,0.47613403,0.417921,0.3962704,0.3957082,0.40460935,0.4470593,0.5389266,0.73298496,1.3350075,2.3459876,1.0287876,0.68378764,0.546684,0.47984543,0.45498678,0.4543413,0.46456122,0.513301,0.61330706,0.84159267,1.3195828,4,0,0.2
rec02,1.2977706,1.3269631,1.4661822,0.47425362,0.41627055,0.3947054,0.39414552,0.4030115,0.44529375,0.53679824,0.73009,1.3297348,2.3540583,1.0323266,0.6861398,0.54856443,0.48149592,0.45655176,0.4559041,0.4661592,0.5150667,0.6154167,0.8444873,1.2996144,4,0,0.2
rec02,1.2778306,1.3065743,1.4436545,0.4723724,0.4146193,0.3931397,0.39258203,0.40141279,0.44352737,0.5346689,0.72719413,1.3244606,2.3621297,1.0358663,0.68849254,0.55044544,0.48314697,0.45811728,0.45746735,0.4677576,0.51683277,0.6175268,0.8473833,1.2796459,4,0,0.2
rec02,1.2578905,1.2861856,1.421127,0.4704914,0.41296825,0.39157423,0.39101872,0.39981437,0.44176126,0.5325399,0.72429854,1.3191863,2.3702013,1.0394061,0.69084525,0.5523264,0.48479792,0.4596827,0.45903063,0.469356,0.5185988,0.619637,0.8502786,1.2596776,4,0,0.2
rec02,1.2379504,1.265797,1.3985993,0.46861076,0.4113176,0.39000905,0.38945574,0.39821622,0.43999544,0.5304112,0.72140306,1.3139129,2.3782728,1.0429457,0.6931979,0.5542073,0.4864489,0.4612482,0.46059382,0.4709544,0.5203649,0.6217472,0.8531741,1.2397091,4,0,0.2
rec02,1.2180105,1.2454088,1.3760718,0.46672973,0.40966648,0.38844353,0.38789243,0.39661774,0.43822926,0.5282821,0.7185074,1.3086386,2.3863451,1.0464855,0.69555074,0.5560883,0.48809996,0.46281365,0.46215707,0.47255287,0.5221311,0.62385744,0.8560702,1.219741,4,0,0.2
rec02,1.1980705,1.2250203,1.3535442,0.46484876,0.40801552,0.38687807,0.38632923,0.39501938,0.43646318,0.526153,0.7156119,1.3033648,2.3944175,1.0500253,0.6979035,0.5579695,0.489751,0.4643792,0.4637204,0.47415137,0.52389735,0.62596786,0.8589657,1.1997727,4,0,0.2
rec02,1.1781306,1.2046316,1.3310164,0.46296775,0.40636453,0.38531265,0.384766,0.39342096,0.4346971,0.524024,0.71271604,1.2980908,2.4024897,1.0535651,0.7002561,0.55985034,0.49140194,0.46594462,0.46528354,0.47574967,0.5256633,0.62807786,0.86186117,1.1798042,4,0,0.2
rec02,1.1581907,1.1842432,1.3084891,0.46108678,0.40471345,0.3837471,0.38320267,0.39182255,0.43293092,0.52189493,0.7098202,1.2928163,2.4105616,1.0571048,0.70260876,0.5617312,0.4930529,0.46751004,0.4668468,0.47734806,0.5274294,0.63018805,0.86475724,1.1598362,4,0,0.2
rec02,1.1382508,1.1638546,1.2859613,1.5502166,0.4030625,0.38218164,0.38163942,0.39022407,0.43116477,0.51976585,0.7069248,1.2875435,2.4186327,1.0606444,0.7049614,0.5636122,0.49470392,0.46907544,0.46841004,0.47894645,0.5291955,0.63229823,0.86765313,1.1398678,6,0,0.2
rec02,1.118281,1.1454177,1.2686989,1.5342196,0.40033254,0.380443,0.38004124,0.38926348,0.43116,0.5213957,0.71270937,1.3154231,2.3342876,1.0476024,0.7011952,0.5625909,0.4950782,0.47048146,0.4699846,0.48138937,0.5332014,0.6389994,0.88138443,1.1194631,6,0,0.2
rec02,1.0983713,1.132406,1.2653708,1.5477577,0.39490372,0.37824494,0.3781834,0.38990203,0.4356836,0.5329131,0.7421166,1.4418716,2.0659409,0.9971135,0.68327737,0.5549166,0.49270695,0.47192234,0.4718456,0.48646644,0.5435864,0.6585827,0.9259114,1.09855,6,0,0.2
rec02,1.0795761,1.1264684,1.27827,1.5738752,0.38723144,0.3756625,0.3760276,0.39236072,0.44523472,0.5558992,0.80163014,1.7337947,1.7320894,0.9227688,0.6554065,0.5427009,0.48897284,0.47436428,0.47482538,0.49544975,0.562216,0.6946376,1.0122502,1.078528,6,0,0.2
rec02,1.0637792,1.1251949,1.2999945,1.5275437,0.37919083,0.37217736,0.37391087,0.39549813,0.45693895,0.58492947,0.882456,2.7413166,1.4756405,0.85598034,0.62967134,0.5319487,0.48686412,0.4778592,0.4800849,0.5078019,0.58668923,0.74232525,1.0788007,1.0588474,6,0,0.2
rec02,1.0509672,1.127247,1.3273777,1.4865023,0.3713084,0.36765835,0.3717679,0.39875108,0.46954507,0.61789185,0.98379624,2.760763,1.2935578,0.8027292,0.60909915,0.5242714,0.48715585,0.48236695,0.48775867,0.5231606,0.6160421,0.8002228,1.0496682,1.0393497,6,0,0.2
rec02,1.0411276,1.1328466,1.3612918,1.4501642,0.36353585,0.362141,0.36958486,0.4021437,0.48323834,0.6558655,1.1154245,2.64113,1.1590339,0.7600569,0.59296334,0.5194158,0.489788,0.48790884,0.4979378,0.54180396,0.6510619,0.8709212,1.0240875,1.0201585,6,0,0.2
rec02,1.0342908,1.142288,1.4028603,1.418053,0.35582918,0.35560736,0.36734885,0.4057061,0.49825355,0.70035493,1.2944692,2.0957873,1.0568032,0.7258417,0.5806984,0.5171857,0.49473298,0.49442443,0.51074946,0.5640801,0.692755,0.95802325,1.0018564,1.0012318,6,0,0.2
rec02,1.0305282,1.1559483,1.4535385,1.3897772,0.34809875,0.34842485,0.36504495,0.40947255,0.5148882,0.75351584,1.5539312,1.7522513,0.97754,0.6985257,0.57186145,0.51743406,0.5019284,0.50239855,0.5263633,0.5904242,0.7424244,1.0130463,0.9826888,0.98360944,6,0,0.2
rec02,1.0299623,1.1743147,1.4858953,1.3650223,0.33963427,0.34119377,0.36265776,0.41348535,0.53353,0.81855845,2.8355665,1.5181367,0.91523194,0.67694545,0.56610715,0.5200559,0.5103975,0.512741,0.54499686,0.62137973,0.8017809,0.9828278,0.9645747,0.9690037,6,0,0.2
rec02,1.0327675,1.1980047,1.4412465,0.33352384,0.33023986,0.3338835,0.36016855,0.41779357,0.5546894,0.90047616,2.8532925,1.3500293,0.8658312,0.6602157,0.563165,0.5249828,0.51981366,0.52554893,0.5669229,0.6576275,0.87310797,0.9563649,0.94694823,0.95739615,5,0,0.2
rec02,1.0353307,1.2199568,1.4052218,1.3260405,0.31993327,0.32598546,0.35625792,0.41978776,0.5726466,0.9855658,2.870334,1.2442207,0.8339773,0.65107286,0.5643306,0.5325317,0.5300896,0.5401173,0.590275,0.6955362,0.94880384,0.93405,0.9297667,0.9473552,6,0,0.2
rec02,1.0371405,1.239672,1.375134,1.3111053,0.30894363,0.3174237,0.35092917,0.41945806,0.587112,1.0734391,2.6580906,1.174469,0.81366616,0.6472094,0.5684283,0.54196113,0.54107827,0.5559302,0.614611,0.7346314,0.9592079,0.9145455,0.91305566,0.93811804,6,0,0.2
rec02,1.0494667,1.2803788,1.3422223,1.2972692,0.29726255,0.3095986,0.34781766,0.42434728,0.61745185,1.2502509,2.175702,1.0922043,0.78651154,0.6402785,0.57194716,0.55279183,0.5528404,0.5757826,0.6468614,0.78918886,0.9279261,0.8968485,0.8969272,0.9341486,6,0,0.2
rec02,1.066615,1.3309249,1.3128062,1.2847162,0.28533158,0.3015562,0.3445829,0.42997146,0.6547012,1.5259064,1.85751,1.026802,0.7648772,0.6362072,0.57767737,0.5653163,0.56657344,0.5987901,0.68422693,0.85378003,0.9005181,0.88124985,0.88320947,0.93343085,6,0,0.2
rec02,1.0889217,1.3928182,1.2867879,0.33930293,0.2740147,0.29319483,0.3410861,0.4362764,0.7009741,2.0115561,1.6356305,0.974984,0.74825096,0.6349263,0.5856586,0.57864815,0.5827678,0.6251926,0.72731334,0.93029183,0.8768385,0.8663424,0.8725104,0.9360281,5,0,0.2
rec02,1.1096138,1.353817,1.2650297,0.33422333,0.26246047,0.2834054,0.33503413,0.43855426,0.7438967,2.9479892,1.5009578,0.9429358,0.74027365,0.6382194,0.59636307,0.5927349,0.6007175,0.6528824,0.7718196,0.9175418,0.85736674,0.85215056,0.8636269,0.9386224,5,0,0.2
rec02,1.1182851,1.3238518,1.246948,1.2426912,0.2514129,0.27089956,0.323655,0.43037534,0.75938636,2.9615827,1.4447895,0.93431336,0.743308,0.6470062,0.60942096,0.6073406,0.61861527,0.67797923,0.81000984,0.89324456,0.84135514,0.8384829,0.85404897,0.93600565,6,0,0.2
rec02,1.1351812,1.2925535,1.2291561,1.2276922,0.23989518,0.25864276,0.3131767,0.42507628,0.7923809,2.9748142,1.380463,0.9214764,0.74432653,0.6552214,0.623084,0.62234193,0.6384407,0.7069949,0.8560621,0.8688561,0.82624036,0.8252563,0.84660405,0.9375104,6,0,0.2
rec02,1.1753198,1.2569413,1.2121853,1.2124563,0.23090833,0.24808624,0.30685648,0.4309496,0.88907105,2.5193849,1.2878518,0.8962077,0.73934484,0.66140395,0.6378532,0.63799584,0.6628517,0.7458479,0.9225349,0.84263515,0.81263137,0.8126842,0.8444802,0.9502184,6,0,0.2
rec02,1.2270067,1.2243189,1.1960552,1.1992956,0.21986386,0.23706457,0.30035847,0.43944138,1.0455782,2.1550856,1.2109265,0.87488407,0.7364641,0.6694431,0.6539888,0.65576065,0.69078535,0.79088193,0.9018073,0.8197394,0.8008155,0.8024491,0.84587294,0.9684422,5,0,0.2
rec02,1.27775,1.196708,1.1793418,2.1946907,0.21048622,0.22387536,0.29008308,0.4420406,1.2504252,1.9399062,1.1621119,0.8638092,0.73892957,0.680585,0.6707086,0.67542386,0.72010916,0.83738315,0.87017876,0.8014709,0.7898402,0.79451436,0.8480156,0.98611987,5,0,0.2
rec02,1.2645137,1.1741084,1.1622087,2.1855853,0.20269293,0.20690382,0.27218273,0.42696336,1.4032234,1.8493594,1.1467235,0.86648583,0.74839276,0.6948873,0.6878444,0.6952718,0.7469925,0.8775278,0.84814525,0.78750795,0.7795265,0.7868554,0.84655803,0.9944924,5,0,0.2
rec02,1.2321631,1.1525841,1.1447915,2.1771326,0.2100316,0.19554581,0.25193527,0.40722293,1.616876,1.7804629,1.136458,0.8712468,0.7590788,0.7100538,0.7052532,0.7158796,0.7747571,0.9191163,0.8284249,0.77492124,0.7696821,0.7799972,0.84553546,1.003083,5,0,0.2
rec02,1.201048,1.131726,1.1271281,2.1698453,0.21801215,0.18928574,0.22984369,0.38410324,2.0037549,1.7212031,1.1279978,0.87672216,0.7703279,0.7258662,0.7229171,0.7374265,0.80400854,0.9220599,0.81016374,0.76340276,0.76030135,0.774085,0.8455866,1.0133742,5,0,0.2
rec02,1.1710894,1.1115005,1.1092954,2.1637309,0.22494751,0.18476401,0.20565043,0.35675418,3.0489016,1.6699455,1.1211635,0.8828795,0.78213763,0.7423399,0.74086726,0.75995535,0.8348436,0.8954713,0.7932927,0.75292724,0.7514336,0.769123,0.84675014,1.025497,5,0,0.2
rec02,1.1422154,1.091876,1.0910976,2.1588001,0.2309384,0.18414,0.18244474,0.32401347,3.0571606,1.6254137,1.1158055,0.8896935,0.7945099,0.75949454,0.7589531,0.78351504,0.86736923,0.8709269,0.777751,0.74347436,0.7429443,0.76512027,0.8490741,1.0396061,5,0,0.2
rec02,1.1143597,1.0728235,1.0728724,2.1550696,0.23607089,0.19049312,0.18070132,0.2842454,3.0497699,1.5865903,1.1117924,0.89714074,0.8074461,0.7773497,0.7773852,0.8081571,0.90170383,0.8482953,0.76348424,0.7350265,0.7350599,0.7620882,0.8526107,1.0558745,5,0,0.2
rec02,1.087461,1.0542047,1.0551004,2.1525598,2.4211056,0.19623734,0.18116367,0.23508456,2.841328,1.5526575,1.1090127,0.9052022,0.8209516,0.79584557,0.7965217,0.8339395,0.9379784,0.82745904,0.750444,0.7274943,0.72811246,0.76004344,0.8574207,1.0745031,4,0,0.2
rec02,1.063294,1.0354937,1.0373368,2.1458716,2.4277697,0.20220475,0.18437044,0.18373263,2.733508,1.5411949,1.1150737,0.9173702,0.8364587,0.8145892,0.81603914,0.85874265,0.97155344,0.81139827,0.73983353,0.7204904,0.7217728,0.7571273,0.85932314,1.0864083,4,0,0.2
rec02,1.0434903,1.0166726,1.0186055,2.1274347,2.4084146,0.20961474,0.19123408,0.18737428,2.7791214,1.5718299,1.1387407,0.9376099,0.85539275,0.83340913,0.83499354,0.87916344,0.9752025,0.80295676,0.73254716,0.7137207,0.7150776,0.7504932,0.85234326,1.0786027,4,0,0.2
rec02,1.0241642,0.9978432,0.99974024,2.1075718,2.3859277,3.4799323,0.19815609,0.19306348,2.8419106,1.6073427,1.1644683,0.9587934,0.8747189,0.85223866,0.8538588,0.8990267,0.9659873,0.7953693,0.7256249,0.70697635,0.7083204,0.7434012,0.84428895,1.0684104,8,0,0.2
rec02,1.0029627,0.97899044,0.981397,2.0935292,2.376215,3.4729455,0.20467149,0.19977954,0.20027064,1.6216875,1.1812402,0.9759001,0.8923942,0.87106466,0.87320584,0.92146575,0.94959766,0.78452486,0.71739453,0.7002479,0.7019691,0.73832786,0.8407891,1.0682054,8,0,0.2
rec02,0.97783804,0.9600609,0.96470433,2.0946405,2.399234,2.4381852,0.21005313,0.20623435,0.20723185,1.5875132,1.1770836,0.98353744,0.9064753,0.8899954,0.8943,0.9510886,0.917592,0.7667135,0.70664,0.69379306,0.6971488,0.73875177,0.8492325,1.0609668,8,0,0.2
rec02,0.95061046,0.9409484,0.9510809,2.1149604,2.4622312,2.4249916,0.21423072,0.21205325,0.21433674,1.515752,1.1556346,0.9835779,0.9184905,0.90915483,0.918945,0.99063504,0.8745191,0.7443161,0.6950617,0.6879971,0.6954056,0.7465565,0.8727478,1.0179739,8,0,0.2
rec02,0.9240867,0.9215048,0.94309396,2.1625078,2.5806499,2.406191,0.2174341,0.21682659,0.22190645,1.4223069,1.1229572,0.97934186,0.9311531,0.92855144,0.9503057,1.0449978,0.82623905,0.720571,0.6851151,0.6832009,0.699207,0.76508224,0.91754895,0.9719095,8,0,0.2
rec02,0.90180266,0.9019806,1.9872615,2.2397795,2.7605386,2.4033895,0.22019216,0.22023559,0.23008145,1.333269,1.0910457,0.9771036,0.9482774,0.9484645,0.99086654,0.9558584,0.78220165,0.70051324,0.679847,0.67998105,0.71038026,0.7958806,0.98680073,0.9292162,8,0,0.2
rec02,0.88189757,0.8863462,2.021892,2.3401475,3.4464433,2.396002,0.2227791,0.22309837,0.2384842,1.2653744,1.0687782,0.9812799,0.96821135,0.9730955,1.0402042,0.8861892,0.7485056,0.68722713,0.6780747,0.68149525,0.7284939,0.83719766,0.9734991,0.89380103,8,0,0.2
rec02,0.86189145,0.876111,2.072084,2.4690175,2.383941,2.6544785,0.23209094,0.2258274,0.2472359,1.2137653,1.0548142,0.9916407,0.98819983,1.0045031,1.0560405,0.83261526,0.7235785,0.68024284,0.67788243,0.6890662,0.75438976,0.89141214,0.9199914,0.8648925,8,0,0.2
rec02,0.8419854,1.9062814,2.1402617,2.6343384,2.3782501,3.1208518,0.23940632,0.22845364,0.25649443,1.1750497,1.0481832,1.0081354,1.0081997,1.0433347,0.96884894,0.79175454,0.7062713,0.6792867,0.67933005,0.7030043,0.78929216,0.962001,0.87537736,0.8419318,8,0,0.2
rec02,0.82563317,1.9331852,2.2298641,2.847874,2.375821,1.0197386,0.24378003,0.23316684,0.2664577,1.1468792,1.0482446,1.0279003,1.0322498,1.0905166,0.90265584,0.76125914,0.69578874,0.682285,0.68517184,0.72384745,0.8349337,0.9173186,0.8384266,0.8221544,7,0,0.2
rec02,0.8145196,1.9737473,2.3435242,2.383892,2.3658319,0.62937367,0.24763626,0.23673551,0.27712533,1.1281308,1.0547636,1.0473869,1.0628121,1.1109992,0.8531405,0.73981524,0.6917018,0.6868642,0.69698,0.7520182,0.8929071,0.86457884,0.8083514,0.802698,7,0,0.2
rec02,0.8086158,2.0301595,2.488623,2.3483043,2.8100324,0.5023334,0.25083664,0.23980506,0.28893733,1.117017,1.0672685,1.0664171,1.1004158,1.0220424,0.81604075,0.72581434,0.6934888,0.69293565,0.7150273,0.7886987,0.92285013,0.8208147,0.7842582,0.7836326,7,0,0.2
rec02,1.8643962,2.1053698,2.6752646,2.3372061,3.0998437,0.43898696,0.25354192,0.24292754,0.30240595,1.1126277,1.0850141,1.0872443,1.1459345,0.9549087,0.7888773,0.7183793,0.7005502,0.7019901,0.7398842,0.8355143,0.8616527,0.78465104,0.76517713,0.7667499,7,0,0.2
rec02,1.9021355,2.2032337,3.354573,2.3182728,1.3074487,0.40094244,0.2559493,0.24615361,1.1969806,1.1144962,1.1028028,1.1142938,1.188669,0.9042251,0.7700805,0.7170143,0.7094913,0.716884,0.77236485,0.89462614,0.8110749,0.75518364,0.7472603,0.7550465,6,0,0.2
rec02,1.9472035,2.3122077,2.3038096,2.3974302,0.9115716,0.38170552,0.26064432,0.24766655,1.1833802,1.1230384,1.1199131,1.1460886,1.1043763,0.8711752,0.76062155,0.721837,0.7198281,0.73665243,0.81012595,0.88365275,0.7715156,0.73217547,0.7301379,0.7472032,6,0,0.2
rec02,1.9869969,2.4090426,2.2898104,2.8243587,0.77911556,0.3780794,0.2693062,0.2528989,1.180688,1.1365596,1.1363164,1.1784315,1.0570769,0.8548064,0.7598063,0.7314083,0.73125184,0.7583539,0.8478498,0.8343126,0.7415902,0.71387345,0.7137208,1.7772568,6,0,0.2
rec02,2.0339525,2.520648,2.270489,3.056546,0.69776154,0.37587377,0.2773414,0.25644487,1.1812555,1.1520976,1.1536026,1.2139117,1.0204918,0.8436027,0.76236296,0.74354523,0.7445165,0.7834391,0.8906728,0.79186755,0.71561,0.69794655,0.6988582,1.7890724,6,0,0.2
rec02,2.090879,2.6542604,2.25241,3.0434372,0.64010215,0.37381223,0.28447682,0.2611571,1.1843385,1.1672063,1.1734873,1.2533249,0.9910718,0.83615816,0.76774913,0.7566432,0.76071495,0.8124696,0.89439243,0.75459063,0.692855,0.6828327,0.68650734,1.8070179,6,0,0.2
rec02,2.1592658,3.2718835,2.235462,1.7039999,0.59678495,0.37185356,0.29086632,0.2682329,1.1898772,1.1816068,1.1961133,1.2371732,0.9677248,0.83214587,0.7759055,0.77051246,0.77997273,0.84584075,0.83950686,0.7218913,0.67310256,0.6684241,0.6766309,1.8315535,5,0,0.2
rec02,2.2268631,2.244883,2.2152755,1.3571461,0.57107437,0.372938,0.29807162,0.27104414,1.1984378,1.1953087,1.2199109,1.1937928,0.95414174,0.83334374,0.7871802,0.78512484,0.801285,0.88086724,0.7957186,0.6949775,0.6564788,0.65476465,1.6888644,1.8565993,5,0,0.2
rec02,2.2682304,2.2073913,2.2684836,1.2384641,0.5678283,0.38059315,0.30804825,0.2784889,0.35275295,1.2083734,1.2409613,1.1788918,0.9541832,0.8412326,0.8010169,0.8002413,0.82182246,0.91138613,0.76511043,0.6745412,0.6422943,0.6416724,1.6859715,1.8697115,5,0,0.2
rec02,2.3091588,2.1823587,2.4412603,1.1574923,0.56680644,0.38837776,0.31784847,0.28448698,0.32716596,1.2210274,1.2621195,1.1689998,0.95670986,0.8505838,0.8158523,0.8157214,0.843174,0.9014266,0.7377278,0.655893,0.6291113,0.62903035,1.6838543,1.8828019,5,0,0.2
rec02,2.3545222,2.1667202,2.6552844,1.0915385,0.5654307,0.39544174,0.32708016,0.29319575,0.2948476,1.2337507,1.2840139,1.1608621,0.96017927,0.86070794,0.8315593,0.8318517,0.8657418,0.861031,0.71218103,0.6384015,0.6167814,0.6168611,1.683298,1.8980879,5,0,0.2
rec02,2.4047577,2.1511078,2.9260933,1.0365096,0.56374574,0.40184897,0.3357818,0.30342358,0.30005398,1.2469203,1.3066919,1.1543344,0.9645526,0.8716017,0.84767544,0.84889185,0.88958406,0.8237903,0.6883525,0.6220181,0.60494316,0.60552245,1.6843337,1.9156951,5,0,0.2
rec02,2.4603765,2.126071,2.9361129,0.98967594,0.5617884,0.4076558,0.3439883,0.31329522,0.30864093,1.2605563,1.3302032,1.149293,0.96979684,0.88326466,0.86412317,0.8668682,0.9147636,0.7894281,0.6661356,0.6066982,0.59355026,1.5975053,1.6870037,1.9357697,5,0,0.2
rec02,2.5219593,2.1056526,2.9193845,0.94914305,0.5595876,0.4129105,0.3517305,0.3228301,0.31818527,1.2746795,1.3546028,1.1456294,0.975884,0.89569926,0.88084555,0.8858109,0.94135207,0.75770235,0.6454352,0.59240216,0.5825781,1.589989,1.6913527,1.9584688,5,0,0.2
rec02,3.1769521,2.0945287,2.9023213,0.9135561,0.5571673,0.41765603,0.35903648,0.33204663,0.3280427,1.2893119,1.3799502,1.1432483,0.98278916,0.9089096,0.8978322,0.90575206,0.96942645,0.7283989,0.62616545,0.5790946,0.57211167,1.5839713,1.6974365,1.9839787,5,0,0.2
rec02,3.1227198,2.0693698,2.8850112,0.88192165,0.554548,0.4219302,0.36593175,0.34096143,0.33807617,1.30448,1.4063103,1.1420679,0.9904932,0.92290413,0.9150943,0.9267294,0.92176706,0.7013303,0.60825,0.56674445,0.5623848,1.5794581,1.7053182,2.0125046,5,0,0.2
rec02,3.0714927,2.0444343,2.8676488,0.8534925,0.551746,0.42576632,0.37243932,0.34959033,0.34772184,1.3202107,1.4337547,1.1420174,0.9989803,0.9376932,0.93268156,0.9487839,0.876449,0.6763301,0.59162,0.55532426,0.5534635,1.5764599,1.715069,2.044281,4,0,0.2
rec02,3.0296133,2.0317643,1.935112,0.83827966,0.5526834,0.4309471,0.37940803,0.35813534,0.35688233,1.3348528,1.4580053,1.1476506,1.0103972,0.95374626,0.9504095,0.970722,0.8411518,0.65587634,0.5774367,0.545733,1.5431943,1.5730765,1.7215935,2.0683684,4,0,0.2
rec02,3.007496,2.0114331,1.9537723,0.85404825,0.5645886,0.44086355,0.3884878,0.36699545,0.36579323,1.3447616,1.4700304,1.1670222,1.0283768,0.971484,0.96830153,0.9895993,0.8245688,0.64387107,0.5673773,0.5403123,1.5342609,1.5648782,1.7140716,2.0616736,4,0,0.2
rec02,2.9884648,1.9892567,2.813886,0.8747866,0.57829815,0.45156878,0.39792117,0.37590703,0.37467566,0.38291654,1.4799533,1.1886201,1.0474087,0.98946303,0.98622155,1.0079134,0.81085885,0.63316554,0.5579437,0.5325298,1.5253782,1.5558182,1.7041485,2.0497382,4,0,0.2
rec02,2.9694326,1.9657314,2.7959654,0.895524,0.5920071,0.46227354,0.40735418,0.38481814,0.3835575,0.3919939,1.4898766,1.2102178,1.0664407,1.0074421,1.0041419,1.0262278,0.7971502,0.6224611,0.54851097,0.5295261,1.5164965,1.5467591,1.6942257,2.0378027,4,0,0.2
rec02,2.950401,1.9471514,2.7780454,0.9162614,0.605716,0.47297823,0.41678715,0.3937292,0.39243945,0.40107107,1.4997994,1.2318157,1.0854727,1.0254211,1.022062,1.0445421,0.7834411,0.61175627,0.539078,0.5222272,1.5076147,1.5377,1.6843027,2.0258682,4,0,0.2
rec02,2.9313688,1.9285716,2.7601254,0.9369984,0.6194246,0.48368278,0.4262199,0.40264016,0.40132117,0.41014817,1.509722,1.2534138,1.1045047,1.0434002,1.0399822,1.0628566,0.7697321,0.60105145,0.529645,0.51926744,1.4987328,1.528641,1.67438,2.013933,4,0,0.2
rec02,2.9123366,1.9099916,2.7422044,0.9577357,0.63313353,0.49438736,0.43565282,0.4115512,0.41020307,0.41922542,1.5196447,1.2750123,1.1235371,1.0613796,1.0579028,1.081171,0.7560233,0.5903469,0.52021205,0.5174262,1.4898509,1.5195818,1.6644568,2.0019977,4,0,0.2
rec02,2.893305,1.891412,2.724285,0.9784731,0.6468424,0.50509214,0.4450858,0.42046234,0.41908503,0.42830276,1.5295672,1.2966099,1.142569,1.0793587,1.0758228,1.0994854,0.7423145,0.57964224,0.5136771,0.5455262,1.4809692,1.5105226,1.6545343,1.9900626,4,0,0.2
rec02,2.8742733,1.8728323,2.7063649,0.99921,0.66055125,0.5157968,0.4545188,0.42937344,0.4279669,0.43738002,1.5394901,1.3182073,1.1616007,1.0973376,1.0937428,1.1021563,0.72860587,0.5689378,0.510375,0.6011351,1.4720875,1.501464,1.6446116,1.9781277,4,0,0.2
rec02,2.8552408,1.8542522,2.6884444,1.0199476,0.67426026,0.52650154,0.4639517,0.43828455,0.4368488,0.44645724,1.5494131,1.3398052,1.1806328,1.1153167,1.1116631,1.0814189,0.714897,0.55823296,0.5111517,1.4680144,1.4632055,1.4924045,1.6346889,1.9661922,4,0,0.2
rec02,2.836209,1.8283653,2.6705241,1.0406848,0.687969,0.53720623,0.47338465,0.44719562,0.4457307,0.4555345,0.4979688,1.3614037,1.1996652,1.133296,1.1295835,1.0606817,0.70118827,0.54752827,0.50902104,1.4591035,1.4543234,1.4833455,1.624766,1.9542572,4,0,0.2
rec02,2.817176,1.8098595,2.6526034,1.061422,0.70167774,0.5479108,0.48281753,0.45610663,0.4546125,0.46461168,0.5078914,1.3830017,1.2186973,1.1512753,1.147504,1.0399439,0.68747914,0.5368236,0.5117348,1.450192,1.4454414,1.4742862,1.6148428,1.942322,4,0,0.2
rec02,2.798145,1.7913538,2.6346836,1.0821593,0.7153866,0.55861545,0.4922504,0.46501765,0.46349433,0.4736888,0.5178143,1.4045993,1.2377291,1.1692541,1.165424,1.0192066,0.67377025,0.5261189,0.5112021,1.441281,1.4365596,1.4652271,1.6049199,1.9303871,4,0,0.2
rec02,2.7791126,1.7728479,2.6167636,1.1028965,0.72909546,0.56932,0.5016833,0.4739287,0.47237617,0.4827661,0.5277371,1.4261973,1.2567612,1.1872333,1.1833441,0.99846953,0.6600615,0.51541424,0.51952016,1.4323698,1.4276778,1.456168,1.5949974,1.9184519,4,0,0.2
rec02,2.7600806,1.7543418,2.5988433,1.123634,0.7428045,0.58002484,0.5111163,0.48283982,0.48125806,0.49184334,0.53766,1.4477953,1.2757932,1.2052125,1.2012645,0.97773236,0.6463526,0.5164564,0.55238044,1.4234588,1.4187958,1.447109,1.5850748,1.9065168,4,0,0.2
rec02,2.7410483,1.7358358,2.5809226,1.1443712,0.7565132,0.5907295,0.5205492,0.49175093,0.49014002,0.5009206,0.54758275,1.4693929,1.2948248,1.2231914,1.2191844,0.9569951,0.6326438,0.52212244,0.58524066,1.4145478,1.409914,1.4380498,1.5751514,1.8945818,4,0,0.2
rec02,2.722016,1.7109442,2.5630026,1.1651084,0.77022207,0.6014342,0.52998215,0.50066197,0.4990219,0.5099978,0.5575055,1.490991,1.3138571,1.2411706,1.2371049,0.936258,0.6189351,0.5246346,2.2684734,1.4056373,1.4010324,1.4289908,1.565229,1.8826467,4,0,0.2
rec02,2.702984,1.6925071,2.5450826,1.1858457,0.78393096,0.6121388,0.53941506,0.5095731,0.5079038,0.5190751,0.56742835,1.512589,1.3328892,1.2591497,1.2550248,0.9155207,0.60522616,0.5317422,2.301334,1.3967258,1.3921505,1.4199317,1.5553063,1.8707119,4,0,0.2
rec02,2.683952,1.6740702,2.527162,1.2065829,0.7976398,0.6228435,0.54884803,0.5184841,0.5167857,0.52815235,0.5773512,1.534187,1.3519214,1.2771289,1.2729454,0.8947834,0.59151727,0.53562534,2.3341935,1.3878148,1.3832686,1.4108725,1.5453836,1.8587767,4,0,0.2
rec02,2.6649208,1.655633,2.5092423,1.22732,0.8113485,0.6335481,0.5582808,0.5273951,0.5256674,0.5372295,0.5872739,1.5557845,1.3709533,1.295108,1.2908654,0.87404615,0.5778084,0.54411626,2.3670542,1.3789035,1.3743864,1.4018131,1.5354606,1.8468416,4,0,0.2
rec02,2.6458888,1.6371961,2.491322,1.2480571,0.82505727,0.6442526,0.56771374,0.5363061,0.53454924,0.5463066,0.59719664,1.5773826,1.3899853,1.3130873,1.3087857,0.85330844,0.5640993,0.54927474,2.3999147,1.3699924,1.3655045,1.3927542,1.525538,1.8349062,4,0,0.2
rec02,2.626856,1.6157124,2.4734018,1.2687947,0.8387663,0.6549574,0.57714677,0.5452172,0.5434312,0.5553839,0.6071195,1.5989805,1.4090173,1.3310665,1.3267059,0.8325715,0.5590585,0.5733549,2.4327745,1.3610815,1.3566227,1.3836949,1.5156146,1.822971,4,0,0.2
rec02,2.6078246,1.5947827,2.4554818,1.2895317,0.85247505,0.66566205,0.5865796,0.55412835,0.5523131,0.5644611,0.6170423,1.6205786,1.4280494,1.3490455,1.3446264,0.8118343,0.57119477,0.5974353,2.4403262,1.3521705,1.347741,1.374636,1.5056921,1.8110362,4,0,0.2
rec02,2.5887923,1.576409,2.437561,1.3102691,0.86618406,0.67636687,0.59601265,0.5630395,0.561195,0.5735385,0.62696505,1.6421764,1.4470811,1.3670242,1.3625463,0.79109687,0.57696897,0.6215158,2.4308934,1.3432593,1.3388591,1.365577,1.4957694,1.7991011,4,0,0.2
rec02,2.5697598,1.5580357,2.4196408,1.3310059,0.87989265,0.6870713,0.60544544,0.5719504,0.57007676,0.5826155,0.63688785,1.6637744,1.4661134,1.3850037,1.3804666,0.7703595,0.5838013,1.8550119,1.4124914,1.3343484,1.3299772,1.3565177,1.4858466,1.7871661,4,0,0.2
rec02,2.5507276,1.5396621,2.40172,1.3517437,0.8936016,0.6977761,0.6148784,0.58086145,0.5789587,0.59169286,0.6468108,1.6853727,1.4851458,1.4029831,1.3983871,0.7496225,0.5958258,1.8790923,1.4030588,1.3254373,1.3210955,1.3474588,1.4759238,1.7752312,4,0,0.2
rec02,2.5316963,1.5212896,2.3838005,1.3724811,0.90731066,0.7084809,0.62431145,0.5897727,0.58784074,0.6007702,0.6567337,1.70697,1.5041776,1.4209621,1.4163071,0.72888523,0.60847294,1.9031726,1.3936257,1.3165262,1.3122134,1.3383995,1.4660008,1.763296,4,0,0.2
rec02,2.5126643,1.5029159,2.3658805,1.393218,0.9210194,0.7191855,0.63374436,0.5986837,0.5967224,0.60984737,0.6666563,1.7285682,1.5232096,1.4389411,1.4342275,0.7081475,0.6172307,1.9272534,1.3841928,1.3076149,1.3033314,1.3293402,1.456078,1.7513609,4,0,0.2
rec02,2.4936318,1.4845426,2.3479598,1.4139558,0.9347284,0.7298902,0.6431773,0.6075948,0.6056044,0.6189247,0.6765792,0.81378484,1.5422415,1.4569201,1.4521474,0.68741035,0.6301966,1.951334,1.37476,1.298704,1.2944499,1.3202813,1.4461554,1.7394259,4,0,0.2
rec02,2.4746,1.4661694,2.3300397,1.4346926,0.9484371,0.7405947,0.6526101,0.61650574,0.6144862,0.6280018,0.68650204,0.8257197,1.5612738,1.4748995,1.4700681,0.6666732,0.640379,1.9754143,1.3653272,1.2897931,1.2855679,1.3112223,1.4362327,1.7274908,4,0,0.2
rec02,2.4555683,1.4406594,2.31212,1.4554302,0.96214604,0.7512995,0.66204315,0.6254169,0.6233681,0.63707906,0.6964247,0.8376549,1.5803057,1.4928786,1.4776818,0.6506566,0.65687,1.9994942,1.3558941,1.280882,1.276686,1.3021632,1.4263096,1.7155554,4,0,0.2
rec02,2.436536,1.4206142,2.2941992,1.476167,0.9758549,0.76200414,0.67147607,0.634328,0.63225,0.6461564,0.70634747,0.84959006,1.5993376,1.5108575,1.430242,0.6650801,0.67689073,2.0235753,1.346461,1.2719707,1.267804,1.2931038,1.4163868,1.7036203,4,0,0.2
rec02,2.4175038,1.402354,2.2762792,1.4969047,0.9895638,0.77270895,0.68090904,0.6432391,0.641132,0.6552336,0.7162704,0.8615252,1.6183698,1.5288368,1.3828018,0.6761939,0.6969111,2.0476558,1.3370283,1.2630597,1.258922,1.2840447,1.4064645,1.6916858,4,0,0.2
rec02,2.3984718,1.3840941,2.2583587,2.3080308,1.0032727,0.7834136,0.6903419,0.6521501,0.6500138,0.6643107,0.72619325,0.8734604,1.637402,1.546816,1.3353622,0.6906504,0.7169316,2.071736,1.3275956,1.2541488,1.2500405,1.2749858,1.3965412,1.6797503,3,0,0.2
rec02,2.3871741,1.364387,2.240444,2.285517,1.0278563,0.7989831,0.7020746,0.66159475,0.65892065,0.6721769,0.73291576,0.87842643,1.6617936,1.565979,1.3511325,0.70289993,0.73370206,2.0792158,1.3224095,1.2461628,1.2411261,1.2636826,1.3805015,1.6545817,3,0,0.2
rec02,2.3908246,1.3453465,2.2226653,2.2567713,1.0744548,0.8244022,0.71863085,0.67251223,0.6680857,0.6783373,0.7344474,0.8718132,1.6967671,1.5878761,1.506713,0.7197904,0.74469084,2.0584483,1.3251652,1.240122,1.2319596,1.2487915,1.354332,1.6076366,4,0,0.2
rec02,2.3898966,1.3251972,2.0893052,2.232062,1.1161082,0.8477333,0.7344627,0.6837427,0.67768633,0.68595695,0.73886657,0.87095135,1.7286313,1.6092565,1.5950022,0.73031473,0.7577067,2.049872,1.3248017,1.2333144,1.22239,1.2354866,1.3327458,1.5709966,4,0,0.2
rec02,2.372883,1.3079396,1.9625313,2.2137735,1.1350756,0.86123395,0.74569005,0.6938236,0.6874967,0.6956892,0.7489577,0.88222766,1.7488967,1.627252,1.5891261,0.743634,0.7760722,2.0691254,1.3151997,1.2237209,1.2125621,1.2252276,1.3209643,1.5560176,3,0,0.2
rec02,2.362033,1.288949,1.7433387,2.193514,1.1636394,0.8789277,0.75896454,0.70456624,0.6973587,0.70481646,0.757104,0.88918316,1.7737958,1.64666,1.6110635,0.7599991,1.7694484,2.078134,1.3089497,1.2151315,1.2027011,1.2138923,1.3057423,1.5335331,3,0,0.2
rec02,2.3688426,1.2708243,1.3704671,2.1689286,1.2207437,0.90898365,0.7783642,0.717512,0.70745814,0.7126756,0.76042813,0.8851901,1.8121698,1.6704953,1.6470882,0.77271366,1.7704135,2.0608816,1.3121423,1.2095594,1.192611,1.2000448,1.2819077,1.4922277,3,0,0.2
rec02,2.3795242,1.2595863,1.250808,2.1456878,1.2867094,0.9427378,0.7998229,0.7316776,0.71797323,0.7212242,0.76411724,0.8813099,1.8537816,1.6958387,1.6640754,0.78832567,0.8131594,2.0426478,1.3168302,1.2046355,1.1820724,1.1863837,1.2580444,1.4509907,4,0,0.2
rec02,2.3853624,1.2478111,1.23535,2.1251752,1.3476657,0.9743024,0.8204448,0.74599546,0.7289287,0.7309536,0.77019113,0.8820818,1.891839,1.7201684,1.6808147,0.80158865,0.82498825,2.033965,1.3181554,1.1985424,1.1711222,1.1735804,1.2374164,1.4171839,4,0,0.2
rec02,2.3704844,2.153401,1.2144344,2.1080883,1.3749471,0.9919818,0.8343816,0.75797105,0.74012774,0.74202156,0.7812143,0.8937739,1.9135303,1.7382938,1.6973727,0.8150471,1.791599,2.0497382,1.3076252,1.187876,1.1599122,1.1621277,1.224303,1.4007043,4,0,0.2
rec02,2.3518302,2.1364558,1.195726,2.0914996,1.3958198,1.007041,0.8470482,0.76947767,0.75136346,0.75328606,0.79307336,0.9073418,1.9321834,1.755239,1.7139189,0.8280138,1.8090641,2.0697193,1.2949586,1.1763695,1.1486766,1.1508706,1.2124437,1.3871362,4,0,0.2
rec02,2.3331776,2.119511,1.1790465,2.074911,2.1845057,1.0221002,0.859715,0.78098446,0.7625994,0.7645507,0.8049334,0.9209106,1.9508363,1.7721835,1.7304646,0.84243405,1.826528,2.0897,1.2822918,1.1648628,1.1374408,1.1396133,1.2005838,1.3735676,4,0,0.2
rec02,2.3145242,2.1025658,1.1623666,2.058323,2.1670413,1.0371596,0.8723818,0.79249126,0.77383524,0.7758153,0.8167929,0.9344791,1.9694899,1.7891289,1.7470111,0.85692436,1.8439928,2.1096811,1.2696248,1.1533557,1.1262047,1.1283557,1.188724,1.359999,4,0,0.2
rec02,2.2958713,2.085621,1.1424619,2.0417347,2.1495767,1.052219,0.8850487,0.8039982,0.78507125,0.78708017,0.8286527,0.9480473,1.9881427,1.8060738,1.7635567,0.8715116,1.8614572,2.1296618,1.2569582,1.141849,1.1149688,1.1170985,1.1768644,1.3464307,4,0,0.2
rec02,2.2772179,2.0686762,1.1258291,2.0251462,2.132112,1.0672785,0.8977156,0.8155051,0.7963073,0.7983449,0.8405125,0.9616161,2.0067964,1.8230187,1.780103,0.886227,1.8789213,2.149642,1.244291,1.130342,1.1037326,1.1058408,1.1650045,1.3328618,4,0,0.2
rec02,2.2585647,2.051731,1.10791,2.0085578,2.1146483,1.0823379,0.9103824,0.8270118,0.8075432,0.80960953,0.85237235,0.9751846,2.0254495,1.8399636,1.7813493,0.90288854,1.8963863,2.1696236,1.2316242,1.1188351,1.0924968,1.0945834,1.1531448,1.3192933,4,0,0.2
rec02,2.2399118,2.0347865,1.0902042,1.9919698,2.0971837,1.0973977,0.9230495,0.83851904,0.81877947,0.8208745,0.8642322,0.98875326,2.0441022,1.8569083,1.564909,0.9177329,1.9138507,2.189604,1.2189573,1.1073282,1.0812606,1.0833257,1.1412852,1.3057251,4,0,0.2
rec02,2.2212586,2.0178416,1.0736074,1.9753811,2.079719,1.112457,0.9357164,0.85002583,0.8300154,0.8321392,0.8760919,1.002322,2.0627553,1.8738533,1.3484715,0.9327813,1.9313151,2.2095847,1.2062906,1.0958214,1.0700246,1.0720683,1.1294254,1.2921562,4,0,0.2
rec02,2.2026055,2.0008965,1.0570103,1.9587929,2.0622544,1.1275164,0.9483832,0.8615327,0.8412514,0.84340394,0.88795173,1.0158905,2.0814083,1.8907981,1.1320329,0.9486891,1.94878,1.4190785,1.1936234,1.0843145,1.0587887,1.0608109,1.1175653,1.2785877,4,0,0.2
rec02,2.1839526,1.9839519,1.0387996,1.9422046,2.04479,1.1425761,0.9610504,0.8730397,0.8524876,0.85466886,0.8998114,1.0294589,2.1000612,1.9077426,0.9641123,0.9652774,1.9662441,1.404019,1.1809565,1.0728076,1.0475527,1.0495534,1.1057057,1.2650192,4,0,0.2
rec02,2.1652997,1.9670072,1.0216544,1.9256163,2.0273256,1.1576352,0.973717,0.88454634,0.86372346,0.8659334,0.91167116,1.0430275,2.118714,1.9246873,0.9806805,0.9818655,1.9837084,1.3889596,1.1682897,1.0613006,1.0363165,1.038296,1.093846,1.2514508,4,0,0.2
rec02,2.1466463,1.950062,1.0050923,1.909028,2.0098608,1.1726947,0.98638386,0.8960533,0.8749594,0.87719816,0.92353076,1.0565962,2.1373675,1.9416326,0.996408,0.998454,2.001173,1.3738999,1.1556226,1.0497936,1.0250806,1.0270385,1.0819862,1.2378821,4,0,0.2
rec02,2.1279933,1.9331173,0.9878147,1.89244,1.9923965,1.187754,0.9990508,0.9075602,0.8861954,0.88846296,0.9353906,1.0701646,2.1560206,1.9585776,1.0129621,1.015042,2.0186377,1.3588408,1.142956,1.038287,1.0138447,1.015781,1.0701268,1.2243136,4,0,0.2
rec02,2.1093404,1.9161725,0.971265,1.8758514,1.9749321,1.2028139,1.0117178,0.9190672,0.89743155,0.89972794,0.94725025,1.0837331,2.1746738,1.9755225,1.0290598,1.0316305,2.0361018,1.3437811,1.130289,1.0267799,1.0026085,1.0045235,1.0582669,1.2107452,4,0,0.2
rec02,2.0906878,1.8992279,0.95449907,1.8592634,1.9574674,1.2178731,1.0243845,0.93057394,0.90866745,0.91099244,0.9591099,1.0973015,2.1933265,1.9924672,1.0455436,1.0482187,2.0535667,1.328722,1.1176223,1.0152732,0.99137276,0.9932662,1.0464072,1.1971767,8,0,0.2
rec02,2.0642214,1.8792856,0.9379684,1.8436764,1.9448442,1.2249507,1.033128,0.940569,0.9199128,0.92274696,0.97338027,1.1164025,2.2036676,2.0062382,1.062133,1.9682233,2.076226,1.3052071,1.1008168,1.0021933,0.9801838,0.9824973,1.0371549,1.1895478,8,0,0.2
rec02,2.0182462,1.8521857,0.9212771,1.8315127,1.9461282,1.2111852,1.0315719,0.9466947,0.930926,0.9361282,0.99471074,1.151635,2.1928568,2.0124297,1.0788516,1.9899678,2.1144998,1.2609764,1.0739794,0.9856127,0.96919584,0.97365373,1.0356032,1.1989785,8,0,0.2
rec02,1.957511,1.8209966,0.90419054,1.825524,1.9649262,1.1798494,1.0213226,0.9500968,0.9413416,0.95245886,1.0251911,1.207302,2.1654725,2.0144553,1.0958664,2.0194635,2.1736748,1.2016213,1.040169,0.967629,0.9587121,0.9686312,1.0441093,1.2295809,4,0,0.2
rec02,1.898231,1.792684,0.88663226,1.8255404,1.9949812,1.1468899,1.0102948,0.9541195,0.9509141,0.9716068,1.0617883,1.2765657,2.139193,2.0202477,1.1134318,2.057275,2.248226,1.1447581,1.0084171,0.9523461,0.94914657,0.9678763,1.0598154,1.2741935,4,0,0.2
rec02,1.8572203,1.7706525,0.868637,1.8214135,2.010532,1.1317527,1.0076805,0.960711,0.9596365,0.9882527,1.0908636,1.3301528,2.1331809,1.1327071,1.1314402,2.0920537,1.3973856,1.1091093,0.98751956,0.94148976,0.9404366,0.96621865,1.0690382,2.0858932,4,0,0.2
rec02,1.8297528,0.8508455,0.8503975,1.8092699,2.0057232,1.131278,1.0116898,0.96834624,0.96783626,1.0003644,1.1089855,1.3605872,2.1426122,1.1503009,1.149695,2.1186268,1.3636261,1.0896842,0.97449285,0.93274295,0.9322517,0.96119016,1.0682116,2.0460417,8,0,0.2
rec02,1.8054638,0.832276,0.8320477,1.7948406,1.995367,1.1341689,1.0171536,0.9760762,0.97580844,1.0111686,1.1241401,1.3848275,2.1556644,1.1683341,1.1680136,2.14298,1.3384802,1.0742434,0.9634106,0.92450356,0.92424995,0.955269,1.0647452,2.0131676,8,0,0.2
rec02,1.771809,0.81359905,0.81400764,1.7906262,2.0083773,1.1242204,1.0169091,0.98352176,0.98401564,1.0277092,1.1526846,1.4385153,2.1573522,1.186484,2.087569,2.180264,1.2885971,1.0476763,0.94767153,0.9165572,0.9170175,0.95497197,1.0742027,1.9587823,8,0,0.2
rec02,1.7322043,0.7949468,0.79750603,1.8000267,2.0504313,1.1036257,1.0123689,0.99065644,0.99384564,1.0520072,1.1983528,1.5308832,2.151541,1.2053083,2.1121743,2.235782,1.2209257,1.0132915,0.9295042,0.90956897,0.91249704,0.962603,1.1002651,1.8883488,3,0,0.2
rec02,1.6960416,0.77582693,1.6911637,1.8170949,2.107007,1.0835102,1.0086498,0.9966479,1.0057487,1.0806413,1.2530543,2.309421,2.1498618,1.2242472,2.1436784,2.303306,1.1589875,0.98216003,0.91430193,0.90342283,0.91167235,0.9756377,1.1358451,1.8219191,7,0,0.2
rec02,1.6653205,0.7564867,1.6856639,1.8382819,1.2355981,1.0670208,1.007071,1.0017477,1.0193732,1.111666,1.3127742,2.283289,2.1550045,1.2436607,2.1813297,1.422993,1.1080235,0.95685154,0.90309155,0.89831793,0.91412365,0.9923013,2.043219,1.7644548,3,0,0.2
rec02,1.6387361,0.73696667,1.6860905,1.8696625,1.1943004,1.0514246,1.006887,1.005772,1.0359826,1.1487747,1.3857142,2.2613826,1.2645664,1.2637999,2.22817,1.3276533,1.0619164,0.93487775,0.8952767,0.8942853,0.9211472,1.0160438,1.9437573,1.7112228,3,0,0.2
rec02,1.6172523,0.71756685,1.6818162,1.8858807,1.1716061,1.0438124,1.0088807,1.0088297,1.0491574,1.1764576,1.4401141,2.2586794,1.2830096,2.182981,2.270245,1.2735214,1.0350499,0.92215115,0.891291,0.8912459,0.92687315,1.0333691,1.8781037,1.6732482,3,0,0.2
rec02,1.5973252,0.69742376,1.6690629,1.8811461,1.1635319,1.0420188,1.0112766,1.0114762,1.0566941,1.1909653,1.4678679,2.2698045,1.3028525,2.2032738,2.3017712,1.2496562,1.0226221,0.9158247,0.88880545,0.8889808,0.9287227,1.0405015,1.8378142,1.6458825,3,0,0.2
rec02,1.5774299,0.67815626,1.6463609,1.8532567,1.1687045,1.0453416,1.013498,1.0136371,1.0577861,1.1907164,1.4651097,2.2925239,1.3227928,2.2229934,2.3198159,1.2513484,1.0223284,0.9144161,0.8865608,0.88668233,0.92530185,1.0354363,1.818997,1.626992,3,0,0.2
rec02,1.557925,0.6577499,1.6152284,1.8054352,1.1870683,1.0540701,1.0161455,1.0159346,1.0535215,1.1775825,1.4353914,2.3267572,1.3428131,2.2425768,2.325546,1.2767515,1.0330896,0.9173429,0.88433766,0.8841541,0.9168654,1.019086,1.8199791,1.6160698,3,0,0.2
rec02,1.5395118,0.6383721,1.5838634,1.7561504,2.1181204,1.0651501,1.0199544,1.0188115,1.0493383,1.1634814,1.403293,2.3652284,1.3638315,1.362999,2.3301175,1.308713,1.0466281,0.9213287,0.8822358,0.8812471,0.9076521,1.0010734,1.8263781,1.6077292,7,0,0.2
rec02,1.521543,0.61850816,1.5561361,1.7149098,2.0521767,1.0755345,1.02454,1.0222249,1.0478333,1.1547445,1.381845,2.4010973,1.3851697,1.3823335,2.3392553,1.333478,1.0564677,0.9236514,0.87985814,0.87787,0.8998621,0.9866913,1.8269546,1.5972751,7,0,0.2
rec02,1.5019085,0.59922117,1.5357494,1.6920975,2.024349,1.0796473,1.0282762,1.0259101,1.0514451,1.1584884,1.3859633,2.4223208,1.4049386,1.4020182,2.3590457,1.3289217,1.0525181,0.9199841,0.87621003,0.8741938,0.8959526,0.9822122,1.8041173,1.5769415,7,0,0.2
rec02,1.4805084,0.5796613,1.5224736,1.6872939,2.033839,1.0767982,1.030701,1.0294733,1.0599164,1.174661,1.4159185,2.428098,1.4230485,1.4221462,2.3900306,1.2950662,1.0349876,0.91061234,0.8716294,0.87059134,0.89633596,0.9881495,1.7579806,1.5467228,7,0,0.2
rec02,1.459046,0.5601961,1.5179226,1.7028488,2.0856967,1.0679834,1.0326102,1.0325801,1.0742788,1.2051564,1.4761088,2.4214442,1.4415584,2.3411741,2.4357176,1.2378316,1.006647,0.8972528,0.8675341,0.8675088,0.9025415,1.0066655,1.6930102,1.509028,7,0,0.2
rec02,0.6985424,0.5402203,1.525901,1.7449851,1.1622322,1.0555879,1.0347725,1.0369653,1.0971782,1.2547077,1.5775826,2.40852,1.4615533,2.366029,1.5751283,1.1663538,0.9718797,0.88270175,0.86529547,0.8671291,0.9174803,1.9398129,1.6163749,1.4680592,2,0,0.2
rec02,0.52086943,0.5234337,1.5424337,1.8030745,1.1288705,1.0452775,1.0357897,1.0443751,1.1257203,1.3159449,1.7075051,2.4029465,1.4814893,2.400871,1.4372238,1.1038289,0.9420619,0.8723022,0.8643845,0.871549,0.939433,1.8123521,1.5467503,1.4322132,2,0,0.2
rec02,0.50069004,0.5066372,1.5511961,1.842862,1.1086264,1.0398707,1.0355347,1.0511713,1.1480836,1.3639536,1.8132871,2.4110446,1.5016155,2.4372463,1.3595523,1.0678614,0.9255467,0.86814535,0.86452544,0.8775797,0.9584876,1.7282039,1.4978849,1.404988,2,0,0.2
rec02,0.4809851,0.4885365,1.5472065,1.8551172,1.0978739,1.0369313,1.03459,1.0549004,1.1606419,1.3916221,2.5690918,1.5244038,1.5219582,2.4685307,1.3230327,1.0511183,0.9184386,0.86745614,0.86549747,0.8824884,0.9709473,1.6749591,1.4635336,1.3822931,2,1,0.1873234
rec02,0.46218276,0.46964327,1.5290719,1.8361946,1.0950276,1.0354083,1.0333213,1.0544534,1.1615592,1.3948652,2.5855606,1.542942,1.5406535,2.4897575,1.3189812,1.0498126,0.9184973,0.86848944,0.86673886,0.88446414,0.9743034,1.647576,1.4414897,1.3630074,2,1,0.17478852
rec02,0.44382966,0.45019087,1.497035,1.7865152,1.1001588,1.0354522,1.0321758,1.049987,1.1509172,1.3734692,1.8386108,1.5624557,1.5583711,2.4999483,1.3457217,1.0630211,0.9250491,0.8706418,0.86788666,0.8828629,0.9677284,1.6444485,1.4310117,1.346846,2,1,0.1625531
rec02,0.42762458,0.43075767,1.4536836,1.7114378,1.1149561,1.0383967,1.0314817,1.0429162,1.1307331,1.3312248,1.745644,2.4907136,1.5744426,2.5015543,1.4079359,1.0924841,0.9389188,0.87444717,0.8686239,0.8782531,0.95220476,1.6678411,1.4334008,1.334975,2,1,0.15174972
rec02,0.41211444,0.41268265,1.4063466,1.6257417,2.0755665,1.0459843,1.0314299,1.036294,1.1066294,1.2792674,1.6332269,2.5244932,1.590778,2.5011053,1.5088243,1.1386347,0.960467,0.88090044,0.86864316,0.87273943,0.931974,1.7181972,1.4493426,1.3292768,7,1,0.14140962
rec02,0.86060345,0.397833,1.3687704,1.558845,1.9487805,1.0556091,1.0321269,1.0335388,1.0896528,1.2409679,1.5513884,2.5606446,1.6040959,2.5071073,1.6106399,1.1833664,0.9812001,0.88771594,0.8679687,0.86915594,0.91634506,1.7676277,1.4656463,1.3260063,7,1,0.13188866
rec02,1.2831457,0.38463798,0.40127262,1.518464,1.8777491,1.0626892,1.0332674,1.0336746,1.0822371,1.22276,1.5120784,2.5886521,1.6178617,2.5179744,1.6729524,1.2095668,0.99299353,0.8914783,0.86679655,0.8671383,0.90787673,1.7905592,1.469959,1.3196828,2,1,0.12309198
rec02,1.2707862,0.37255946,0.38599786,1.4855117,1.821503,1.0693604,1.0346314,1.0346429,1.0772194,1.2094536,1.4830059,2.6143246,1.6297401,2.5294485,1.7270662,1.2316341,1.0027318,0.8945228,0.8654717,0.86548156,0.9010967,1.8084284,1.4723272,1.3134423,2,1,0.11503963
rec02,1.2605636,0.36112404,0.3700282,1.438765,1.7359684,1.0829747,1.0372759,1.0361587,1.0674561,1.183912,1.4284701,2.6557114,1.64265,1.641671,1.8515512,1.281617,1.0254023,0.9029309,0.86482936,0.86389786,0.88999206,1.8680671,1.4946119,1.3160995,2,1,0.10741602
rec02,1.2546072,0.35113668,0.35491833,1.3884344,1.6422274,2.1143062,1.0431377,1.0381019,1.0572196,1.1544077,1.3654232,1.8537272,2.56404,1.6527253,2.5986533,1.3582042,1.059895,0.91669947,0.8661854,0.8620039,0.87787855,1.9672618,1.5351816,1.3277732,8,1,0.100757785
rec02,1.2514718,0.34096712,0.34217894,1.3491983,1.5703305,2.075603,1.051204,1.0404036,1.0514989,1.133292,1.3190367,1.7434525,2.5881696,1.6626636,2.588896,1.4347043,1.0933996,0.93035406,0.8686167,0.85969234,0.8688604,1.96318,1.5753309,1.3404206,2,1,0.09397808
rec02,1.2500681,0.53442156,0.33229703,0.35315594,1.5143086,1.9600716,1.0604686,1.0429263,1.0489208,1.1182758,1.2846316,1.662785,2.6139748,1.6715487,2.58551,1.5092922,1.1250759,0.9433446,0.8715526,0.8571354,0.8620618,0.91566706,1.6136963,1.3530394,3,1,0.08819801
rec02,1.2519053,1.1521012,0.32478985,0.33902845,1.4622678,1.8543311,1.0721674,1.04564,1.0479379,1.1046927,1.2523276,1.588102,2.6446102,1.6798848,2.5848455,1.6003221,1.1627471,0.95910835,0.87609,0.85441375,0.85629153,0.8997344,1.6615295,1.3705359,3,1,0.08319323
rec02,1.2518252,1.2130196,0.3178643,0.32780352,1.4281492,1.7883259,1.0820372,1.0484947,1.0493141,1.098101,1.2344459,1.545771,2.6698458,1.6897372,2.5891044,1.6660823,1.188604,0.9694608,0.87879837,0.85155624,0.85222167,0.88920164,1.6931349,1.3809714,3,1,0.0785762
rec02,1.2529783,1.2057239,0.31077042,0.3175731,1.3971857,1.7289778,1.0926967,1.0514871,1.0514873,1.09261,1.2184564,1.5078057,2.696405,1.6958557,2.5947142,1.7374916,1.2159702,0.9804615,0.8819949,0.84873164,0.84873176,0.8795534,1.7274292,1.3928615,3,1,0.07384694
rec02,1.2555636,1.1996756,0.3041264,0.30825064,1.3686998,1.6746287,2.0993326,1.05512,1.0542966,1.0879471,1.2037773,1.4728429,2.72467,1.7026631,2.6013575,1.817149,1.2456971,0.9924775,0.8858433,0.84641236,0.84575176,0.87063587,1.7656078,1.4067034,8,1,0.0694176
rec02,1.2566752,1.1944044,0.29890546,0.30021665,0.33029234,1.6350883,2.1155305,1.0590283,1.0572127,1.085783,1.1945562,1.4497646,2.007337,1.7107033,1.7765161,1.8805587,1.2682372,1.0011759,0.888337,0.8443179,0.8428705,0.8637268,1.7940965,1.4163014,3,1,0.06593697
rec02,1.255993,1.189405,0.30632374,0.29314208,0.32126617,1.606925,2.1281283,1.0627995,1.0600518,1.0854174,1.1895523,1.435877,1.970627,1.7182366,1.7155386,2.676378,1.283254,1.006467,0.8893574,0.8422069,0.8400296,0.8583371,1.8122724,1.4213806,3,1,0.070882484
rec02,1.2611264,1.1857365,0.37019697,0.2880846,0.31025076,1.5620364,2.1089299,1.0682592,1.063157,1.0827827,1.1779037,1.4072769,1.8999866,2.6326952,1.7217944,2.6684875,1.3183547,1.020523,0.894425,0.8409565,0.83693975,0.8508348,1.8588609,1.4389226,3,1,0.11346464
rec02,1.2650461,1.1807202,0.46716216,0.28000098,0.29731083,1.5169705,2.0163915,1.0758706,1.0675842,1.0822142,1.168642,1.382261,1.8373325,2.6488824,1.730278,2.6645007,1.3549773,1.0343422,0.8988463,0.8389307,0.8324693,0.84255856,1.9070095,1.4557441,3,1,0.1781081
rec02,1.2652366,1.1721379,0.62962043,0.2703468,0.28022042,1.4693758,1.9245993,1.0870045,1.0748003,1.0851172,1.1633106,1.3626536,1.7848141,2.6713428,1.7442688,2.6667044,1.3905581,1.0460042,0.90103614,0.834736,0.8253639,0.8322005,1.9216565,1.4688013,3,0,0.2
rec02,1.2618408,1.1601857,0.91437393,0.25659606,0.2593551,0.30095088,1.8337504,1.1018512,1.0847197,1.0915893,1.1619152,1.3482652,1.7415485,2.6999297,1.7600608,2.6747842,1.4247992,1.0552193,0.9007736,0.82820624,0.81532943,0.8196348,1.8909886,1.4781947,3,0,0.2
rec02,1.2590654,1.1487644,1.1252538,0.30239207,0.24594969,0.27471387,1.7496662,2.0881915,1.0954137,1.0994625,1.1620685,1.336171,1.7032671,2.7307994,1.7784314,2.6847978,1.461472,1.0646659,0.90035754,0.8214812,0.80466884,0.8070049,1.861483,1.4888352,3,0,0.2
rec02,1.2574141,1.1383041,1.1086,0.3666352,0.2359066,0.24994609,1.6722609,2.111625,1.1065025,1.1084919,1.16347,1.3259372,1.6690959,2.7635946,1.7954338,2.6963174,1.5013902,1.0747036,0.900058,0.8147989,0.7935368,0.7945383,1.8333235,1.5014001,3,0,0.2
rec02,1.2569314,1.1288071,1.0922871,0.4449125,0.23319407,0.22653821,0.28176528,2.137248,1.1180667,1.1186833,1.1660889,1.3174531,1.6386313,2.7983909,1.8137853,2.7093494,1.5450355,1.0853893,0.89987934,0.8081507,0.7820049,0.782217,1.8064343,1.516047,3,0,0.2
rec02,1.2576689,1.1202793,1.0763208,0.54175866,0.2689295,0.2202745,0.25131828,2.1347637,1.1300957,1.1300468,1.1698991,1.3106215,1.6115265,2.8352773,1.8304509,2.7239065,1.5929894,1.0967866,0.89982605,0.8015277,0.77007663,0.77002305,1.7807496,1.5329566,3,0,0.2
rec02,1.2596842,1.1127293,1.0613106,0.66390896,0.3093188,0.21554776,0.22306103,2.0139925,1.1432306,1.1424447,1.1748799,1.3053566,1.5874808,2.8743508,1.8452822,2.7396443,1.6459632,1.1089715,0.8999052,0.79492205,0.75818926,0.757668,1.7562087,1.5523347,3,0,0.2
rec02,1.2630459,1.1061714,1.0473297,0.8218118,0.35515943,0.23374687,0.21251848,0.26454777,1.1575844,1.1551898,1.1810149,1.3015826,1.5662336,2.1054828,1.8615317,2.754908,1.7048295,1.122027,0.90012276,0.78832453,0.7463904,0.7448463,1.7327557,1.5744205,3,0,0.2
rec02,1.2678285,1.1006218,1.034362,1.0301516,0.4074448,0.26141322,0.21407956,0.22812322,1.1731808,1.1684055,1.1882921,1.299233,1.5475572,2.0485127,1.8776121,2.374966,1.770676,1.1360507,0.9004863,0.7817262,0.7346645,0.73167413,1.7103382,1.5994884,3,0,0.2
rec02,1.27412,1.096102,1.0223957,1.0154403,0.4674308,0.29166466,0.22828488,0.2164225,2.1465714,1.1819528,1.1967033,1.2982488,1.5312523,1.9976938,1.8975147,1.8935361,1.8448771,1.151155,0.901005,0.7751178,0.7229958,0.7180771,0.72703874,1.6278601,4,0,0.2
rec02,1.2750897,1.0894067,1.0104442,1.0011071,0.52754086,0.32189232,0.24949105,0.2212317,0.27342394,1.1959027,1.2073419,1.302346,1.5252672,1.9696406,1.9166632,1.9098605,1.8963482,1.1571047,0.8968442,0.7662426,0.7107036,0.7041362,0.7108723,1.6451151,4,0,0.2
rec02,1.2594057,1.0750992,0.99649084,0.986973,0.5689592,0.3461887,0.26799816,0.22877821,0.23379248,1.2100552,1.2212249,1.3164197,1.5404507,1.9868455,1.931563,1.9255624,1.8692179,1.1373433,0.8804619,0.75161153,0.69665575,0.6900017,1.6551695,1.6268468,3,0,0.2
rec02,1.2488474,1.0631996,0.98330134,0.9729119,0.619049,0.37323007,0.28780612,0.2450222,0.2365474,1.2242905,1.2343111,1.327627,1.549412,1.9907849,1.9478891,1.9404116,1.8660084,1.1250323,0.86753774,0.7385737,0.6830707,0.6758535,1.639234,1.6195185,3,0,0.2
rec02,1.2558144,1.0596051,0.9729778,0.95893973,0.7026868,0.41048238,0.31242076,0.2636079,0.24580346,1.238586,1.2452782,1.3300827,1.5391378,1.9540577,1.9695407,1.9557244,1.9483047,1.1381234,0.8662329,0.730892,0.6711384,0.66145533,1.6201832,1.6499856,3,0,0.2
rec02,1.2665263,1.0580044,0.96388465,0.9453931,0.80462307,0.45252165,0.3393018,0.28343886,0.2582243,0.25803304,1.2570652,1.3326738,1.5284178,1.9166874,2.910575,1.9714011,2.0547147,1.1555755,0.86645323,0.7237998,0.6594108,0.64676034,1.6015838,1.6891469,3,0,0.2
rec02,1.279173,1.0575374,0.9557597,0.9322146,0.9258446,0.49892578,0.36818627,0.3043925,0.27509767,0.27032626,1.2700145,1.3364908,1.5195311,1.8833109,2.9403133,1.987001,2.8716545,1.1746105,0.86681324,0.71662503,0.6476567,0.63170177,1.583808,1.666709,3,0,0.2
rec02,1.2939185,1.0582516,0.94860834,0.9194452,0.919731,0.5503175,0.39926407,0.32654446,0.2927118,0.2845163,1.284138,1.3415045,1.5123698,1.8535439,2.9720225,2.0025425,2.8815496,1.195456,0.8673223,0.7093532,0.63585854,0.61631054,0.6165021,1.6368173,4,0,0.2
rec02,1.2996095,1.0548679,0.94023,0.9071206,0.907079,0.59858984,0.42899647,0.34820816,0.31036654,0.29965925,1.29947,1.3508332,1.5143168,1.8423431,2.998834,2.015458,2.8930995,1.2007217,0.8605316,0.69847673,0.62256956,0.60064656,0.600619,1.6119554,4,0,0.2
rec02,1.2841892,1.0416515,0.9279874,0.89494675,0.8948783,0.63198686,0.452435,0.366986,0.3269408,0.31530026,0.31527615,1.3667148,1.5313736,1.8619205,3.0127492,2.0336463,2.9052598,1.1721741,0.8391511,0.6806652,0.60639155,0.5848014,1.5347911,1.5947708,3,0,0.2
rec02,1.2773212,1.0324658,0.9174323,0.88291836,0.88271266,0.6732193,0.47919685,0.3873374,0.34418175,0.33123362,0.33115646,1.380144,1.5425506,1.8694642,3.0321183,2.0488122,2.9173703,1.156462,0.8231683,0.6653713,0.59123814,0.5691397,1.518884,1.5747545,3,0,0.2
rec02,1.2935326,1.0341624,0.9116155,0.8717035,0.8707932,0.7380208,0.51576996,0.41235137,0.36348826,0.3475739,0.3472109,1.3879048,1.5395571,1.8479781,3.0666904,2.0639138,2.9293625,1.1750693,0.8212037,0.6565417,0.57874227,0.5536736,1.502865,1.5482132,3,0,0.2
rec02,1.3146552,1.0382346,0.90721166,0.86149645,0.85924405,0.8129479,0.5562285,0.43927553,0.38384,0.36449796,0.363545,1.3961692,1.5365121,1.8261375,3.1050127,2.079679,2.9408386,1.1996484,0.8208132,0.64822835,0.5664234,0.5382782,1.4864954,1.5220369,3,0,0.2
rec02,1.3387089,1.0437095,0.90381664,0.85227644,0.8481578,0.8637453,0.6000787,0.46784464,0.40513733,0.38203433,0.38018814,1.4055923,1.5349175,1.8069029,2.460701,2.0919578,2.9519877,1.2271135,0.82051146,0.6397025,0.5539604,0.52288866,1.4698831,1.4968969,3,0,0.2
rec02,1.3660169,1.0506743,0.9014537,0.8440369,0.83748436,0.8488977,0.64771557,0.4981916,0.4274366,0.4002114,0.39710447,1.4161686,1.5347152,1.7900785,2.3990023,2.1069748,2.9626076,1.2580155,0.8203061,0.63093984,0.54133135,0.50685215,0.59570646,1.4727414,4,0,0.2
rec02,1.3850485,1.0539047,0.8977204,0.8359739,0.82726526,0.835944,0.6936347,0.5277973,0.4495799,0.4186572,0.41429597,0.41864222,1.5399958,1.7840716,2.3634644,2.118686,2.9728725,1.2732501,0.8132442,0.61880994,0.5271049,0.4915562,0.583492,1.4508334,4,0,0.2
rec02,1.373212,1.0433669,0.88787967,0.8262071,0.81727463,0.8255429,0.7252273,0.551028,0.46891138,0.43634066,0.43162325,0.43598992,1.5571005,1.8022795,2.384003,2.1300867,2.9828243,1.2357336,0.7870215,0.5979792,0.50886565,0.4757006,1.4184248,1.4327749,3,0,0.2
rec02,1.3700805,1.0367274,0.87984234,0.81707305,0.8073484,0.81468177,0.761936,0.57655,0.48930228,0.45439464,0.44898656,0.4530649,1.5711113,1.8140414,2.3897145,2.143662,2.9927826,1.2115892,0.7654284,0.57919264,0.491545,0.46201715,1.4010775,1.4138043,3,0,0.2
rec02,1.4003142,1.0448636,0.8786978,0.8105279,0.7976408,0.80250233,0.81892663,0.6110532,0.5138766,0.47400978,0.4664731,0.4693163,1.5746144,1.8036938,2.3450654,2.1567938,2.9442246,1.2395059,0.76114434,0.5679381,0.47761825,0.44662708,1.3835944,1.3920277,3,0,0.2
rec02,1.4388772,1.0564798,0.87942374,0.8051876,0.7883721,0.79115224,0.8381914,0.64886117,0.54011816,0.49452433,0.48419675,0.4859043,1.5780308,1.7925045,2.2990913,2.170384,2.6282165,1.2789491,0.758961,0.5572586,0.46386722,0.43131337,1.3658803,1.3706973,3,0,0.2
rec02,1.4201629,1.0700339,0.881307,0.8008231,0.7795634,0.7808609,0.82134616,0.68925816,0.5676906,0.515847,0.5021527,0.50298846,1.5827045,1.7831936,2.2577643,2.1833844,2.3923898,1.3250582,0.7566885,0.546135,0.44981062,0.4158279,1.3479177,1.3501612,3,0,0.2
rec02,1.3894155,1.0856904,0.8843986,0.7974465,0.77123076,0.7716087,0.8058441,0.73249465,0.59668696,0.5380219,0.52033466,0.52058965,1.5886079,1.7756538,2.220628,2.2012453,2.210258,1.3797078,0.7543102,0.53451765,0.4354157,0.40248257,1.3297362,1.330388,3,0,0.2
rec02,1.3598772,1.1036375,0.8887552,0.79507196,0.7635383,0.7633791,0.7916303,0.7788567,0.6272104,0.5610965,0.53884256,0.5387302,1.5957186,1.7697911,2.1872888,2.2254512,2.2132733,1.4455572,0.75180906,0.52235126,0.42064747,0.38667688,1.31162,1.3113468,3,0,0.2
rec02,1.3314807,1.1240913,0.89444155,0.7937185,0.75684565,0.75601435,0.77865696,0.82867074,0.65937495,0.58512264,0.5579401,0.55732733,0.5740193,1.7655215,2.1574047,3.1959903,2.224572,1.5264914,0.74916273,0.5095729,0.40546805,0.37319046,1.294184,1.2927624,3,0,0.2
rec02,1.3041649,1.1473013,0.90153176,0.79340947,0.7511468,0.74913037,0.7668818,0.83783114,0.6933065,0.61015654,0.5776552,0.5761045,0.58975595,1.7627723,2.1306798,3.2313752,2.2285445,1.6284213,0.74634314,0.49611002,0.3898356,0.35950258,1.277406,1.2739766,3,0,0.2
rec02,1.2778733,1.1735574,0.9101094,0.7941717,0.74643815,0.7427372,0.7562664,0.8202152,0.7291461,0.63626033,0.5980179,0.5950529,0.6058921,1.7614789,2.1068547,3.2691214,2.237911,1.7608286,0.7433176,0.48188004,0.3737043,0.34440246,1.2612661,1.2550124,3,0,0.2
rec02,1.2525524,1.2031969,0.9202695,0.7960373,0.7427199,0.73684424,0.74677783,0.80412567,0.7670497,0.66350085,0.6190605,0.6141631,0.6224429,1.7615845,2.0857017,3.3093488,2.2611213,1.9398947,0.7400439,0.4667875,0.3570241,0.33042163,1.245746,1.235891,3,0,0.2
rec02,1.2281555,1.2366127,0.9321195,0.7990439,0.73999625,0.7315209,0.7383878,0.7894874,0.8071931,0.6919523,0.6408185,0.6334791,0.63942575,1.7630422,2.067024,2.7026155,2.2616377,3.068917,0.7364662,0.45072022,0.3397385,0.31626952,1.2308307,1.2167339,4,0,0.2
rec02,1.2056327,1.2612911,0.94018465,0.80053794,0.7373239,0.72656083,0.7316521,0.7783212,0.8447608,0.71928686,0.66248876,0.6528181,0.6573926,1.7706006,2.0614998,2.6682193,2.2800114,3.0735655,0.7182433,0.42915338,0.31989712,0.30410773,1.2149788,1.1972432,4,0,0.2
rec02,1.185741,1.2570821,0.93583953,0.79622245,0.73289144,0.72192895,0.7267975,0.7727154,0.87147933,0.7414634,0.68248796,0.6722794,0.6768132,1.789966,2.0824287,2.6922877,2.2864413,3.0782297,0.6656283,0.39659157,0.29524395,0.29025188,1.195683,1.1777982,4,0,0.2
rec02,1.1661476,1.2398229,0.9298635,0.791138,0.7282113,0.71731883,0.7221562,0.767781,0.8932288,0.7629286,0.7022457,0.69174165,0.6964068,1.8107973,2.1066637,2.72362,2.2912803,2.075527,0.6087493,0.36270222,0.27968508,0.29061684,1.1759253,1.1583358,4,0,0.2
rec02,1.1465539,1.2189913,0.92388797,0.78605384,0.7235316,0.71270907,0.7175154,0.7628469,0.8874886,0.78439385,0.72200364,0.711204,0.7160004,1.8316292,2.1308992,2.754953,2.3046508,1.8815995,0.55187005,0.32881266,0.2670111,0.29794866,1.1561671,1.1388732,4,0,0.2
rec02,1.1269599,1.1981596,0.91791236,0.78096974,0.7188519,0.70809937,0.7128747,0.75791305,0.88174856,0.805859,0.7417615,0.73066634,0.7355939,1.8524605,2.1551342,2.7862854,2.3199549,1.6876702,0.494991,0.29492328,0.25687551,0.30528045,1.1364089,1.1194109,4,0,0.2
rec02,1.1073664,1.1773281,0.9119369,0.77588576,0.7141723,0.7034898,0.708234,0.7529791,0.87600833,0.82732445,0.76151955,0.75012875,0.7551875,1.8732921,2.1793694,3.4153464,2.3322108,1.4937394,0.4381118,0.26103374,0.2472105,0.31261227,1.1166513,1.0999485,4,0,0.2
rec02,1.0877728,1.1564966,0.90596104,0.7708016,0.7094925,0.69888,0.7035931,0.748045,0.87026805,0.8487895,0.78127736,0.7695911,0.77478105,1.8941234,2.2036045,3.4204307,2.3371053,1.2998098,0.38123244,0.24119115,0.2504879,1.1916786,1.0968933,1.0804862,4,0,0.2
rec02,1.0681794,1.1356653,0.8999856,0.7657177,0.70481294,0.69427043,0.69895244,0.7431111,0.86452806,0.8702548,0.8010353,0.7890534,0.7943747,1.914955,2.2278395,3.425515,2.3480392,1.1058801,0.32435328,0.2344007,0.256228,1.1702138,1.0771356,1.0610238,4,0,0.2
rec02,1.0485857,1.1148334,0.89401,0.7606334,0.700133,0.68966055,0.6943117,0.73817706,0.8587878,0.89172006,0.8207931,0.80851585,0.8139683,1.9357866,2.2520752,3.4305985,2.3657522,0.9119518,0.26747414,0.2294117,0.2619682,1.1487484,1.0573776,1.0415614,4,0,0.2
rec02,1.028992,1.094002,0.8880346,0.75554943,0.69545346,0.685051,0.6896709,0.73324317,0.8530478,0.9131852,0.840551,0.82797813,0.8335619,1.9566178,2.2763102,3.4356828,2.3706858,0.71802187,0.22754207,0.23011048,0.26770827,1.1272832,1.0376197,1.022099,4,0,0.2
rec02,1.0093983,1.0731704,0.8820589,0.7504653,0.6907737,0.6804413,0.68503,0.72830915,0.84730756,0.9346506,0.86030906,0.84744066,0.85315573,1.9774498,2.3005457,3.440767,2.3778229,0.5240931,0.2269914,0.23504458,1.2997226,1.1058178,1.0178616,1.0026366,1,0,0.2
rec02,0.9889275,1.0492288,0.88183874,0.74815655,0.6870811,0.6758482,0.67981434,0.7212669,0.83675987,0.959648,0.88130754,0.8668992,0.87198645,1.9923924,2.3114245,3.4585323,2.3877335,0.35790753,0.22688332,0.23924509,1.2828127,1.0883453,0.9994986,0.98315805,1,0,0.2
rec02,0.96675044,1.0182673,0.8973778,0.7535738,0.68643403,0.67153317,0.673703,0.70960355,0.8152416,0.99472874,0.90610325,0.88643384,0.889298,1.9934193,2.2901785,2.9085326,2.40035,0.2289831,0.22923979,0.24145566,1.2877203,1.0813637,0.9850193,0.9636368,1,0,0.2
rec02,0.9444725,0.98260933,0.9329721,0.769004,0.69044524,0.6679181,0.6682161,0.695198,0.7858876,0.9761893,0.93672967,0.90616685,0.9065713,1.9841435,2.2429776,2.7861125,2.4156618,0.23218815,0.23229179,0.2416715,1.3186846,1.0869285,0.9758916,0.94405115,1,0,0.2
rec02,0.9241489,0.94564635,0.9974201,0.7986623,0.70179975,0.66608894,0.66524875,0.6807236,0.7529417,0.90889907,0.9767961,0.9270921,0.9259227,0.94746137,2.1798413,2.6313531,2.4397385,0.23508257,0.234786,0.2402476,1.3855944,1.1094842,0.9749249,0.92531615,1,0,0.2
rec02,0.90418845,0.9124991,0.98543257,0.84380674,0.7217953,0.6696102,0.66406035,0.670164,0.72372836,0.84796107,1.0281262,0.95379376,0.9458885,0.9545825,2.120778,2.4848232,2.4304686,0.23794918,0.23597698,0.2381459,1.4909075,1.1489322,0.9828007,0.91174513,1,0,0.2
rec02,0.8841953,0.8856016,0.93473864,0.90258664,0.74956644,0.67898744,0.66443646,0.66549325,0.7024177,0.8010009,1.0031716,0.9870388,0.965886,0.96742225,2.0783083,2.3699958,2.9681756,0.24076271,0.23560302,0.23597775,1.6307114,1.2011125,0.9974817,0.9035591,1,0,0.2
rec02,0.86488146,0.8643115,0.89243287,0.9788575,0.786403,0.69458497,0.66683364,0.66639435,0.68807614,0.7652727,0.9267113,1.0275162,0.98646325,0.9858131,2.0504937,2.2805417,2.7616365,0.2435514,0.2338206,0.23366648,1.8210319,1.2695756,1.0199624,0.9008747,1,0,0.2
rec02,0.8502889,0.844599,0.8574328,0.9315415,0.8341136,0.71698326,0.67438763,0.6698748,0.68005365,0.7388314,0.86840355,1.0761877,1.0122519,1.0054781,1.0207565,2.211967,2.5998888,0.24634875,0.2317133,0.23022959,2.0901217,1.3596286,1.0516765,0.90399486,1,0,0.2
rec02,0.84107554,0.8252327,0.8289516,0.8807533,0.8952557,0.7470383,0.6878543,0.67489755,0.67793906,0.72030395,0.824122,1.0599976,1.0444942,1.0248195,1.0294379,2.1610768,2.4725554,0.24919218,0.22944991,0.226709,2.4926176,1.4794714,1.0946761,0.9134431,1,0,0.2
rec02,0.83732766,0.80637455,0.8064366,0.83862597,0.93603605,0.7859584,0.7076266,0.681468,0.6815205,0.7087239,0.79104483,0.9801456,1.0838405,1.0437748,1.0438552,2.125601,2.372498,0.25212336,0.22699577,0.22356044,3.1190786,1.6423955,1.1519265,0.93001664,1,0,0.2
rec02,0.8393136,0.79112995,0.7880005,0.80400723,0.8768971,0.83542955,0.7343224,0.69216615,0.6894282,0.70343256,0.7672046,0.91986847,1.1312054,1.0662647,1.062047,2.1039596,2.2947009,0.2551929,0.22430846,0.21979466,0.9962844,1.8713758,1.2278097,0.9548768,1,0,0.2
rec02,0.8475153,0.781291,0.7703625,0.77605855,0.828093,0.8978101,0.7688364,0.70876,0.698846,0.70401335,0.7512168,0.87451446,1.1349669,1.0950198,1.0797029,1.0876863,2.2355914,0.25846407,0.22133477,0.21699163,0.5675584,2.2097404,1.3290076,0.9896876,2,0,0.2
rec02,0.85950166,0.7756141,0.7535238,0.7544101,0.7896361,0.8967609,0.8094233,0.73042345,0.70962024,0.7104548,0.7436277,0.8445109,1.0579097,1.1287489,1.0966014,1.097891,2.1971493,0.2604125,0.21722488,0.2154316,0.4572049,2.6873255,1.4501044,1.0303836,2,0,0.2
rec02,0.8685318,0.77048516,0.73760265,0.7373803,0.7608293,0.84885454,0.8497537,0.75382686,0.72165537,0.7214378,0.7443796,0.83050156,1.0155864,1.1626238,1.1130059,1.1126703,2.1798823,0.25776896,0.21241717,0.2186094,0.42611164,3.078666,1.5621289,1.0643207,2,0,0.2
rec02,0.8802091,0.7675638,0.724082,0.7219352,0.73610145,0.80805755,0.89509237,0.78054225,0.73632526,0.73414224,0.748548,0.8217206,0.98379594,1.1994333,1.1314867,1.1281319,2.169928,0.25360268,0.21013711,0.22897826,0.4073437,1.9021739,1.6976564,1.1036499,2,0,0.2
rec02,0.89614993,0.7674219,0.7131388,0.7071592,0.71457773,0.7722661,0.906569,0.8113312,0.7539424,0.7476207,0.7554632,0.81645244,0.9584396,1.2402735,1.1525438,1.14288,2.16538,0.24835052,0.20919369,0.23729587,0.39278093,1.1958148,1.874278,1.1523966,2,0,0.2
rec02,0.91697115,0.77023417,0.7047541,0.69314194,0.6960545,0.74093217,0.8538934,0.8466267,0.7746523,0.76188797,0.76508945,0.81441796,0.9385828,1.1848756,1.1763372,1.1569546,1.1618162,0.24174958,0.21026215,0.24401237,0.3808534,0.91612124,2.111161,1.2128547,3,0,0.2
rec02,0.93718535,0.7732662,0.6977857,0.67982936,0.6805649,0.7152039,0.811854,0.8835742,0.7973261,0.7768085,0.77764887,0.8172291,0.92766666,1.1472987,1.201114,1.1702052,1.1714712,0.23087634,0.21064815,0.25135523,0.37578636,0.78867406,2.384393,1.2739102,3,0,0.2
rec02,0.9455843,0.7710282,0.6895799,0.6671466,0.667255,0.69568056,0.78250545,0.9156385,0.8189141,0.79227316,0.79240185,0.8261588,0.9292681,1.1355178,1.2226669,1.1828903,1.1830826,0.21251267,0.21449143,0.2620975,0.38254273,0.7511494,2.5882592,1.3096608,3,0,0.2
rec02,0.95361996,0.7687922,0.6818177,0.65514565,0.6549167,0.677893,0.7562611,0.9143616,0.8413015,0.80839056,0.8081079,0.83645874,0.93315774,1.1282395,1.2442735,1.1955979,1.1951802,0.2164327,0.22532275,0.27242774,0.38956708,0.72600615,2.8182304,1.3455728,3,0,0.2
rec02,0.9634136,0.76751834,0.67484725,0.6439958,0.64307714,0.6612445,0.7317853,0.87580365,0.86494404,0.82540214,0.82422465,0.84750956,0.9379208,1.1225075,1.2666311,1.2087253,1.207001,0.22254948,0.23550753,0.2818564,0.3954395,0.70420873,2.9759364,1.3868977,3,0,0.2
rec02,0.9751339,0.76725274,0.6686769,0.6336843,0.6316823,0.6456898,0.70896906,0.84022176,0.88990355,0.8433334,0.8406692,0.8593108,0.94352555,1.1182022,1.2897892,1.2222922,1.2184309,0.22708176,0.24508749,0.29046097,0.40031028,0.68494093,2.959563,1.4345436,3,0,0.2
rec02,0.98898095,0.7680503,0.66331995,0.62420076,0.62070924,0.63118786,0.68771404,0.807365,0.9162502,0.8622145,0.85739154,0.8718658,0.94994587,1.1152208,1.3138014,1.2363194,0.2746164,0.23382163,0.2541001,0.29830942,0.40430313,0.6676287,2.942842,1.4896461,3,0,0.2
rec02,1.005186,0.7699728,0.65879196,0.61553884,0.61016464,0.6177034,0.6679327,0.7770131,0.94406056,0.8820779,0.8743767,0.8851797,0.95715904,1.1134733,1.3387253,1.25083,0.24150822,0.24283299,0.26257917,0.30546117,0.40752044,0.6518578,2.9257748,1.5536333,3,0,0.2
rec02,1.024021,0.77309155,0.65511316,0.60769457,0.6000752,0.6052045,0.64954597,0.74897176,0.97341925,0.90296066,0.8916393,0.8992608,0.9651467,1.1128812,1.3646243,1.2658482,0.25014392,0.25208545,0.27055496,0.31196868,0.41004798,0.63731915,1.8036671,1.6283334,3,0,0.2
rec02,1.0458059,0.77748686,0.65230644,0.6006658,0.59048235,0.59366244,0.6324823,0.7230673,0.9370665,0.9249034,0.9092229,0.91411936,0.973894,1.1133764,1.3915671,1.2814007,0.2595908,0.2609888,0.27805504,0.31787843,0.4119578,0.6237799,1.5783964,1.7161177,3,0,0.2
rec02,1.0709226,0.783252,0.65039945,0.59445405,0.58128124,0.5830523,0.61667746,0.69914657,0.8939881,0.9479497,0.9269437,0.9297679,0.98338854,1.1148983,1.4196289,1.297516,0.26873952,0.26955834,0.285104,0.3232313,0.4133109,0.61105967,1.4127901,1.8201303,3,0,0.2
rec02,1.0998261,0.7904934,0.6494254,0.58906436,0.5725857,0.57335395,0.6020752,0.6770743,0.854762,0.97215074,0.9449555,0.9462233,0.9936229,1.1173961,1.4106398,1.3142262,0.27743605,0.27780828,0.29172465,0.32806402,0.41415936,0.59901726,1.2852993,1.9446124,3,0,0.2
rec02,1.1330628,0.7993325,0.6494208,0.58450395,0.56436443,0.5645491,0.58862346,0.6567282,0.81900674,0.9975602,0.9631886,0.9635037,1.004591,1.1208239,1.3977809,1.3315642,0.28565797,0.28575143,0.2979369,0.33240867,0.41454732,0.58753914,1.183636,2.0954347,3,0,0.2
rec02,1.1712996,0.80991006,0.6504292,0.5807833,0.55682975,0.55662304,0.57627666,0.6380005,0.7863931,1.0242378,0.9819945,0.98162997,1.01629,1.1251425,1.3868395,1.3495677,0.29350868,0.2933997,0.3037592,0.3362942,0.41451287,0.5765343,1.1002761,2.2809737,3,0,0.2
rec02,1.2153507,0.8223872,0.6524993,0.57791555,0.5501518,0.54936665,0.56499285,0.6207931,0.75663364,1.0503802,1.0016973,1.0002677,1.0287193,1.1303184,1.3776522,0.31628034,0.3010859,0.30065617,0.309208,0.33974618,0.4140886,0.565928,1.0303565,2.5135818,3,0,0.2
rec02,1.2662245,0.8369512,0.65568775,0.5759188,0.5443252,0.5426391,0.5547368,0.6050206,0.7294805,0.99532557,1.0223281,1.0191613,1.0418826,1.1363231,1.3700784,0.32629913,0.30839902,0.30744374,0.3142979,0.34278718,0.41330266,0.5556579,0.9705937,2.7812097,3,0,0.2
rec02,1.3251874,0.85381985,0.6600587,0.5748137,0.53934604,0.5363354,0.545476,0.5906048,0.704715,0.9460623,1.0439184,1.0380912,1.0557832,1.1431309,1.3639939,0.33620173,0.31545708,0.3136962,0.31904244,0.34543768,0.4121793,0.54567254,0.91868937,2.76205,3,0,0.2
rec02,1.3938428,0.8732459,0.6656844,0.57462496,0.5352135,0.53057194,0.5371825,0.5774766,0.68214536,0.90188426,1.0665061,1.0572569,1.0704296,1.1507229,1.3592936,0.34599826,0.32226747,0.31947267,0.32345304,0.3477153,0.4107393,0.5359277,0.87298805,2.742942,4,0,0.2
rec02,1.4418846,0.885057,0.66806513,0.5731796,0.5311962,0.525293,0.5304208,0.56750226,0.66595495,0.8718948,1.0886781,1.0765796,1.0870894,1.1630868,1.3648641,0.35438707,0.3284295,0.32477966,0.32795015,0.35087693,0.41174856,0.5322603,0.84951854,2.7237458,4,0,0.2
rec02,1.4333954,0.878286,0.66239613,0.5680232,0.52619547,0.5202405,0.5252019,0.5616962,0.6587822,0.8618114,1.1084938,1.0959489,1.106401,1.1832801,1.3878034,0.3601424,0.33362246,0.3298468,0.33299246,0.35613072,0.41768584,0.53952295,0.8596958,2.70444,4,0,0.2
rec02,1.4195068,0.86977607,0.65597814,0.5625197,0.52109724,0.5151999,0.52011335,0.5562539,0.65239924,0.8534614,1.1280718,1.1153053,1.1259419,1.2041788,1.4123143,0.36564603,0.33872077,0.33488742,0.33808124,0.361573,0.42406887,0.54776776,0.8728328,2.685084,4,0,0.2
rec02,1.4056188,0.8612665,0.64956033,0.5570162,0.5159989,0.51015925,0.5150247,0.5508117,0.6460163,0.84511125,1.14765,1.1346618,1.145483,1.225078,1.4368256,0.37114957,0.34381902,0.33992797,0.34316987,0.36701536,0.43045184,0.5560126,0.8859705,2.6657271,3,0,0.2
rec02,1.417189,0.8609767,0.64673764,0.5532388,0.5114756,0.505127,0.5094744,0.54385924,0.63622683,0.82917786,1.1685023,1.1539983,1.1639302,1.2424847,1.4535048,0.37779605,0.34927675,0.34494132,0.3479101,0.37139076,0.4344668,0.5591919,0.88423854,2.6463075,3,0,0.2
rec02,1.4982024,0.8822297,0.6533097,0.5540901,0.50872374,0.5003235,0.50321126,0.53376853,0.6190396,0.7967396,1.1930611,1.1733606,1.1801331,1.251796,1.4517742,0.38728186,0.355573,0.34970158,0.35172,0.37307796,0.43267822,0.55029047,0.84878266,2.6267517,4,0,0.2
rec02,1.5666559,0.8987084,0.6579137,0.5542374,0.5061242,0.49600366,0.49796614,0.5256623,0.6056983,0.7724249,1.1571215,1.1928916,1.1976112,1.2642207,1.456708,0.3955881,0.36124715,0.35402358,0.35542428,0.37519246,0.43231833,0.54503214,0.8258975,2.6072307,4,0,0.2
rec02,1.5622152,0.893762,0.6535392,0.5501832,0.5021549,0.49193612,0.49380127,0.5210206,0.5999727,0.7644469,1.1432955,1.2124813,1.2170783,1.2841657,1.4787601,0.40049633,0.36553493,0.35809636,0.3594541,0.37926787,0.43673968,0.55014247,0.8322421,2.587664,4,0,0.2
rec02,1.5493659,0.88641065,0.64816374,0.5456579,0.49802464,0.48788995,0.48973978,0.5167352,0.595038,0.7581593,1.1338919,1.2320683,1.2367398,1.3049113,0.48110807,0.4050215,0.36966506,0.36214247,0.3635155,0.3835532,0.44167435,0.55635846,0.8416454,2.5680766,4,0,0.2
rec02,1.5365176,0.8790601,0.64278877,0.54113305,0.49389476,0.4838441,0.48567858,0.51245016,0.5901036,0.7518723,1.124489,1.2516556,1.2564013,1.3256567,0.4864831,0.40954635,0.3737949,0.36618832,0.36757666,0.38783816,0.4466087,0.5625741,0.85104847,2.548489,4,0,0.2
rec02,1.5236691,0.8717094,0.63741386,0.536608,0.48976475,0.47979814,0.48161727,0.50816506,0.5851691,0.745585,1.1150866,1.271243,1.2760628,1.3464018,0.491858,0.41407147,0.377925,0.3702343,0.371638,0.3921234,0.45154324,0.5687899,0.860451,2.5289018,4,0,0.2
rec02,1.5108212,0.8643589,0.63203907,0.5320833,0.48563504,0.4757525,0.47755632,0.5038802,0.58023506,0.73929834,1.1056838,1.2908303,1.2957244,1.3671471,0.4972329,0.4185961,0.38205463,0.3742799,0.37569898,0.3964082,0.4564774,0.5750051,0.869854,2.5093145,4,0,0.2
rec02,1.4979733,0.8570084,0.6266641,0.52755827,0.481505,0.47170648,0.47349504,0.49959502,0.5753004,0.733011,1.0962812,1.3104175,1.3153859,1.3878924,0.50260776,0.42312098,0.3861845,0.37832576,0.37976018,0.4006933,0.46141177,0.58122087,0.87925684,2.4897273,3,0,0.2
rec02,1.5254709,0.8611631,0.6261394,0.52538645,0.47827998,0.46768668,0.46912304,0.49385312,0.5669626,0.719317,1.0674102,1.330002,1.3340867,1.4044136,0.51187724,0.4295105,0.39100027,0.3823401,0.38351437,0.40373144,0.46349937,0.5814853,0.87262106,2.4701178,3,0,0.2
rec02,1.6399424,0.888596,0.6353441,0.5280466,0.47713462,0.463961,0.46461296,0.48597097,0.55320716,0.6936938,1.0079474,1.3496859,1.3515826,1.4137142,0.5287065,0.439418,0.39705116,0.3860886,0.38663116,0.40440437,0.4603553,0.5711293,0.83877033,2.4505355,4,0,0.2
rec02,1.7321395,0.9086285,0.6415418,0.5294772,0.47585785,0.46069974,0.46097335,0.4799818,0.5431738,0.6756711,0.96808535,1.3694478,1.3702611,1.4267644,0.5422104,0.4474972,0.4021798,0.38936862,0.38959986,0.40566516,0.45907304,0.5651981,0.818194,2.4308577,4,0,0.2
rec02,1.7299864,0.9049178,0.6382323,0.5264332,0.4729074,0.45767534,0.45791608,0.47661814,0.5391034,0.6701653,0.9591013,1.3892407,1.3899716,1.4467403,0.54721516,0.45135933,0.4054667,0.3924068,0.39261323,0.40864813,0.46222243,0.56871736,0.8223251,2.411126,4,0,0.2
rec02,1.718608,0.89896554,0.6340342,0.52297044,0.4697967,0.45466483,0.45490405,0.47348306,0.53555727,0.665757,0.9527929,1.4090148,1.4097561,1.4673328,0.55141324,0.45482197,0.40857732,0.3954172,0.39562526,0.41178316,0.46576843,0.57308036,0.828634,2.3913522,4,0,0.2
rec02,1.7072297,0.8930142,0.6298368,0.5195081,0.46668637,0.45165467,0.45189226,0.47034827,0.53201157,0.66134936,0.94648486,1.428789,1.4295405,1.4879253,0.5556109,0.45828444,0.41168773,0.39842743,0.39863706,0.41491798,0.46931422,0.577443,0.8349413,2.3715777,4,0,0.2
rec02,1.6958513,0.8870623,0.62563896,0.5160456,0.4635759,0.44864434,0.4488804,0.46721342,0.5284657,0.6569414,0.94017667,1.4485632,1.4493251,1.508518,0.5598086,0.46174684,0.41479802,0.40143758,0.40164876,0.41805276,0.4728599,0.58180565,0.84125006,2.3518043,4,0,0.2
rec02,1.6844742,0.88111085,0.62144136,0.51258326,0.46046564,0.4456343,0.4458687,0.46407878,0.52492005,0.6525339,0.9338683,1.4683372,1.4691098,1.5291104,0.5640066,0.465209,0.41790822,0.40444762,0.4046604,0.42118737,0.4764055,0.58616817,0.84755796,2.3320298,4,0,0.2
rec02,1.6730957,0.87515926,0.6172437,0.5091208,0.45735523,0.44262406,0.44285694,0.46094394,0.5213743,0.64812607,0.9275602,1.4881109,1.4888939,1.5497029,0.568204,0.46867144,0.4210186,0.4074578,0.4076721,0.42432213,0.47995123,0.5905309,0.85386586,2.3122551,4,0,0.2
rec02,1.6617166,0.8692071,0.61304575,0.50565857,0.454245,0.43961403,0.4398453,0.45780936,0.51782864,0.6437184,0.9212522,1.5078855,1.5086788,1.5702955,0.5724018,0.47213387,0.42412895,0.41046795,0.41068387,0.4274569,0.48349687,0.59489346,0.8601742,2.2924812,4,0,0.2
rec02,1.650338,0.8632553,0.6088481,0.5021962,0.45113468,0.43660387,0.43683362,0.45467463,0.514283,0.63931084,0.91494423,1.5276594,1.528463,1.590888,0.5765994,0.47559637,0.4272394,0.4134782,0.41369572,0.4305917,0.48704278,0.5992562,0.86648226,2.2727072,4,0,0.2
rec02,1.6389602,0.8573036,0.6046503,0.49873373,0.4480243,0.43359366,0.43382177,0.4515398,0.5107372,0.634903,0.90863657,1.547434,1.5482479,1.611481,0.58079714,0.47905862,0.4303496,0.41648826,0.4167074,0.43372637,0.49058837,0.60361874,0.8727902,2.2529335,3,0,0.2
rec02,1.6733547,0.8624274,0.6049003,0.49742687,0.4458181,0.43060583,0.43073338,0.44746676,0.50487983,0.6255385,0.8901339,1.5672114,1.5676757,1.6285774,0.58926594,0.48457026,0.43429536,0.41947633,0.41960055,0.43590143,0.49183053,0.6032308,0.8671264,2.2331555,4,0,0.2
rec02,1.7574501,0.878861,0.6097127,0.49842414,0.444718,0.42781895,0.42785123,0.4428481,0.49732807,0.6123382,0.8621474,1.5869225,1.5870423,1.6426708,0.60171944,0.49188974,0.43888757,0.42221,0.42224187,0.43704215,0.49080783,0.5983926,0.8508444,2.2132065,4,0,0.2
rec02,1.7513974,0.87458575,0.6064393,0.49561346,0.44211993,0.42524186,0.4252697,0.44010323,0.49414113,0.6082437,0.8559795,1.6067594,1.6068646,1.6629125,0.60579306,0.49508542,0.44164878,0.4247887,0.4248165,0.4396342,0.49361446,0.6016536,0.855067,2.1933768,4,0,0.2
rec02,1.7408342,0.8693105,0.6027815,0.49262378,0.43945292,0.42267665,0.4227043,0.43744835,0.49116024,0.6045745,0.8508162,1.6265953,1.6267016,1.6834416,0.6094513,0.4980749,0.4443156,0.42735374,0.42738172,0.4422889,0.49659508,0.6052865,0.8602303,2.1735418,4,0,0.2
rec02,1.7302694,0.8640352,0.59912354,0.48963454,0.43678626,0.42011184,0.42013934,0.43479395,0.4881799,0.6009059,0.84565336,1.6464309,1.6465387,1.7039701,0.61310923,0.5010643,0.44698238,0.4299187,0.42994684,0.4449435,0.4995756,0.6089194,0.8653936,2.1537063,4,0,0.2
rec02,1.7197056,0.85875994,0.5954657,0.48664528,0.43411964,0.41754702,0.41757435,0.43213952,0.48519954,0.5972374,0.84049004,1.6662662,1.6663754,1.7244992,0.61676675,0.5040536,0.44964904,0.43248355,0.43251187,0.44759792,0.502556,0.61255217,0.87055653,2.1338706,3,0,0.2
rec02,1.7512583,0.8628447,0.5954764,0.48542768,0.43221512,0.4150133,0.41500217,0.42882147,0.48053703,0.5899771,0.8266986,1.6353565,1.6861237,1.7422705,0.6242262,0.5088642,0.45308256,0.4350502,0.43503848,0.44952497,0.5037374,0.6124849,0.8666115,2.1141148,4,0,0.2
rec02,1.8172724,0.87420696,0.5983867,0.48568878,0.43105218,0.41270894,0.41263315,0.42527157,0.47499758,0.5806665,0.8078481,1.5653293,1.7059697,1.7582216,0.6343035,0.5148409,0.45692486,0.4374806,0.43740022,0.45079726,0.5035079,0.60969085,0.8563373,2.094564,4,0,0.2
rec02,1.8074206,0.8694545,0.5951306,0.48304445,0.4287045,0.41046047,0.41038504,0.42295393,0.472408,0.5774994,0.80343926,1.5567681,1.7258434,0.93145216,0.63756734,0.5174887,0.45927387,0.4397289,0.43964815,0.45311323,0.5060937,0.6128204,0.8607295,2.0746868,4,0,0.2
rec02,1.7975408,0.86470217,0.5918777,0.48040414,0.42636117,0.40821686,0.40814182,0.42064208,0.46982574,0.5743428,0.7990474,1.548258,1.7457182,0.93620485,0.6408204,0.52012914,0.46161735,0.4419726,0.44189143,0.45542526,0.50867605,0.61594737,0.865121,2.0548084,4,0,0.2
rec02,1.7876606,0.85994905,0.58862436,0.47776353,0.42401764,0.40597302,0.40589845,0.41832992,0.46724334,0.57118577,0.7946555,1.5397487,1.7655926,0.9409576,0.6440736,0.52276963,0.46396074,0.44421625,0.44413465,0.4577373,0.51125836,0.6190743,0.86951303,2.0349302,4,0,0.2
rec02,1.7777797,0.8551963,0.5853712,0.47512305,0.4216742,0.40372938,0.4036552,0.41601798,0.464661,0.5680291,0.79026395,1.5312395,1.7854673,0.94571036,0.6473269,0.52541,0.46630412,0.44645998,0.44637793,0.4600492,0.5138407,0.6222011,0.87390476,2.0150518,3,0,0.2
rec02,1.8266717,0.86256975,0.5867781,0.4747278,0.4203164,0.40157858,0.40143365,0.4129702,0.4601545,0.5607657,0.7761635,1.4822744,1.8053405,0.9639123,0.6557182,0.53050315,0.46969894,0.44875953,0.44859764,0.46148956,0.5142175,0.6208033,0.8673538,1.99552,4,0,0.2
rec02,1.9559348,0.8851827,0.5940207,0.4772311,0.42036554,0.39981604,0.39944828,0.40940818,0.453893,0.5495401,0.75261873,1.3962151,1.8252397,0.9984968,0.6700626,0.53832227,0.47417724,0.4509971,0.45058227,0.46181706,0.51199645,0.61428493,0.8489626,1.976714,4,0,0.2
rec02,1.9549673,0.8834579,0.59220743,0.47550556,0.4186736,0.39806387,0.39767453,0.40747645,0.45157224,0.54645157,0.7477755,1.38418,1.8451561,1.0049293,0.673633,0.54088545,0.4762393,0.45279574,0.45235288,0.46350247,0.5136612,0.6159822,0.8505909,1.956881,4,0,0.2
rec02,1.935044,0.87956333,0.5895967,0.47340938,0.41682795,0.39630902,0.3959214,0.40568012,0.4495815,0.5440425,0.74447894,1.378078,1.8650795,1.0088236,0.6762436,0.5429816,0.478085,0.4545506,0.454106,0.4652988,0.51565194,0.61836946,0.85388726,1.9369385,4,0,0.2
rec02,1.9151205,0.8756694,0.58698636,0.47131371,0.41498274,0.39455464,0.39416873,0.4038843,0.4475913,0.54163414,0.7411831,1.371977,1.8850036,1.0127181,0.6788541,0.54507756,0.4799303,0.45630518,0.45585883,0.4670949,0.5176423,0.6207563,0.8571831,1.9169954,4,0,0.2
rec02,1.8951964,0.8717751,0.58437604,0.4692175,0.41313708,0.39279985,0.3924157,0.40208805,0.44560072,0.5392253,0.7378871,1.365876,1.9049269,1.0166118,0.68146425,0.5471734,0.4817757,0.45805964,0.4576116,0.46889085,0.5196327,0.62314314,0.8604794,1.8970519,4,0,0.2
rec02,1.8752729,0.86788106,0.58176565,0.46712166,0.41129172,0.39104533,0.39066285,0.40029198,0.4436103,0.5368167,0.7345906,1.3597742,1.9248503,1.0205063,0.6840748,0.5492695,0.48362124,0.45981434,0.45936462,0.47068706,0.5216233,0.6255303,0.8637753,1.8771089,4,0,0.2
rec02,1.8553493,0.863987,0.57915545,0.46502557,0.40944615,0.3892906,0.38890988,0.3984958,0.44161972,0.53440785,0.7312949,1.3536729,1.9447744,1.0244004,0.686685,0.5513654,0.48546663,0.4615689,0.46111742,0.47248316,0.5236137,0.62791723,0.8670714,1.8571657,4,0,0.2
rec02,1.8354253,0.860093,0.57654506,0.46293,0.40760094,0.38753626,0.38715726,0.39669997,0.43962955,0.5319995,0.72799844,1.3475717,1.9646978,1.0282946,0.68929535,0.5534613,0.48731205,0.4633235,0.4628704,0.47427922,0.5256041,0.6303042,0.8703674,1.8372225,3,0,0.2
rec02,1.815536,0.87140954,0.57959193,0.4635436,0.4069737,0.38597566,0.3854419,0.3941795,0.4356405,0.5253236,0.71483475,1.3036296,1.9846648,1.0503781,0.6986274,0.5587454,0.4905571,0.4652465,0.46460313,0.47513524,0.5251114,0.6276036,0.86164606,1.8180498,4,0,0.2
rec02,1.7955993,0.8980351,0.58828604,0.46695283,0.40774438,0.38489434,0.3839788,0.39136028,0.43032974,0.5155766,0.694448,1.2335715,2.0046246,1.0900308,0.71405876,0.5667846,0.49491775,0.46718246,0.4660712,0.47503084,0.52233166,0.6204386,0.8429167,1.7998807,4,0,0.2
rec02,1.7756262,0.89765155,0.58728665,0.46586815,0.40661576,0.3836817,0.38273093,0.38998878,0.42864534,0.5132921,0.69080913,1.2245905,2.024574,1.0960314,0.7170766,0.56882435,0.49647728,0.46847484,0.46731386,0.47617579,0.5233754,0.62136996,0.84347713,1.7800376,4,0,0.2
rec02,1.7556632,0.89477706,0.5854061,0.46437627,0.40531364,0.38245305,0.38150528,0.38873997,0.42727277,0.51164836,0.68859684,1.2206688,2.0445375,1.0989062,0.7189571,0.57031614,0.49777937,0.46970347,0.46853945,0.47742456,0.52474797,0.6229995,0.8456892,1.7600247,4,0,0.2
rec02,1.7356993,0.8919027,0.5835256,0.46288472,0.40401176,0.38122466,0.38027993,0.3874913,0.42590037,0.510005,0.6863853,1.2167484,2.0645008,1.10178,0.72083753,0.57180786,0.49908125,0.47093198,0.46976495,0.4786733,0.5261205,0.6246291,0.8479009,1.7400113,4,0,0.2
rec02,1.7157358,0.8890291,0.5816455,0.46139318,0.40270993,0.37999624,0.3790546,0.38624275,0.42452794,0.50836164,0.6841733,1.2128279,2.0844638,1.104654,0.7227178,0.5732993,0.500383,0.47216034,0.4709902,0.47992176,0.5274927,0.62625813,0.8501126,1.7199981,4,0,0.2
rec02,1.6957723,0.8861552,0.57976526,0.4599016,0.40140814,0.3787678,0.37782916,0.38499406,0.42315555,0.5067182,0.6819617,1.2089069,2.1044278,1.107528,0.72459805,0.5747908,0.5016848,0.47338864,0.4722155,0.48117036,0.52886504,0.6278875,0.8523243,1.6999849,4,0,0.2
rec02,1.6758088,0.88328105,0.57788485,0.45841008,0.40010625,0.3775394,0.3766038,0.3837455,0.42178324,0.50507486,0.6797497,1.2049861,2.1243908,1.1104022,0.72647864,0.57628244,0.5029868,0.4746172,0.47344103,0.48241913,0.53023756,0.629517,0.8545363,1.6799722,4,0,0.2
rec02,1.6558453,0.88040715,0.5760046,0.45691863,0.3988045,0.37631106,0.37537855,0.38249698,0.42041096,0.50343156,0.67753816,1.2010654,2.1443546,1.113276,0.7283587,0.57777387,0.5042885,0.4758455,0.47466627,0.48366758,0.53160983,0.63114613,0.85674775,1.6599588,4,0,0.2
rec02,1.6358818,0.87753296,0.5741243,0.45542693,0.39750257,0.37508252,0.37415305,0.38124827,0.41903844,0.50178796,0.6753263,1.1971447,2.164318,1.11615,0.73023903,0.5792655,0.5055903,0.47707394,0.47589165,0.48491618,0.5329822,0.63277555,0.85895956,1.6399457,4,0,0.2
rec02,1.6159185,0.87465936,0.5722441,0.4539355,0.39620087,0.37385428,0.3729278,0.37999982,0.4176663,0.5001449,0.67311454,1.1932236,2.1842818,1.119024,0.73211926,0.580757,0.50689226,0.47830245,0.47711706,0.48616487,0.53435457,0.6344049,1.7167621,1.6199329,3,0,0.2
rec02,1.5959194,0.8862617,0.57554543,0.45490322,0.39602363,0.3728627,0.3717179,0.3782193,0.4147309,0.49515948,0.6633339,1.1623657,2.2041986,1.140399,0.74058414,0.5853475,0.50958395,0.4797815,0.47830847,0.48667416,0.5336555,0.6317822,1.7002727,1.6008341,3,0,0.2
rec02,1.5759673,0.9333785,0.5912466,0.46180573,0.39870107,0.3727425,0.37078568,0.37566084,0.40888932,0.48371032,0.6389065,1.081878,2.224215,1.2064295,0.76421005,0.59690225,0.515337,0.4817845,0.47925517,0.4855565,0.52850556,0.6202022,0.8258116,1.5842847,4,0,0.2
rec02,1.5559521,0.9740577,0.60451776,0.46774003,0.4012081,0.37305138,0.37031612,0.37412584,0.40495887,0.47580156,0.6220435,1.0284785,2.2441819,1.2618108,0.7831026,0.6059184,0.5197318,0.48325703,0.4797137,0.48464894,0.5245905,0.6116026,0.8058051,1.567445,4,0,0.2
rec02,1.5359464,0.9780009,0.60565567,0.4681623,0.40130177,0.37293106,0.37010965,0.37381816,0.40439832,0.4748175,0.6201233,1.0229185,2.264172,1.2681633,0.7853473,0.6070608,0.5203635,0.48357546,0.4799168,0.48472565,0.5243786,0.6109551,1.6653931,1.5476552,3,0,0.2
rec02,1.5159829,0.9976157,0.61191815,0.47097287,0.40253142,0.37316775,0.36996585,0.3732425,0.4027923,0.47153363,0.61313736,1.0013984,2.2842278,1.2945424,0.79404765,0.6111519,0.5223397,0.48423627,0.4800813,0.48433322,0.52267814,0.6072517,1.6494247,1.5291033,3,0,0.2
rec02,1.4959455,1.0636454,0.6327732,0.48056537,0.4070706,0.37461728,0.3700781,0.3722566,0.39882958,0.46284956,0.5942397,0.9437446,2.304171,1.3794228,0.82063276,0.62323713,0.527923,0.4858348,0.47994795,0.4827733,0.5172353,0.5959464,1.6454781,1.514294,3,0,0.2
rec02,1.4759705,1.146708,0.657949,0.49221522,0.41284737,0.37692592,0.37070376,0.37195137,0.39547572,0.4548394,0.5764772,0.89092547,2.235024,1.482729,0.8507484,0.6364494,0.5338244,0.48737678,0.4793313,0.4809445,0.5113622,0.5841194,0.74540246,1.5007443,4,0,0.2
rec02,1.4559885,1.214989,0.6781134,0.50174725,0.41788468,0.37939495,0.3718194,0.3725788,0.39407325,0.4504676,0.5660618,0.85962313,2.0235107,2.3489227,0.87214226,0.64531255,0.53745425,0.48795137,0.47820818,0.47918484,0.5068295,0.5755675,0.72802913,1.4856533,4,0,0.2
rec02,1.4360315,1.2260095,0.6823997,0.5043821,0.41979584,0.38092747,0.37319025,0.37391275,0.39528966,0.45160064,0.56703514,0.85972434,2.012528,2.3686612,0.87192136,0.6444631,0.5363848,0.48672163,0.4768355,0.47775865,0.5050725,0.5732593,1.6153694,1.4658043,3,0,0.2
rec02,1.4161195,1.2609187,0.6931397,0.50986457,0.42307347,0.3829877,0.37461966,0.37516704,0.39574665,0.4509786,0.56426626,0.8495211,1.9414722,2.3875816,0.87966204,0.6470681,0.5369217,0.48604888,0.47542885,0.47612357,0.5022411,0.56866413,1.5992825,1.4477521,3,0,0.2
rec02,1.3961523,1.3742937,0.723843,0.5240646,0.4305913,0.3868206,0.37629208,0.37646392,0.3943767,0.44587472,0.5518609,0.813358,1.736209,2.4050612,0.9112841,0.6597724,0.54209393,0.48698863,0.4737337,0.47395003,0.49650124,0.5579202,1.5976182,1.4352161,3,0,0.2
rec02,1.376359,1.3762816,0.7610301,0.5410114,0.43963584,0.3916357,0.37849414,0.37847292,0.39356172,0.441264,0.54007363,0.779244,1.5625535,2.4238646,0.94820845,0.6740754,0.54776615,0.48796,0.47158632,0.47155982,0.49035975,0.5466409,1.598695,1.4241468,4,0,0.2
rec02,1.3570687,1.3565983,0.7926429,0.5556445,0.4478179,0.3964652,0.38131925,0.3811872,0.39429212,0.43949035,0.5337345,0.75910896,1.4632646,2.4439332,0.9750996,0.68354696,0.5509,0.48772642,0.46909416,0.46893162,0.48505315,0.5376857,1.5937289,1.4109708,4,0,0.2
rec02,1.3373618,1.3367904,0.80177087,0.5611581,0.45184714,0.39975974,0.384285,0.38412082,0.3971172,0.44235745,0.53676724,0.7622587,1.4633727,2.4636786,0.97264314,0.6807516,0.54814434,0.48495618,0.46618348,0.4659843,0.48175034,0.5336987,1.5724868,1.3912158,4,0,0.2
rec02,1.317572,1.3170091,0.8079649,0.56549305,0.45533764,0.4028479,0.38725364,0.3870882,0.40018493,0.4457747,0.5409137,0.7681472,1.4746776,2.4834592,0.9664497,0.6764165,0.54465365,0.48186785,0.46321464,0.46301675,0.4786824,0.53029996,1.5492178,1.3706293,4,0,0.2
rec02,1.2977829,1.2972286,0.81415945,0.5698288,0.45882884,0.4059366,0.39022273,0.39005604,0.40325317,0.44919246,0.54506075,0.77403635,1.4859831,2.50324,0.9602549,0.6720809,0.54116267,0.4787793,0.4602457,0.4600491,0.4756143,0.52690095,1.5259496,1.3500433,4,0,0.2
rec02,1.2779934,1.2774475,0.8203537,0.5741643,0.46231973,0.4090251,0.39319173,0.39302373,0.40632126,0.45261016,0.5492081,0.77992606,1.4972901,2.5230215,0.95406014,0.66774523,0.53767157,0.4756906,0.4572766,0.45708123,0.47254604,0.5235018,1.5026807,1.3294567,4,0,0.2
rec02,1.2582039,1.2576663,0.8265487,0.57850015,0.46581104,0.41211393,0.39616093,0.3959917,0.40938964,0.45602807,0.5533553,0.7858153,1.5085961,2.5428026,0.9478655,0.6634099,0.5341807,0.47260216,0.45430768,0.4541136,0.469478,0.5201029,1.479412,1.3088704,4,0,0.2
rec02,1.2384143,1.2378852,0.83274347,0.5828356,0.469302,0.41520247,0.39912996,0.39895946,0.41245782,0.45944577,0.5575024,0.7917046,1.5199026,2.5625834,0.94167095,0.659074,0.5306894,0.4695133,0.45133838,0.45114556,0.46640953,0.5167036,1.4561431,1.288284,4,0,0.2
rec02,1.2186247,1.2181041,0.8389378,0.5871712,0.47279298,0.41829103,0.402099,0.40192726,0.415526,0.4628635,0.56164956,0.7975939,1.5312086,2.582364,0.9354761,0.65473855,0.5271986,0.46642485,0.44836953,0.448178,0.46334156,0.5133049,1.4328746,1.2676975,4,0,0.2
rec02,1.1988349,1.1983228,0.8451324,0.59150696,0.47628415,0.42137972,0.4050681,0.4048951,0.41859424,0.46628127,0.5657967,0.80348325,1.5425147,2.6021457,0.92928165,0.6504026,0.5237072,0.46333602,0.44540024,0.44520998,0.46027312,0.5099055,1.4096055,1.2471108,4,0,0.2
rec02,1.1790458,1.178542,0.8513269,0.5958425,0.4797752,0.42446828,0.40803716,0.4078628,0.4216624,0.46969897,0.56994385,0.80937266,1.5538217,2.6219268,0.923087,0.64606744,0.5202165,0.46024767,0.4424314,0.44224244,0.4572052,0.5065068,1.3863368,1.2265246,4,0,0.2
rec02,1.159256,1.1587607,0.8575217,0.6001782,0.4832663,0.42755696,0.4110062,0.41083065,0.42473066,0.47311676,0.5740911,0.8152621,1.5651276,2.6417081,0.9168922,0.6417315,0.5167252,0.4571589,0.43946224,0.43927452,0.4541369,0.5031075,1.3630677,1.2059377,4,0,0.2
rec02,1.1394669,1.13898,0.86371636,0.60451376,0.48675734,0.4306456,0.4139753,0.41379845,0.42779884,0.47653446,0.5782381,0.8211513,1.5764335,2.6614888,0.9106977,0.6373962,0.5132344,0.45407045,0.43649328,0.43630683,0.4510688,1.6451647,1.3397994,1.1853518,2,0,0.2
rec02,1.1200064,1.1191158,0.8829514,0.61414564,0.4927394,0.43477938,0.41709074,0.41675907,0.43000203,0.4778098,0.5779201,0.8159138,1.5424643,2.681059,0.91795325,0.63849145,0.51227236,0.45201465,0.4336248,0.43328002,0.44704786,1.6344758,1.3231446,1.1675054,2,0,0.2
rec02,1.1019263,1.0993931,0.93917114,0.6384863,0.505696,0.44202405,0.42099598,0.42002818,0.43048647,0.4743178,0.5674607,0.7857207,1.4144889,2.7008135,0.9615083,0.65367204,0.5177234,0.45253703,0.43100885,0.43001804,0.44072506,1.6068082,1.3236226,1.1569656,2,0,0.2
rec02,1.0869733,1.0797708,1.0478454,0.68199724,0.52767575,0.4536658,0.4267753,0.42394748,0.4304292,0.4677055,0.54983664,0.73884505,1.2410449,2.7203994,1.0531433,0.6854447,0.53034323,0.4559591,0.4289326,0.42609042,0.43260494,1.5663265,1.3439615,1.155462,2,0,0.2
rec02,1.0754414,1.0603626,1.0682318,0.73964494,0.5560833,0.4688815,0.43492207,0.428824,0.43200648,0.46244672,0.5338249,0.6962924,1.0986452,2.7397609,1.1825974,0.7265012,0.54620135,0.46054912,0.42719314,0.42120343,0.42432937,1.526762,1.3750395,1.1594137,2,0,0.2
rec02,1.0669706,1.0412452,1.0437373,0.81052893,0.59002244,0.48726544,0.4454511,0.434711,0.4357514,0.45971394,0.52162975,0.6624126,0.99256194,2.1391373,1.3538067,0.7743606,0.5636937,0.46552202,0.4255736,0.41531274,0.41630673,0.4377594,1.4132564,1.1671267,3,0,0.2
rec02,1.0595152,1.0224614,1.0227499,0.88735396,0.62594223,0.5070816,0.45757583,0.44157326,0.44169787,0.4602822,0.5149507,0.6402463,0.92348456,1.7857822,1.5504808,0.8207962,0.5789922,0.46904695,0.42325434,0.40845212,0.4085673,0.42456582,1.4493673,1.174146,3,0,0.2
rec02,1.0488375,1.004443,1.0039672,0.9499171,0.6556416,0.52440834,0.4692524,0.44939023,0.44917735,0.46452072,0.515264,0.6327034,0.89326054,1.6356132,1.6985091,0.8477213,0.58510506,0.46799037,0.41876832,0.40104297,0.40085295,0.4135074,1.465441,1.172118,3,0,0.2
rec02,1.0383105,0.9872934,0.98568445,1.0127118,0.6868316,0.54262054,0.48170155,0.45803335,0.45728686,0.46982566,0.51713514,0.62803286,0.87051564,1.5258175,1.8659045,0.87347823,0.5898889,0.46603245,0.41371194,0.39338434,0.39274317,1.4277687,1.4804692,1.1696217,2,0,0.2
rec02,1.0314376,0.9716509,0.9676205,0.9868543,0.72776717,0.56537515,0.49661544,0.4678295,0.46588895,0.47514975,0.5179116,0.620449,0.84128064,1.4041291,2.8324716,0.91644996,0.600054,0.46615958,0.4094662,0.38573182,0.38413176,1.4089967,1.5115248,1.1742471,2,0,0.2
rec02,1.0331264,0.95952165,0.94992197,0.9603156,0.7912272,0.5981856,0.51682323,0.4800023,0.47520012,0.48039955,0.5162706,0.60669845,0.7985321,1.2539145,2.8501773,1.0053991,0.62409407,0.47182906,0.40765303,0.37860996,0.37482208,1.3879586,1.4936715,1.1957695,2,0,0.2
rec02,1.0390955,0.9505386,0.9327179,0.93693334,0.8700248,0.6374072,0.5407614,0.49467498,0.48540083,0.48759457,0.5165807,0.5957899,0.7628068,1.1370763,2.8673725,1.1262918,0.65353805,0.4788022,0.40620464,0.37158585,0.36461937,0.36594644,1.4523009,1.2248046,3,0,0.2
rec02,1.0447983,0.94289917,0.91610426,0.917191,0.9550631,0.6787519,0.5662415,0.51101613,0.49649432,0.49708334,0.5203287,0.59096867,0.74038774,1.0623635,2.3543024,1.2598268,0.6801233,0.48335543,0.403234,0.36390668,0.3535654,0.35383064,1.4186175,1.2523965,3,0,0.2
rec02,1.0429393,0.933039,0.899855,0.9000589,0.9351632,0.71391964,0.5889994,0.5269334,0.5081926,0.50830775,0.52813303,0.59429103,0.73512566,1.0325277,2.1309226,1.3493329,0.6899704,0.48020327,0.39617825,0.35443082,0.34188217,1.3419352,1.3944968,1.2641351,2,0,0.2
rec02,1.0460031,0.9257573,0.8844515,0.88399726,0.91044986,0.7568696,0.6157462,0.5449617,0.5206464,0.520379,0.53595084,0.5965867,0.72732145,0.9978491,1.9175891,1.4964164,0.70799756,0.47944888,0.3900524,0.3452131,0.33009145,1.329664,1.3694527,1.2857374,2,0,0.2
rec02,1.0631691,0.92539346,0.8716103,0.8686272,0.8847346,0.82032603,0.6525916,0.5680226,0.53500956,0.5331784,0.54306555,0.59516054,0.71103406,0.9454284,1.6679193,1.8560491,0.7538874,0.4874712,0.38779655,0.33754215,0.31852153,1.3168533,1.3412725,1.3364335,2,0,0.2
rec02,1.0868192,0.9288744,0.8617902,0.85393685,0.8622233,0.8973459,0.6958565,0.59472936,0.5517774,0.5467492,0.5520548,0.59566313,0.69786465,0.901631,1.4824356,2.9461296,0.8147813,0.49773178,0.38597134,0.3298791,0.30695805,0.36888352,1.3159299,1.4015143,3,0,0.2
rec02,1.1091603,0.9324373,0.853723,0.8399758,0.8436883,0.8986405,0.74086666,0.62282395,0.57024664,0.5610642,0.563544,0.6002494,0.6922752,0.8748296,1.3684632,2.9601653,0.87469774,0.50407404,0.38157132,0.32077536,0.29614583,0.35509393,1.2947013,1.3790295,3,0,0.2
rec02,1.1189734,0.9305047,0.8447372,0.8265525,0.82835615,0.875303,0.77963656,0.64832234,0.5885646,0.57589453,0.57715124,0.60986096,0.6967315,0.86913747,1.3226215,2.9735146,0.9024802,0.4983694,0.3711,0.30859566,0.28531748,0.37344715,1.276918,1.3492866,3,0,0.2
rec02,1.1287311,0.9287651,0.8363614,0.8135849,0.8142046,0.85404503,0.8200893,0.6748024,0.6076657,0.5911178,0.591568,0.6205144,0.7028391,0.8667353,1.2882603,2.7771337,0.92902505,0.49038643,0.3592212,0.2955816,0.27364433,1.258975,1.259934,1.3215843,2,0,0.2
rec02,1.1495453,0.93241173,0.8306509,0.8010633,0.8010011,0.83229,0.8706452,0.70619214,0.62912047,0.60671103,0.60666394,0.63036156,0.70629233,0.8587238,1.2411474,2.46659,0.98976654,0.48789406,0.34926447,0.2832931,0.26402372,1.2434992,1.2434028,1.2919728,2,0,0.2
rec02,1.1961595,0.9482741,0.83085686,0.79067546,0.789047,0.8093636,0.89287186,0.7483558,0.65569293,0.62398297,0.6226977,0.63873124,0.70463413,0.8399706,1.1699215,2.113527,1.1564183,0.50031567,0.3446158,0.2731995,0.25377917,1.2298868,1.2273537,1.2589562,2,0,0.2
rec02,1.2559241,0.970091,0.83470935,0.78325474,0.77793133,0.7896092,0.8577003,0.7972449,0.685985,0.64369833,0.63932335,0.6489206,0.70487946,0.8244676,1.1102624,1.8572406,1.4531558,0.51753145,0.34015754,0.26274183,0.24356921,2.2258718,1.2107201,1.2288947,3,0,0.2
rec02,1.290352,0.99144804,0.8392042,0.7778112,0.767684,0.7739492,0.82995003,0.84785384,0.71765983,0.6651588,0.6564983,0.6618562,0.70974624,0.8175734,1.0728334,1.7007397,1.9263911,0.52913374,0.33161905,0.24992909,0.23560336,2.2225056,1.193545,1.2032858,3,0,0.2
rec02,1.2573208,1.0025573,0.8395178,0.7719693,0.7581484,0.7618649,0.8105591,0.8913977,0.7464356,0.6863768,0.6740882,0.6773927,0.72068787,0.8225891,1.0632771,1.6367894,3.0420794,0.5184478,0.31394017,0.23268893,0.22749518,2.2157516,1.1760223,1.1817874,3,0,0.2
rec02,1.2265403,1.0138673,0.8402169,0.7668445,0.7490553,0.7510451,0.7932711,0.897958,0.7761013,0.708328,0.6918962,0.69373417,0.73273796,0.8294363,1.0579679,1.588593,3.0510912,0.50256985,0.29359886,0.21958242,0.23086049,2.2094684,1.1581749,1.1612515,3,0,0.2
rec02,1.196907,1.0270952,0.8420534,0.7626737,0.74045223,0.7412514,0.77732843,0.87283367,0.8073694,0.7312597,0.7099536,0.71071976,0.74531084,0.83688235,1.0540185,1.5468836,3.0597115,0.4835425,0.27128115,0.2125862,0.23692758,2.2043967,1.1401261,1.1413567,3,0,0.2
rec02,1.1683509,1.042405,0.8450765,0.7594674,0.73232174,0.73246425,0.7626738,0.8496575,0.84035176,0.7552214,0.7282273,0.7283691,0.7584097,0.84490716,1.0513079,1.5106617,2.9583397,0.46044573,0.2466876,0.20869099,0.24212687,2.2005532,1.1218542,1.1220726,3,0,0.2
rec02,1.1408081,1.0599872,0.8493445,0.75724214,0.7250351,0.7246699,0.7492572,0.8283085,0.8751712,0.7802682,0.74708176,0.74670535,0.77204025,0.8534953,1.0497332,1.4791293,2.750822,0.43195978,0.21945478,0.20399587,0.24653567,2.1979578,1.1039279,1.103372,3,0,0.2
rec02,1.1142195,1.0800613,0.8549233,0.7560172,0.7187209,0.71750265,0.7370339,0.80867773,0.91196424,0.8064594,0.76667464,0.7653752,0.78620934,0.8626335,1.0492058,1.4516388,2.5809474,0.39612216,0.2016946,0.20572512,0.2502198,2.1966352,1.0865347,1.0846932,4,0,0.2
rec02,1.0903857,1.0924947,0.8571756,0.75363255,0.71288806,0.71082675,0.7271708,0.7937629,0.9457087,0.8314714,0.78651863,0.78424424,0.8022765,0.8757465,1.0572041,1.4453007,2.4987032,0.33588952,0.20163621,0.21131153,2.491292,2.190355,1.068969,1.065878,4,0,0.2
rec02,1.070626,1.0847411,0.85037225,0.7472386,0.70650584,0.7043809,0.7202995,0.7858837,0.94806063,0.8520577,0.805611,0.80318797,0.82133955,0.89612347,1.0810497,1.4762732,2.5458224,0.24134415,0.20154679,0.21833707,2.4713228,2.1715994,1.0501236,1.0469652,4,0,0.2
rec02,1.0512598,1.0748318,0.8426037,0.74041224,0.70005167,0.6979462,0.7137193,0.7787043,0.9393998,0.87214804,0.82460624,0.8221261,0.84070563,0.91725296,1.1065395,1.5110818,2.6058483,0.20440528,0.20669672,0.22551675,2.4484594,2.151509,1.0311283,1.0280269,4,0,0.2
rec02,1.0318934,1.0649226,0.8348356,0.73358613,0.6935976,0.69151163,0.70713925,0.7715252,0.9307391,0.8922385,0.84360164,0.8410644,0.8600719,0.9383826,1.1320297,1.5458909,2.6658773,0.20877413,0.21327676,0.23269588,2.4255958,2.1314185,1.0121328,1.0090886,4,0,0.2
rec02,1.0125271,1.0550128,0.82706684,0.7267598,0.6871434,0.6850768,0.70055896,0.76434577,0.9220781,0.91232944,0.86259747,0.86000305,0.8794385,0.95951253,1.1575199,1.5807002,2.7259042,0.21499792,0.21985674,3.475696,2.4027321,2.1113276,0.99313736,0.9901503,0,0,0.2
rec02,0.99148375,1.055073,0.8238184,0.72203153,0.6811635,0.6786597,0.692838,0.75422776,0.9069338,0.9351125,0.8821837,0.878941,0.8973034,0.97681034,1.1745818,1.5958602,0.222223,0.22140618,0.22603169,3.4692073,2.3929012,2.097247,0.9747771,0.97119397,0,0,0.2
rec02,0.9668818,1.0444596,0.8326663,0.72310156,0.67689025,0.672487,0.6829088,0.737702,0.8773602,0.9655241,0.9038202,0.89794093,0.91185653,0.9850192,1.1714983,1.5648654,0.22903568,0.22754581,0.23107213,2.4436433,2.4171472,2.0990915,0.95836055,0.95212656,0,0,0.2
rec02,0.9404754,1.0028636,0.8567849,0.7318701,0.67583394,0.6669869,0.6723958,0.7170004,0.83753175,1.0063993,0.9293436,0.9171778,0.9246157,0.9859518,1.1516951,1.4977324,0.23614743,0.23305608,0.23494606,2.4310558,2.4830003,2.1209922,0.9452843,0.9329099,0,0,0.2
rec02,0.9150018,0.95846313,0.90249383,0.7517369,0.6804208,0.6625042,0.6636644,0.69518757,0.79288566,0.99685186,0.9619868,0.9366559,0.9382962,0.9828639,1.1209906,1.4093604,0.24394773,0.23752418,3.1431103,2.427937,2.606568,2.1711543,0.9381041,0.91340226,0,0,0.2
rec02,0.8936501,0.917372,0.97329116,0.7843379,0.6924317,0.65987873,0.659458,0.6769632,0.75215983,0.91322786,1.0042548,0.9570424,0.9564319,0.9818204,1.0908802,1.3244821,0.2526115,0.24073558,0.30829564,2.4242222,2.794895,2.2522993,1.9883817,0.8942204,0,0,0.2
rec02,0.8737182,0.88334566,0.9576054,0.82783556,0.7113652,0.66243666,0.6579951,0.6652456,0.7211704,0.848911,1.0555854,0.9829809,0.9763902,0.98714906,1.0701351,1.2596877,0.26169094,0.24369153,0.26187783,2.4158092,3.4439182,2.3574328,2.0257592,0.879616,0,0,0.2
rec02,0.853712,0.85567135,0.9060957,0.8848139,0.7381023,0.6709639,0.65811527,0.65962565,0.69849694,0.7995414,1.0066189,1.0158322,0.9963795,0.99866617,1.057517,1.2104971,0.2713333,0.24665259,0.25776282,2.7547467,2.4026995,2.4923198,2.0790665,0.87037945,0,0,0.2
rec02,0.8340851,0.8338319,0.8631716,0.9590808,0.7739199,0.68580276,0.6600745,0.65987414,0.68309283,0.7620541,0.92651904,1.0562934,1.0166662,1.0163575,1.0521196,1.1737379,0.28173453,0.24965669,0.25701988,3.1405144,2.3958259,2.6654954,2.1508925,0.8665959,0,0,0.2
rec02,0.8187683,0.814049,0.82768047,0.90142804,0.8206268,0.7075278,0.66698146,0.6631371,0.6742414,0.7343173,0.8657351,1.1053572,1.0420122,1.0360062,1.0533541,1.1472098,0.29314938,0.25274745,0.25728554,0.9355334,2.3823514,3.4579008,2.2449083,1.9355146,1,0,0.2
rec02,0.8086273,0.7946715,0.79888386,0.8507502,0.8798451,0.73656416,0.6797543,0.66802263,0.67156374,0.71516395,0.820458,1.059753,1.0739623,1.0554272,1.0610217,1.1299069,0.30559796,0.255832,0.2587182,0.61997795,2.3723688,2.3809292,2.3638113,1.9788697,1,0,0.2
rec02,0.8036951,0.7756987,0.77592844,0.8086913,0.9048868,0.7742018,0.6987259,0.67438585,0.6745855,0.7030693,0.78670096,0.9783511,1.1131306,1.0743549,1.0746729,1.1200503,1.2532827,0.25903752,0.26026607,0.5038447,2.9388435,2.369817,2.5158057,2.0385532,1,0,0.2
rec02,1.8662031,0.75977796,0.7573031,0.7739989,0.8461565,0.8221139,0.72449833,0.68446153,0.6822319,0.69727266,0.7622774,0.91694844,1.1604472,1.0963193,1.0927482,1.1168393,1.2209594,0.26244888,0.26180354,0.44319513,3.117874,2.3570304,2.7116265,2.1176465,1,0,0.2
rec02,1.9067291,0.74906355,0.7395807,0.7458276,0.7976212,0.8825598,0.7579285,0.70036376,0.69149745,0.6973383,0.74576473,0.8707359,1.1350108,1.1247083,1.1104699,1.1198497,1.1976173,0.266144,0.26334965,0.4058627,1.2133675,2.3394344,3.3525634,2.2202654,2,0,0.2
rec02,1.9538556,0.74197644,0.72261834,0.72391844,0.75982773,0.8659365,0.79633105,0.72090256,0.70209426,0.70335746,0.7382469,0.8413422,1.0590968,1.1576217,1.1274197,1.1294482,1.1854732,0.26804766,0.26760498,0.38713077,0.88323945,2.487917,2.3268561,2.3329577,2,0,0.2
rec02,1.995618,1.7768826,0.7064369,0.70638824,0.7310521,0.8186468,0.8347396,0.7432456,0.71382415,0.7137749,0.7386967,0.8272076,1.016558,1.190904,1.1437618,1.143683,1.1836149,0.2715866,0.27579135,0.38324204,0.7650024,2.9594235,2.3005633,2.433733,2,0,0.2
rec02,2.0450804,1.7903005,0.6922674,0.69077593,0.7060253,0.7777918,0.878461,0.7690207,0.7278458,0.7262776,0.7423106,0.8177653,0.98353434,1.2274809,1.1617591,1.1592561,1.1848477,0.2722227,0.28335574,0.3806131,0.6896265,3.0737886,2.2863674,2.550737,2,0,0.2
rec02,2.104871,1.8099523,0.68058765,0.6758541,0.6841476,0.74191463,0.87464964,0.79876673,0.7447738,0.73959386,0.7486698,0.8118848,0.95713824,1.2478216,1.1823996,1.1741759,1.1885844,0.2767238,0.29009488,0.37819687,0.6352618,2.0770402,2.2685492,2.6909926,3,0,0.2
rec02,2.1619735,1.829478,0.67044944,0.6616423,0.6657686,0.71269685,0.8269424,0.8297753,0.76369816,0.7536664,0.7583666,0.81182194,0.9419572,1.2004073,1.2042334,1.1884149,1.1958263,0.27998188,0.29794213,0.3796902,0.6050321,1.5694069,2.248575,3.281526,3,0,0.2
rec02,2.1960285,1.8387712,0.6598731,0.64796805,0.6502407,0.6905353,0.7935782,0.85720015,0.78237444,0.7682595,0.77095413,0.8187292,0.9409016,1.1832176,1.2241485,1.2020636,1.2062799,0.2863499,0.30868718,0.38818514,0.6008571,1.4049419,2.2315931,3.2309756,3,0,0.2
rec02,2.2305458,1.8485564,1.6737696,0.63473064,0.635757,0.6701714,0.7634693,0.88568336,0.8019393,0.7832606,0.78452706,0.8269945,0.9421246,1.170781,1.2443508,1.2153676,1.2173328,0.29115322,0.31912956,0.39658323,0.59875476,1.2936057,2.2158506,2.235093,3,0,0.2
rec02,2.268906,1.8603565,1.6707871,0.62184674,0.6221495,0.6510371,0.73538053,0.9035684,0.82263535,0.7985493,0.7989381,0.8360341,0.9443444,1.1603241,1.2652364,1.2281916,0.37514699,0.2983347,0.328959,0.40419474,0.5964039,1.2060741,2.2990596,2.2001584,3,0,0.2
rec02,2.3114624,1.8742758,1.6693387,0.6094513,0.6093955,0.6330744,0.7091727,0.86197555,0.8445136,0.8142796,0.81420493,0.845842,0.94751585,1.1516736,1.2868474,1.2407779,0.35003442,0.3031109,0.33821914,0.41109386,0.59383744,1.1351207,2.4854245,2.17544,3,0,0.2
rec02,2.3586202,1.8904331,1.6694555,0.5978378,0.5973444,0.61623275,0.68472254,0.8236527,0.8676281,0.83084804,0.8301623,0.85641253,0.9515967,1.1446754,1.3092283,1.2537286,0.31792814,0.31224498,0.3469487,0.41734448,0.59108,1.0761707,2.718624,2.1596582,3,0,0.2
rec02,2.4108443,1.9089589,1.671171,0.5870322,0.58572745,0.600465,0.66191876,0.7883073,0.8920392,0.8483326,0.84644705,0.86774457,0.95655245,1.1391994,1.3324277,1.2671436,0.31885508,0.3222074,0.35518315,0.42300287,0.5881527,1.0261898,2.9536664,2.1438932,3,0,0.2
rec02,2.4686759,1.9300071,1.6745307,1.5813856,0.57453024,0.5857304,0.640662,0.7556847,0.9178134,0.86676073,0.86301506,0.87983906,0.9623533,1.1351315,1.3564998,1.2810453,0.32775488,0.33183417,0.3629547,0.42811856,0.58507305,0.9830849,2.9370668,2.1191537,3,0,0.2
rec02,2.5327406,1.9537456,1.6795835,1.5749707,0.563781,0.5719918,0.6208638,0.7255606,0.9450256,0.8861649,0.87988615,0.8927006,0.9689745,1.1323732,1.3815008,1.2954544,0.33729506,0.34114367,0.37029153,0.432734,0.5818536,0.9453633,2.9202304,2.103223,3,0,0.2
rec02,3.1599588,1.9803697,1.6863891,1.5700488,0.55347264,0.5592162,0.6024431,0.6977359,0.9239095,0.9065786,0.89702606,0.9063348,0.9763936,1.1308368,1.4074942,1.3103954,0.34659913,0.35015306,0.37721956,0.43688703,0.57850546,0.9119337,2.9030974,2.0872786,3,0,0.2
rec02,3.1071177,2.0100925,1.6950109,1.5666281,0.54380316,0.547374,0.58532774,0.67203575,0.8770676,0.9280415,0.91442233,0.92075086,0.98459363,1.130447,1.4345485,1.3258933,0.35641155,0.35887825,0.38376194,0.44061077,0.57503706,0.88197833,2.8856757,2.0624077,3,0,0.2
rec02,3.0572088,2.0431633,1.7055271,1.5647227,0.5353245,0.53643924,0.5694522,0.64830405,0.8345306,0.9505967,0.93207586,0.9359613,0.9935615,1.1311393,1.456061,1.341979,0.3658095,0.36733443,0.38994053,0.44393525,0.5714565,0.85487455,2.8680165,2.046232,4,0,0.2
rec02,3.0169606,2.067157,1.7121469,1.5620081,1.5253212,0.5278408,0.5560089,0.6291128,0.80190086,0.9728319,0.94998294,0.95240337,1.0055672,1.1377788,1.4502738,1.3566755,0.374767,0.3757218,0.39669484,0.44885215,0.57213104,0.8412351,1.907665,2.0250926,4,0,0.2
rec02,2.995368,2.0599725,1.7045088,1.5539424,1.5166519,0.5215481,0.5463405,0.6177033,0.7864105,0.991813,0.96801203,0.97029275,1.0237674,1.1574916,1.4736257,1.3663235,0.3834729,0.38437635,0.40556005,0.45853406,0.5837689,0.8565625,1.9284621,2.0050259,4,0,0.2
rec02,2.9763048,2.048197,1.6947651,1.5450598,1.5079824,0.5163697,0.53717136,0.6073365,0.7732123,1.0102808,0.9860366,0.98835987,1.0428302,1.1790442,1.501065,1.3752061,0.39214265,0.39306659,0.41472915,0.46890086,0.59696704,0.875928,2.8142128,1.9863218,4,0,0.2
rec02,2.9572423,2.0364223,1.6850221,1.5361769,1.4993128,0.51051843,0.5280025,0.59696996,0.76001465,1.0287485,1.0040611,1.0064269,1.0618927,1.200597,1.5181973,0.41066706,0.40081203,0.4017564,0.42389786,0.4792672,0.61016476,0.89529294,2.7961884,1.9676176,4,0,0.2
rec02,2.938179,2.024647,1.6752788,1.5272944,1.4906435,0.50700915,0.5188338,0.5866037,0.74681705,1.0472167,1.0220863,1.0244944,1.080956,1.2221501,1.5279408,0.41954958,0.4094814,0.4104462,0.43306655,0.4896335,0.6233623,0.9146576,2.7781632,1.9416132,4,0,0.2
rec02,2.9191158,2.0128717,1.6655354,1.518412,1.4819741,0.50224906,0.5096651,0.5762374,0.7336194,1.0656847,1.0401111,1.0425618,1.100019,1.2437032,1.5376836,0.42843205,0.4181508,0.41913602,0.44223532,0.4999998,0.6365597,0.93402225,2.760138,1.9223807,4,0,0.2
rec02,2.9000533,2.0010967,1.6557924,1.5095292,1.4733045,0.5082305,0.50049645,0.5658711,0.7204219,1.0780164,1.0581356,1.0606287,1.1190819,1.2652558,1.5474266,0.4373147,0.42682025,0.42782584,0.4514041,0.51036626,0.6497575,0.95338726,2.7421138,1.9037528,4,0,0.2
rec02,2.8809898,1.9893218,1.6460491,1.500647,1.4646354,0.5661817,0.49685663,0.5555048,0.7072243,1.0582678,1.0761608,1.0786964,1.1381453,1.2868092,1.5571702,0.44619715,0.43548954,0.43651563,0.46057275,0.5207326,0.662955,0.9727521,2.7240884,1.885124,4,0,0.2
rec02,2.8619273,1.9775465,1.6363057,1.4917641,1.4559656,1.4593962,0.4969234,0.5451385,0.69402677,1.0385196,1.0941854,1.0967634,1.157208,1.308362,1.5669134,0.4550797,0.44415897,0.44520545,0.46974146,0.53109896,0.67615277,0.99211705,2.7060637,1.8664953,4,0,0.2
rec02,2.8428638,1.9657713,1.6265627,1.4828817,1.4472966,1.4507067,0.4975368,0.53477204,0.6808289,1.0187708,1.1122103,1.1148307,1.1762712,1.3299152,1.5766567,0.46396238,0.45282844,0.45389536,0.47891033,0.54146546,0.68935055,1.0114819,2.6880388,1.8478667,4,0,0.2
rec02,2.823801,1.9539963,1.6168194,1.473999,1.438627,1.4420166,0.49633038,0.52440554,0.6676313,0.99902225,1.130235,1.1328981,1.1953341,1.3514681,1.5864,0.47284484,0.4614978,0.46258515,0.488079,0.5518317,0.702548,1.0308466,2.6700146,1.8292383,4,0,0.2
rec02,2.804738,1.9422213,1.6070763,1.4651166,1.4299577,1.4333268,0.49941522,0.5140392,0.65443367,0.97927374,1.1482599,1.1509653,1.2143972,1.3730209,0.5284035,0.48172742,0.4701672,0.47127497,0.4972477,0.562198,0.7157455,1.0502113,2.6519895,1.8053744,4,0,0.2
rec02,2.7856755,1.9304463,1.5973332,1.456234,1.4212881,1.4246368,0.49870178,0.5036729,0.64123607,0.9595253,1.1662848,1.1690328,1.2334602,1.3945742,0.53814656,0.4906099,0.4788365,0.47996473,0.5064164,0.57256424,0.72894305,1.0695761,2.6339648,1.785187,4,0,0.2
rec02,2.7666125,1.9186713,1.5875897,1.4473513,1.4126186,1.4159472,0.53090763,0.5036365,0.6280387,0.93977714,1.1843094,1.1870997,1.252523,1.4161271,0.5478898,0.4994926,0.48750603,0.48865458,0.5155852,0.5829307,0.74214077,1.0889409,2.6159403,1.7666293,4,0,0.2
rec02,2.7475486,1.9068956,1.5778466,1.4384688,1.4039494,1.4072573,0.56457394,0.5053305,0.614841,0.9200284,1.2023346,1.2051677,1.2715867,1.4376805,0.55763316,0.50837517,0.49617544,0.49734446,0.524754,0.593297,0.7553384,1.1083057,2.597915,1.7480712,4,0,0.2
rec02,2.728486,1.8951209,1.5681033,1.4295862,1.3952798,1.3985674,2.2793229,0.510702,0.60164326,0.9002798,1.2203591,1.2232344,1.2906489,1.4592329,0.5673763,0.5172577,0.50484484,0.5060343,0.5339228,0.6036635,0.76853615,1.1276708,2.5798905,1.7295133,4,0,0.2
rec02,2.7094228,1.8833455,1.5583601,1.4207038,1.3866105,1.3898777,2.3129885,0.51588947,0.5884456,0.8805314,1.2383838,1.2413017,1.309712,1.4807861,0.5771194,0.5261402,0.51351416,0.5147241,0.54309136,0.6140298,0.7817336,1.1470354,2.5618653,1.7109551,4,0,0.2
rec02,2.6903603,1.8715706,1.5486169,1.411821,1.3779411,1.3811877,2.3466542,0.52046293,0.57524806,0.8607829,1.2564088,1.259369,1.3287754,1.5023395,0.58686274,0.53502285,0.5221837,0.5234141,0.5522602,0.6243962,0.7949313,1.1664003,2.5438406,1.6898935,4,0,0.2
rec02,2.6712976,1.8597957,1.5388737,1.4029386,1.3692716,1.3724979,2.3803198,0.52890897,0.5620504,0.84103435,1.2744335,1.2774363,1.3478379,1.523892,0.59660584,0.5439053,0.53085303,0.5321038,0.5614289,0.6347625,0.80812883,1.1857651,2.525816,1.6679277,4,0,0.2
rec02,2.6522338,1.8480204,1.5291306,1.3940561,1.3606024,1.3638083,2.413986,0.5329712,0.54885286,0.82128596,1.2924585,1.2955037,1.3669013,1.5454453,0.6063492,0.5527878,0.53952235,0.54079354,0.5705976,0.6451288,0.8213263,1.2051297,2.5077908,1.6494353,4,0,0.2
rec02,2.6331716,1.8362453,1.5193872,1.3851733,1.3519328,1.3551184,2.4345849,0.55745316,0.5438894,0.8015375,1.3104832,1.3135711,1.3859642,1.5669982,0.61609226,0.5616705,0.54819167,0.54948336,0.57976633,0.6554953,0.83452415,1.2244948,2.4897664,1.6309432,4,0,0.2
rec02,2.6141078,1.82447,1.509644,1.3762909,1.3432637,1.3464288,2.4254162,0.58193547,0.55577004,0.7817887,1.328508,1.3316383,1.4050273,1.5885513,0.62583566,0.570553,0.5568613,0.55817336,0.58893514,0.66586167,0.84772176,1.2438596,2.4717412,1.6124506,4,0,0.2
rec02,2.595045,1.812695,1.4999009,1.3674084,1.334594,1.3377388,2.4162471,0.60641706,0.56193113,0.76204056,1.3465325,1.3497052,1.4240897,1.6101038,0.63557863,0.57943547,0.5655305,0.56686294,0.59810376,0.6762279,0.86091924,1.2632244,2.4537165,1.5939584,4,0,0.2
rec02,2.5759819,1.8009198,1.4901574,1.3585259,1.3259249,1.329049,1.4022955,1.8533924,0.56909883,0.742292,1.3645576,1.3677728,1.443153,1.6316571,0.64532214,0.588318,0.57419986,0.5755527,0.60727245,0.68659425,0.8741167,1.2825888,2.4356916,1.5703022,4,0,0.2
rec02,2.5569189,1.7891449,1.4804143,1.3496432,1.3172553,1.320359,1.3931264,1.8778745,0.57795143,0.72254336,1.3825824,1.3858402,1.4622161,1.6532103,0.65506524,0.59720075,0.5828693,0.58424264,0.61644125,0.6969607,0.88731456,1.301954,2.417667,1.5518705,4,0,0.2
rec02,2.537856,1.7773699,1.470671,1.3407605,1.3085859,1.311669,1.3839575,1.9023565,0.59293056,0.7027951,1.4006072,1.4039072,1.481279,1.6747632,0.6648084,0.6060833,0.5915387,0.59293246,0.62561005,0.7073269,0.9005121,1.3213186,2.399642,1.5334388,4,0,0.2
rec02,2.518793,1.7655948,1.4609278,1.3318782,1.2999166,1.3029795,1.374789,1.9268385,0.59943753,0.6830465,1.4186323,1.4219749,1.5003422,1.6963164,0.6745517,0.61496574,0.6002082,0.60162234,0.6347787,0.7176932,0.9137097,1.3406835,2.3816173,1.515007,4,0,0.2
rec02,2.4997303,1.7538197,1.4511846,1.3229954,1.291247,1.2942895,1.36562,1.9513205,0.6139045,0.66329795,1.4366568,1.440042,1.519405,1.717869,0.68429476,0.6238484,0.60887754,0.6103122,0.6439475,0.7280597,0.9269075,1.3600485,2.3635926,1.4965755,4,0,0.2
rec02,2.4806674,1.7420444,1.4414414,1.3141133,1.282578,1.2855998,1.3564516,1.9758021,0.62331957,0.6435498,1.4207366,1.4581094,1.5384682,1.7394222,0.6940382,0.63273054,0.61754674,0.61900175,0.6531161,0.7384258,0.94010466,1.3794131,2.345568,1.4781436,4,0,0.2
rec02,2.4616039,1.7302694,1.4316981,1.3052306,1.2739084,1.27691,1.3472826,2.0002842,0.6435773,0.636276,1.3771379,1.4761765,1.5575312,1.7609754,0.7037813,0.6416135,0.6262164,0.6276918,0.6622851,0.7487924,0.9533027,1.3987782,2.3275428,1.4597117,4,0,0.2
rec02,2.442541,1.7184943,1.4219551,1.2963477,1.2652389,1.26822,1.3381138,2.0247664,0.66383463,0.6486765,1.3335406,1.4942437,1.5765942,0.8623253,0.71352446,0.65049624,0.63488597,0.63638186,0.67145383,0.75915885,0.96650046,1.4181433,2.3095183,1.4412802,4,0,0.2
rec02,2.4234781,1.7067192,1.4122118,1.2874655,1.2565696,1.2595302,1.3289452,2.0492482,0.684092,0.6631258,1.2899436,1.5123112,1.5956572,0.87410027,0.7232677,0.6593786,0.64355505,0.6450714,0.6806224,0.7695249,0.97969764,1.4375075,2.291493,1.4217913,4,0,0.2
rec02,2.404415,1.6949438,1.4024684,1.2785826,1.2479,1.2508402,1.3197764,2.0737305,0.7043494,0.67772037,1.246344,1.5303785,1.6147203,0.8858756,0.733011,0.66826123,0.6522246,0.6537614,0.6897912,0.7798915,0.9928956,1.4568726,2.2734683,1.3962668,4,0,0.2
rec02,2.3853521,1.6831694,1.3927256,1.2697004,1.2392309,1.2421507,1.3106078,2.0982122,0.7246068,0.68810153,1.2027473,1.5484453,1.6337831,0.8976504,0.742754,0.6771436,0.6608939,0.6624511,0.69895995,0.7902578,1.006093,1.4762373,2.2554433,1.3779418,5,0,0.2
rec02,2.3727727,1.6594682,1.3774652,1.2586321,1.2304895,1.234146,1.3049753,2.1075711,1.7494199,0.7046709,1.2056128,1.5674005,1.6573557,0.9029828,0.74953365,0.6848719,0.66955835,0.67154795,0.71008897,0.80480796,1.0286031,2.2885091,2.2373388,1.3580022,5,0,0.2
rec02,2.3749485,1.6123344,1.3512931,1.2433451,1.2216263,1.2278622,1.3071464,2.0863016,1.7485241,0.71817154,1.3251799,1.5888096,1.6914003,0.89553726,0.7505474,0.69059044,0.678527,0.6819907,0.72602737,0.8292731,1.0731542,2.2590284,2.2195673,1.3388456,5,0,0.2
rec02,2.3805904,1.5652013,1.3249727,1.2281251,1.2121822,1.2221127,1.3106307,2.0637882,0.7632702,0.7306238,1.5014162,1.6114107,1.7281253,0.8881852,0.7518659,0.6969092,0.6878623,0.6934973,0.74372745,0.85678524,1.1244367,2.2307303,2.106899,1.320488,4,0,0.2
rec02,2.3811612,1.5286236,1.3033453,1.2145783,1.2024018,1.2154639,1.310702,2.054168,0.7758299,0.74455595,1.6157911,1.6333435,1.7613248,0.8869908,0.756272,0.70476496,0.6976995,0.7052787,0.7605409,0.88186425,1.1700131,2.2065332,1.6868573,1.301046,4,0,0.2
rec02,2.3647249,1.5130591,1.2911817,1.2040197,1.1923698,1.2057186,1.3010648,2.0723412,1.7684498,0.75867903,1.6053829,1.6513965,1.7819861,0.8981267,0.76642406,0.71468616,0.707771,0.7156947,0.7722905,0.89620095,1.1906358,2.1883426,1.5725359,1.2840229,4,0,0.2
rec02,2.345877,1.5002637,1.2802626,1.1938373,1.1822859,1.1955221,1.2900621,2.0942607,1.7871547,0.7758289,1.5211992,1.6688634,1.8008343,0.9109225,0.7773433,0.72486836,0.7178547,0.72589123,0.7832934,0.90896916,1.2075988,2.1709,1.4900764,1.2638204,5,0,0.2
rec02,2.3368545,1.4765306,1.2643722,1.1820991,1.1721193,1.1870455,1.2844163,2.1006522,1.7988158,0.78784156,1.5597291,1.6888033,1.8273326,0.9169876,0.7852285,0.7341336,0.7279358,0.73720556,0.7976771,0.9286758,1.2406234,2.1506994,1.306612,1.2482116,5,0,0.2
rec02,2.345187,1.4363433,1.2409966,1.1681783,1.1618012,1.1816579,1.2879226,2.082861,1.7995856,0.80413616,1.6847436,1.7135383,1.867634,0.91281027,0.78866524,0.74238884,0.738336,0.75095534,0.81848764,0.9612907,1.3037994,2.1271436,1.2281274,1.2362401,4,0,0.2
rec02,2.3483317,1.4038382,1.2209709,1.1552294,1.1509887,1.1750661,1.2879399,2.0753386,1.8050001,0.8190135,1.7015437,1.737138,1.904003,0.9136572,0.794642,0.7518554,0.7490954,0.76476556,0.838227,0.9912418,1.3607919,2.1063578,1.2121953,1.2236586,4,0,0.2
rec02,2.3321705,1.3883297,1.208377,1.1439726,1.1400013,1.1643474,1.2770072,2.092567,1.8213321,0.8318132,1.7182722,1.7549682,1.9247752,0.9256915,0.80570513,0.7627626,0.7601146,0.7763479,0.8514655,1.0076885,1.3853122,2.0892127,1.1914276,2.1264226,4,0,0.2
rec02,2.313481,1.3748964,1.1966847,1.1329036,1.1289707,1.1530813,1.2646508,2.1128855,1.839017,0.8463304,1.7349566,1.7720089,1.9434646,0.93912494,0.8173973,0.7738318,0.77114546,0.7876141,0.8638218,1.0223118,2.189147,2.0724702,1.1728312,2.1093822,4,0,0.2
rec02,2.2947915,1.3614624,1.184992,1.121834,1.1179396,1.1418145,1.2522941,2.1332045,1.8567023,0.86093104,1.7516414,1.78905,1.9621543,0.9525591,0.8290904,0.78490126,0.78217655,0.7988808,0.8761787,1.0369359,2.171462,2.0557275,1.1560376,2.0923412,4,0,0.2
rec02,2.276102,1.3480283,1.1732993,1.1107646,1.1069086,1.1305481,1.2399374,2.1535232,1.8743871,0.87564456,1.6627795,1.8060906,1.9808438,0.96599305,0.8407829,0.7959706,0.79320747,0.81014735,0.8885353,1.0515596,2.153777,2.038985,1.1392441,2.0753005,4,0,0.2
rec02,2.2574127,1.3345945,1.1616066,1.0996952,1.0958775,1.1192815,1.2275807,2.173841,1.8920717,0.89050496,1.4911095,1.8231311,1.9995333,0.979427,0.8524756,0.8070401,0.80423844,0.8214139,0.90089196,1.0661836,2.136092,2.022243,1.1196347,2.0582602,4,0,0.2
rec02,2.238723,1.3211606,1.1499141,1.0886256,1.0848465,1.1080148,1.2152239,2.19416,1.9097569,0.90729386,1.3194447,1.8401716,2.0182223,0.9928609,0.864168,0.81810945,0.81526935,0.83268046,0.9132486,1.0808074,2.118407,2.0055003,1.10177,2.0412195,4,0,0.2
rec02,2.2200336,1.3077264,1.1382213,1.0775561,1.0738153,1.0967481,1.2028672,2.214479,1.9274418,0.9215223,1.1477757,1.8572123,2.0369122,1.0062948,0.87586075,0.82917905,0.8263006,0.8439473,0.9256056,1.0954314,2.1007218,1.988758,1.0850357,2.0241787,4,0,0.2
rec02,2.2013445,1.2942926,1.1265289,1.0664867,1.0627846,1.0854815,1.1905104,1.4089402,1.9451268,0.93826455,0.97611076,1.874253,2.0556016,1.0197287,0.8875531,0.8402484,0.8373315,0.85521364,0.93796223,1.1100552,2.0830371,1.9720156,1.0673896,2.0071383,4,0,0.2
rec02,2.1826549,1.2808588,1.1148361,1.0554173,1.0517534,1.0742149,1.1781538,1.3943161,1.962812,0.9550074,0.9536229,1.8912935,2.0742908,1.0331628,0.89924616,0.851318,0.8483627,0.86648047,0.9503192,1.1246793,2.0653522,1.955273,1.0506694,1.9900978,4,0,0.2
rec02,2.1639657,1.267425,1.1031436,1.044348,1.0407226,1.0629485,1.1657969,1.3796923,1.980497,0.97174954,0.96928084,1.908334,2.0929806,1.0465966,0.9109385,0.86238736,0.8593936,0.877747,0.96267575,1.1393031,2.047667,1.9385307,1.0326437,1.9730574,4,0,0.2
rec02,2.1452763,1.253991,1.0914508,1.0332785,1.0296913,1.0516818,1.1534401,1.3650683,1.998182,0.98849225,0.98598087,1.9253747,2.1116698,1.0600305,0.92263126,0.87345684,0.87042457,0.8890137,0.9750326,1.1539271,2.0299819,1.9217883,1.0155169,1.9560164,4,0,0.2
rec02,2.1265867,1.2405573,1.0797584,1.022209,1.0186604,1.0404154,1.1410837,1.3504446,2.015867,1.0052345,1.0019782,1.9424152,2.1303592,1.0734643,0.9343238,0.8845262,0.88145554,0.9002801,0.9873891,1.1685506,2.012297,1.9050459,0.9988253,1.938976,4,0,0.2
rec02,2.1078973,1.2271229,1.0680655,1.0111395,1.0076293,1.0291485,1.1287266,1.3358204,2.0335517,1.0219768,1.0184712,1.9594558,2.1490483,1.0868983,0.9460165,0.89559567,0.89248663,0.9115467,0.9997459,1.1831748,1.9946123,1.8883033,0.98169327,1.9219353,4,0,0.2
rec02,2.0892081,1.2136892,1.0563729,1.0000701,0.99659836,1.017882,1.1163701,1.3211967,2.0512369,1.0387192,1.0351561,1.9764963,2.1677377,1.100332,0.9577092,0.9066651,0.90351754,0.9228134,1.0121026,1.1977986,1.9769273,1.8715612,0.965009,1.9048948,4,0,0.2
rec02,2.0705185,1.2002554,1.0446802,0.9890008,0.98556745,1.0066155,1.1040134,1.306573,2.068922,1.9586518,1.0517974,1.9935367,2.186427,1.1137661,0.96940166,0.9177346,0.91454875,0.93407995,1.0244594,1.2124226,1.959242,1.8548187,0.9483246,1.887854,0,0,0.2
rec02,2.0456536,1.191834,1.0352061,0.9784557,0.97451466,0.9941383,1.0883904,1.28527,2.0910692,1.9764367,1.0684526,2.0081148,2.1984994,1.1319308,0.9831749,0.9292769,0.92553395,0.94417113,1.033686,1.2206701,1.9456925,1.839029,0.93159896,1.8685048,0,0,0.2
rec02,2.0021315,1.2005409,1.03349,0.97013336,0.96368855,0.97838455,1.0631669,1.2441235,2.1290846,1.9985645,1.0852678,2.0155625,2.190222,1.1664867,1.0041742,0.94261533,0.9363533,0.95063245,1.0330098,1.2088335,1.946244,1.8269335,0.9147765,1.8424715,4,0,0.2
rec02,1.9554647,1.2168006,1.0355873,0.96373814,0.95336384,0.9630512,1.0370425,1.2004607,2.1751227,2.0242138,1.1023996,2.022771,2.178181,1.2082787,1.0283345,0.9569889,0.9466871,0.9563066,1.0297798,1.1920536,1.9527196,1.8172408,0.89765453,1.8159454,4,0,0.2
rec02,1.9267147,1.2159392,1.0302107,0.95552444,0.94347656,0.9514881,1.021074,1.1771982,2.20549,2.0456014,1.119785,2.03696,2.1859303,1.232818,1.0445117,0.9687888,0.9565738,0.96469635,1.0352482,1.1935396,1.9439546,1.8030262,0.8802686,1.7954094,4,0,0.2
rec02,1.9077289,1.2034799,1.0196127,0.94566596,0.9337258,0.9416409,1.0104752,1.1649361,2.224665,2.0633235,1.1372473,2.0545416,2.2047288,1.2454963,1.0552095,0.9786815,0.9663244,0.9745159,1.0457534,1.2056068,1.9249794,1.785372,0.86280566,1.777773,4,0,0.2
rec02,1.8888268,1.1909198,1.0089715,0.93579674,0.923981,0.9318137,0.99992955,1.1527785,2.2437372,2.0810122,1.1547132,2.0721548,2.2236302,1.2580565,1.0658509,0.988551,0.97606915,0.9843434,1.0562992,1.2177646,1.905907,1.7676824,0.8453396,1.7601588,0,0,0.2
rec02,1.8645825,1.1851304,1.001437,0.92700475,0.9142602,0.9211883,0.9865812,1.1347679,1.4853761,2.1011138,1.1721973,2.0879307,2.2361476,1.2778695,1.0798016,0.99954516,0.9858033,0.9932737,1.0637838,1.2235665,1.8926585,1.7519866,0.8278697,1.7409936,0,0,0.2
rec02,1.8264691,1.1996548,1.0033582,0.92182183,0.9047603,0.90894127,0.96620816,1.1017386,1.4218364,2.1292453,1.1898011,2.0994933,2.2317698,1.3197211,1.1037784,1.0140823,0.99531317,0.99991256,1.0629109,1.2120057,1.8966942,1.7425636,0.8102762,1.7182149,0,0,0.2
rec02,1.7781855,1.9982353,1.0173322,0.92213094,0.89582163,0.8969109,0.9412282,1.0577049,1.3337705,2.169616,1.207736,1.2091554,2.2145483,1.389561,1.1404526,1.0337301,1.0042368,1.0054578,1.0551386,1.1857116,1.9219621,1.7421069,0.7926995,1.6944604,4,0,0.2
rec02,1.731902,1.9158502,1.0391631,0.92710173,0.88819706,0.8878015,0.9184637,1.0160152,1.2508123,2.2201507,2.1269848,1.2260659,2.1994648,1.477212,1.184839,1.0570686,1.01271,1.012259,1.0472195,1.1584463,1.9594983,1.7481906,0.7744001,1.6740842,4,0,0.2
rec02,1.698531,1.8610262,1.0526936,0.92945623,0.8824117,0.88065135,0.9035881,0.99003285,1.201691,2.2635841,2.1490126,1.2453378,2.2005854,1.543114,1.2185704,1.075914,1.0214565,1.0194187,1.0459696,1.1460358,1.978814,1.7471573,0.75689214,0.7558825,0,0,0.2
rec02,1.6688703,1.813885,1.065211,0.9318824,0.8777614,0.87406045,0.89133346,0.9687851,1.1623029,2.306735,2.172767,1.2642314,2.206363,1.605956,1.2503864,1.0938804,1.0303509,1.0260068,1.0462825,1.1371983,1.9944257,1.744791,0.73961586,0.73702425,0,0,0.2
rec02,1.635522,1.7542734,1.0961262,0.943502,0.87673056,0.8681235,0.8778395,0.94157743,1.1087834,1.4591651,2.204333,1.2831668,2.2071216,2.3673759,1.302957,1.1215347,1.042164,1.0319328,1.0434822,1.1192471,2.0422156,1.7578593,0.72450596,0.7181003,0,0,0.2
rec02,1.6032369,1.6887753,1.9403408,0.96858025,0.8823464,0.8632369,0.86604166,0.91224813,1.0481397,1.3312931,2.2508528,1.3028394,1.3062999,2.3271315,1.3852471,1.163366,1.05979,1.0368372,1.0402064,1.0957049,2.1350374,1.7930588,1.6334206,0.69969785,1,0,0.2
rec02,1.5783403,1.6292247,1.8233285,1.0081398,0.89648175,0.8598236,0.859747,0.8874645,0.993196,1.2172991,2.3167121,2.2219791,1.3224629,2.2934098,1.4989853,1.2198724,1.0847634,1.040406,1.0403134,1.0738522,1.2017896,1.850763,1.6457788,0.6801881,5,0,0.2
rec02,0.6599533,1.5840962,1.7341223,1.0538142,0.91572356,0.8608113,0.8578059,0.8719123,0.9544889,1.137213,1.5185313,2.2495806,1.3427479,2.2785916,1.6242683,1.2804539,1.1126648,1.0459427,1.042291,1.0594313,1.1597675,1.9145764,1.6636927,0.6607283,1,0,0.2
rec02,0.640187,1.5481999,1.6606987,1.9300238,0.94111246,0.86714435,0.85718405,0.862613,0.9252941,1.0753545,1.3834729,2.2879665,1.3624728,2.2760105,2.441395,1.349691,1.1449981,1.0550051,1.0428871,1.0494921,1.1257527,1.9910502,1.6890892,0.645841,6,0,0.2
rec02,0.6213758,1.5198369,1.5977279,1.8135712,0.97519153,0.8794791,0.85798985,0.8587602,0.90277135,1.0247302,1.2752252,2.338816,1.548871,1.3828756,2.4007576,1.4343076,1.1844304,1.0681814,1.0420815,1.0430168,1.0964712,2.0900078,1.725898,0.6339293,6,0,0.2
rec02,0.5999779,1.4986111,1.5533963,1.7355037,1.0058755,0.8927346,0.86028206,0.86008346,0.891526,0.9960413,1.2133496,2.38898,2.3021362,1.4025519,2.3857453,1.5041914,1.2163177,1.0795063,1.0402644,1.040024,1.0780448,1.1976941,1.7526392,1.5555024,6,0,0.2
rec02,0.58010304,0.9965492,1.5211799,1.6839957,1.0283988,0.903707,0.86420834,0.8630344,0.8877546,0.98277336,1.1829243,1.6555767,2.3245306,1.4223608,2.3878648,1.5488958,1.2357724,1.0859368,1.0384734,1.0370628,1.0667676,1.1747918,1.762176,1.5485151,2,0,0.2
rec02,0.56074417,0.56014264,1.4924529,1.6399137,1.9551055,0.9146803,0.8690938,0.866496,0.88630575,0.9738766,1.1610564,1.5978664,2.3480375,1.4415892,2.394539,1.5878776,1.2521367,1.0910354,1.0366595,1.0335608,1.0571898,1.1559451,1.7676623,1.5402329,7,0,0.2
rec02,0.54259264,0.5404921,1.4636823,1.5942203,1.879709,0.92872185,0.87556,0.8705375,0.8851575,0.9640999,1.1367478,1.5350873,2.3742259,1.4619354,2.4002512,1.6394079,1.2737796,1.0983294,1.0354586,1.029519,1.0468088,1.1349803,1.7810398,1.5357196,7,0,0.2
rec02,0.5235984,0.5208183,1.4412283,1.5650941,1.8385519,0.9371464,0.88111025,0.87505007,0.8881137,0.9644425,1.1329527,1.5205041,2.3965886,1.4808626,2.4156373,1.6532948,1.2778014,1.0977551,1.0321153,1.0250165,1.040319,1.1247245,1.7702297,1.5207986,7,0,0.2
rec02,0.5034435,0.5010713,1.423952,1.5507294,1.8281119,0.93860465,0.8847649,0.87964475,0.8943383,0.9739632,1.1481777,1.5500678,2.413524,1.5008906,2.4396389,1.6258718,1.2629532,1.0888077,1.026352,1.0204126,1.0374575,1.1246903,1.7334536,1.4944321,7,0,0.2
rec02,0.48245928,0.4819377,1.412433,1.5517384,1.849606,0.9332696,0.88663197,0.8839454,0.90404856,0.9932131,1.1838675,1.6286823,2.4264438,1.519197,2.474108,1.5620533,1.2314525,1.0728122,1.0192013,1.016113,1.039222,2.1230261,1.673698,1.4580863,2,1,0.18795846
rec02,0.46277425,0.4625147,1.4042959,1.5585834,1.8822372,0.9268808,0.88828915,0.8874253,0.9147469,1.0152484,1.2260742,1.7261904,2.44014,1.537958,2.5128195,1.4985341,1.2001985,1.0576565,1.0136201,1.0126344,1.0438107,2.01606,1.6146926,1.4229234,2,1,0.1750098
rec02,0.44505963,0.6659075,1.391284,1.550783,1.8833534,0.92595047,0.8905839,0.8902758,0.9208906,1.026463,1.2465913,1.7730155,2.4563487,1.5553962,2.539938,1.4721835,1.1865113,1.0504606,1.0103383,1.0099888,1.0447202,1.960548,1.5801113,1.3989286,2,1,0.16337308
rec02,0.42873317,0.428545,1.372142,1.5266002,1.849464,0.9301173,0.8932074,0.8926637,0.9219595,1.025742,1.2426775,1.7596081,2.4732566,1.571682,2.55287,1.478118,1.1880884,1.0497539,1.0080963,1.0074826,1.0405465,1.9491557,1.5667013,1.3842834,2,1,0.15236333
rec02,0.41397095,0.4132237,1.3477426,1.4876134,1.7838055,0.9401633,0.89681387,0.8950767,0.91862357,1.0139599,1.2158446,1.6902571,2.4917452,1.5870451,2.5523424,1.5174496,1.2052191,1.0556035,1.0069311,1.0049806,1.0314189,1.9828342,1.5748453,1.3793446,2,1,0.14214914
rec02,0.40136164,0.39908051,1.3206738,1.4381218,1.6951647,0.9580983,0.90306383,0.89780724,0.91275,0.9939211,1.1715696,1.5813366,2.5157075,1.6011683,2.5426908,1.5975684,1.2407643,1.069556,1.0081192,1.002251,1.0189321,2.0706644,1.6081983,1.3862891,2,1,0.13272034
rec02,0.3910418,0.3860463,1.2968013,1.3910601,1.6097773,2.0174065,0.91267544,0.9009793,0.908501,0.9745361,1.1277633,1.4768661,2.5467165,1.6140453,2.535068,1.7056683,1.2877971,1.0889031,1.0120624,0.99909246,1.0074333,2.0999558,1.6576945,1.4016716,2,1,0.12403085
rec02,0.3826438,0.3740359,1.2777818,1.3507792,1.5363216,1.9579995,0.9254194,0.90460134,0.90721905,0.95904696,1.0907806,1.3901695,2.5842888,1.6260946,2.5334637,1.834925,1.3421283,1.111726,1.0184333,0.99552274,0.99840367,1.0518949,1.7176888,1.4228145,8,1,0.11602393
rec02,1.3059627,0.36298022,1.2636437,1.3196813,1.480071,1.846913,0.93940663,0.9085144,0.90896577,0.9492748,1.0646458,1.3285228,2.623407,1.6371003,1.6379136,2.6509645,1.394328,1.1335396,1.0252782,0.991562,0.9920546,1.0330604,1.7760446,1.4438618,8,1,0.10865348
rec02,1.3042251,0.35279664,0.35273978,1.2996633,1.4467102,1.7855009,0.95010215,0.9127777,0.91263056,0.94677913,1.0538994,1.3007016,1.8523145,2.5478237,1.6473653,2.642731,1.4236948,1.1448331,1.0280136,0.9876284,0.9874692,1.0217277,1.8062195,1.4524322,3,1,0.10182652
rec02,1.3019139,0.34351352,0.34325558,1.2832034,1.4201335,1.7381045,0.9598718,0.9173304,0.9166416,0.94607687,1.0470324,1.2814652,1.7992367,2.5587413,1.6567965,2.6389248,1.4472893,1.15349,1.0297868,0.9841467,0.9834077,1.012525,1.829744,1.4583066,3,1,0.09550372
rec02,1.3037652,0.33517677,0.33449498,1.2661026,1.3904818,1.6833518,0.97227764,0.92256284,0.92068607,0.94419074,1.0369457,1.2553518,1.7310991,2.5710225,1.665703,2.6312957,1.483888,1.1679684,1.0343897,0.981499,0.9795025,1.0023409,1.8703209,1.47213,3,1,0.08966331
rec02,1.3072057,0.327658,0.32629842,1.2506933,1.3632467,1.6331371,1.9982436,0.92842823,0.92457587,0.94295174,1.0278108,1.2312928,1.6695234,2.5844958,1.6737499,2.6249259,1.5238107,1.1837835,1.0398098,0.97953445,0.97547007,0.9929738,1.9156712,1.4882034,8,1,0.08419894
rec02,1.3082354,0.3206655,0.31875104,1.2386454,1.3431116,1.5975698,2.0163913,0.93406284,0.9284863,0.94361436,1.023197,1.217046,1.631817,2.5968707,1.6813304,2.6234255,1.5521641,1.1943235,1.0428967,0.9774263,0.97159094,0.98573303,1.9470726,1.4981889,8,1,0.07916735
rec02,1.2999005,0.31352323,0.31170627,1.2318233,1.3362867,1.5903816,2.019219,0.93767774,0.9322437,0.9476857,1.0280527,1.2235371,1.6420143,2.603528,1.6883944,2.6313152,1.5432543,1.1884252,1.0382583,0.97349364,0.9678519,0.9821868,1.9321555,1.4879094,8,1,0.07447085
rec02,1.2823573,0.306201,0.30506063,1.2302009,1.3427088,1.6115187,2.0066397,0.9391986,0.9357008,0.9551975,1.0425547,1.2512738,1.7016181,2.6047368,1.6950063,2.649108,1.4980282,1.166544,1.0261949,0.967968,0.964363,0.98254657,1.8719704,1.4577405,8,1,0.07004041
rec02,1.2576835,0.29900157,0.29870394,1.2353004,1.3646346,1.665843,0.98497933,0.9397511,0.9388156,0.96744967,1.0687406,1.3046378,1.8238358,2.604,1.7013733,2.6807513,1.4241537,1.1317813,1.0085248,0.9622152,0.96125734,0.98823553,1.7759947,1.4113913,3,1,0.06580263
rec02,1.2341555,0.292598,0.2927203,1.2450362,1.395085,1.7385243,0.97424525,0.94146043,0.9418539,0.98283446,1.1012831,1.3723952,2.6982877,1.7074599,1.7081735,1.9094088,1.3519399,1.0976655,0.99197644,0.958595,0.95899564,0.9978671,1.6819988,1.3656472,8,1,0.061732
rec02,1.2157812,0.28676164,0.2874714,1.255566,1.4252169,1.8109297,0.96675783,0.94370407,0.94604,0.9983939,1.1332958,1.4400046,2.6771684,1.7132994,2.6197956,1.7797735,1.296602,1.071318,0.97971654,0.9563536,0.9587207,2.01022,1.609021,1.3294541,2,1,0.05784109
rec02,0.28550375,0.28122535,0.2831151,1.2709405,1.4642721,1.9040544,0.95995075,0.94556546,0.95191926,1.0173479,1.1721034,1.5241354,2.658745,1.7188629,2.6365006,1.6597943,1.2436943,1.046348,0.96904,0.95451856,0.9609324,2.0413766,1.5391349,1.2949088,2,1,0.054150235
rec02,0.2789898,0.27595273,0.27873617,1.2787514,1.4862313,1.9599309,0.95750624,0.94708294,0.9566358,1.0298496,1.196945,1.5784416,2.65302,1.7241105,2.6506083,1.599156,1.2159815,1.0330808,0.9634652,0.95297706,0.9625894,1.9733709,1.5005306,1.2748297,2,1,0.050635148
rec02,0.27379188,0.2710459,0.27399907,1.276547,1.4866154,1.966771,0.95804024,0.9484315,0.9587651,1.033827,1.2039541,1.5928136,2.6557724,1.7290795,2.6577818,1.5847527,1.2088377,1.0292033,0.9613289,0.9516873,0.9620564,1.9501231,1.4875398,1.2664901,8,1,0.047363926
rec02,0.26904044,0.26644126,0.2694372,1.2728857,1.483626,1.965569,0.95894027,0.94967616,0.9603546,1.0362705,1.2078364,1.6001914,2.6595016,1.733731,2.6634243,1.5775465,1.2049633,1.0268426,0.9597594,0.95048743,0.9611751,1.9360982,1.4788333,1.2602285,8,1,0.044294167
rec02,0.26392177,0.26211298,0.26603517,1.2809852,1.5049118,2.019944,0.9572943,0.9507334,0.96495986,1.0479547,1.2311456,1.6524856,2.6561954,1.7379587,2.6774654,1.5308304,1.1832763,1.0166229,0.9558855,0.9493343,0.9635399,1.8739952,1.4485292,1.2445178,8,1,0.041408647
rec02,0.25875598,0.2580311,1.1851643,1.3032206,1.5551536,2.0057673,0.9543273,0.9516538,0.97392887,1.0709436,1.2779728,1.7616277,2.6494792,1.7420293,2.7038984,1.4528801,1.147042,1.0003128,0.9510681,0.9484037,0.97060263,1.7740548,1.400608,1.2214423,8,1,0.038687397
rec02,0.2542018,0.25418273,1.1998178,1.3447293,1.6450076,1.9691813,0.95241034,0.9523391,0.9899674,1.1095334,1.3572924,1.9565053,1.7460161,1.7458853,1.9097466,1.3564296,1.1016814,0.98100907,0.9477964,0.9477255,1.9727409,1.6519647,1.3417125,1.1947486,1,1,0.03612181
rec02,0.25053284,0.25120205,1.2234458,1.4028586,1.7704873,0.970371,0.9527447,0.95528966,1.013092,1.1616576,1.4660771,2.6986003,1.7495459,2.6566591,1.7037551,1.2677903,1.0597094,0.96485627,0.9473303,0.9498607,2.0175476,1.5397794,1.2870572,1.1718545,1,1,0.033688553
rec02,0.24715614,0.2490532,1.2445477,1.452605,1.8805547,0.9622508,0.95300055,0.9603153,1.033788,1.2066116,1.5620892,2.679031,1.7531419,2.6736414,1.584094,1.2138064,1.0343013,0.9564775,0.9472827,0.95455354,1.9185578,1.4700869,1.2526815,0.24955511,8,2,0.0
rec02,0.24613813,0.24978498,1.2697588,1.5075853,2.0023613,0.957039,0.9529048,0.9670233,1.0556583,1.2533839,1.6647326,2.6654646,1.7539228,2.6932719,1.4924246,1.171299,1.0146363,0.9512625,0.9471531,0.96118635,1.8060075,1.4174082,1.227828,0.247206,8,2,0.0
rec02,0.24614014,1.1792427,1.3141702,1.6018134,1.9921747,0.9532435,0.95291305,0.98040503,1.0925819,1.3317242,1.8438307,1.7545458,1.7539374,2.7305408,1.383793,1.119769,0.9915711,0.9474893,0.9471608,0.97448677,1.6745509,1.355051,1.1999168,0.2462255,8,2,0.0
rec02,0.24671459,1.2062962,1.3801546,1.7427356,0.97661024,0.9529291,0.95513666,1.002897,1.1474403,1.448885,2.7199724,1.7539674,2.660166,1.7712547,1.279404,1.0694863,0.97071487,0.9471766,0.9493708,1.9967122,1.5482284,1.2942032,1.1746784,0.24614437,8,2,0.0
rec02,0.24887253,1.2428635,1.4632779,1.9251066,0.9624246,0.9529046,0.96349126,1.0332983,1.2165475,1.6005055,2.6804638,1.753922,2.683434,1.5771285,1.1964052,1.0296278,0.9566151,0.94715244,0.95767516,1.9085101,1.44779,1.2459699,0.24859707,0.24613799,8,2,0.0
rec02,1.1767187,1.2902284,1.5677261,2.006684,0.9546645,0.95292395,0.9783064,1.0726768,1.3033843,1.8004308,2.6588511,1.753958,2.7246966,1.429593,1.1303089,0.9987928,0.9489017,0.9471717,0.97240084,1.7299744,1.3678058,1.2086558,0.24659263,0.24614307,8,2,0.0
rec02,1.2029097,1.3503256,1.6999406,0.9817373,0.9529179,0.95390445,1.0000812,1.1226408,1.4133058,2.7342527,1.7539468,2.656735,1.8370485,1.3149905,1.0776658,0.97581124,0.94716555,0.9481463,1.991107,1.5912921,1.3041015,1.1808456,0.24614145,0.24639632,8,2,0.0
rec02,1.238395,1.4258614,1.8695707,0.96569467,0.9528991,0.96050024,1.0295832,1.1854402,1.5543336,2.689571,1.753912,2.675104,1.6262674,1.224651,1.0360404,0.95986533,0.94714695,0.9547022,1.9679732,1.4819708,1.2537298,0.24944176,0.24613662,0.2481,8,2,0.0
rec02,1.2845039,1.5206522,2.0165281,0.9561858,0.95294183,0.9734579,1.0679175,1.2642477,1.7389824,2.6630871,1.7539902,2.7111926,1.4672965,1.1528261,1.0036922,0.95041364,0.9471893,0.9675817,1.7756011,1.3950546,1.2145851,0.24698558,0.24614766,0.25144702,8,2,0.0
rec02,1.3431025,1.6401821,1.9676782,0.952898,0.9530248,0.99320996,1.1166353,1.3636235,1.9878482,1.7539104,1.7541437,1.8640546,1.344472,1.0955791,0.97937787,0.94714606,0.9472721,1.977427,1.6269683,1.3257788,1.1851617,0.24613631,0.24616905,1.1946449,8,2,0.0
rec02,1.4167991,1.7925512,0.96806705,0.95289886,0.9573532,1.020443,1.1779058,1.4903007,2.6961784,1.7539119,2.6663394,1.6463088,1.2479882,1.0501484,0.9622231,0.947147,0.95157427,1.9922264,1.5102115,1.2708023,0.25005442,0.24613655,0.2472871,1.227401,8,2,0.0
rec02,1.509267,1.9901623,0.9574212,0.9528966,0.9679406,1.0561575,1.2547824,1.6545917,2.6665287,1.753907,2.6958263,1.4826051,1.1714163,1.0145668,0.9516416,0.9471442,0.96209764,1.7941262,1.417551,1.2277445,0.2473046,0.24613585,0.2500219,1.2703586,4,1,0.033347934
rec02,1.6106021,1.986682,0.9513568,0.95105875,0.9812025,1.0945827,1.3382908,1.8444965,1.7560476,1.7554973,2.7396877,1.3703388,1.118065,0.99171984,0.9492878,0.9489904,0.9790689,1.6527661,1.3484987,1.1961135,0.24463093,0.24455427,1.1808549,1.3173053,4,0,0.2
rec02,1.6943017,0.9739949,0.9455082,0.94650316,0.98988616,1.1230203,1.4047891,2.7399278,1.759754,2.662591,1.8464997,1.3091351,1.0907189,0.98333144,0.9545717,0.95557624,1.9940056,1.5639436,1.303015,1.1747258,0.24033034,0.2404864,1.1938919,1.3544635,3,0,0.2
rec02,1.7424467,0.9528071,0.9318129,0.93466115,0.98585963,1.1305853,1.4358097,2.7295117,1.7693255,2.6775284,1.7793564,1.2897398,1.0876366,0.99009466,0.96827877,0.97123855,2.0295913,1.5062357,1.2702075,0.23597008,0.23077069,0.23131055,1.1964035,1.3720375,3,0,0.2
rec02,1.7503737,0.93341786,0.9151208,0.9188818,0.9723599,1.1197516,1.4305199,2.7339487,1.7803351,2.6913729,1.7769711,1.2982177,1.0996349,1.0046178,0.9849249,0.9889728,2.0201914,1.475909,1.2501454,0.22410648,0.2197135,1.1234004,1.1897727,1.37012,3,0,0.2
rec02,1.717023,0.9178277,0.89842325,0.9014532,0.95190036,1.0932114,1.391189,2.7495604,1.7913929,2.700507,1.8289274,1.3293422,1.1227638,1.0233498,1.0017145,1.0050927,2.0245268,1.4715118,1.2428405,0.21328907,0.20877977,1.1117435,1.1748472,1.3492552,3,0,0.2
rec02,1.6524339,1.8816551,0.8817841,0.8832756,0.9266532,1.0554308,1.3274906,1.9176595,1.8027428,1.8054892,1.9320111,1.3812618,1.1560309,1.0459697,1.0182598,1.0199822,2.0684361,1.4889231,0.22434227,0.20298353,0.19866726,1.0989144,1.1534793,1.3137792,4,0,0.2
rec02,1.6016186,1.8734406,0.8654573,0.86613184,0.904195,1.0234846,1.2762854,1.8168757,1.8143499,1.815404,2.0243685,1.4281284,1.1866968,1.0676129,1.034581,1.0353873,2.0734305,1.4992007,0.21340522,0.19199015,0.1897063,1.0865493,1.1346803,1.2843775,4,0,0.2
rec02,1.5808882,1.8576899,0.84928834,0.84988374,0.8867731,1.0031145,1.2497704,1.7764665,2.7257843,1.8270435,2.0628529,1.4531788,1.2065837,1.0848465,1.0507541,1.0514907,2.0890837,1.4857444,0.20012745,0.18200952,0.22771405,1.0747137,1.1217177,1.2688828,4,0,0.2
rec02,1.5635368,1.8410103,0.8331333,0.83371735,0.86990494,0.9840332,1.2259971,1.7426745,2.7375753,1.838843,2.094569,1.4755213,1.225135,1.1015261,1.0669094,1.0676574,2.085932,0.22472131,0.18658757,0.17589328,0.30022728,1.062918,1.1094061,1.254956,4,0,0.2
rec02,1.5461856,1.8243313,0.8169783,0.8175511,0.85303724,0.96495247,1.2022245,1.7088833,2.749367,1.851391,2.1262846,1.4978632,1.2436857,1.1182052,1.0830643,1.0838236,2.0627832,0.20841406,0.17304754,0.1736997,0.37273985,1.051122,1.0970943,1.241029,4,0,0.2
rec02,1.5288339,1.8076527,0.8008235,0.8013851,0.8361692,0.94587153,1.1784519,1.675092,2.761158,1.8651614,2.1579998,1.5202051,1.2622364,1.1348842,1.0992191,1.0999898,2.0396347,0.19210687,0.17296576,0.20749125,0.44525278,1.0393262,1.0847824,1.227102,4,0,0.2
rec02,1.5114822,1.7909735,0.78466856,0.7852186,0.8193012,0.9267905,1.154679,1.6413002,2.7729497,1.8769786,2.8953393,1.5425473,1.2807869,1.1515632,1.1153738,1.1161559,0.24955519,0.17579941,0.17264403,0.24128263,0.51776516,1.0275301,1.0724705,1.2131747,4,0,0.2
rec02,1.4941308,1.7742944,0.7685137,0.76905245,0.8024333,0.9077098,1.1309065,1.6075091,2.784741,1.8913608,2.9076507,1.5648896,1.2993379,1.1682425,1.131529,1.1323223,0.22640626,0.17540129,0.19351868,0.27507406,0.5902778,1.0157343,1.0601588,1.1992478,4,0,0.2
rec02,1.4767781,1.7576152,0.7523586,0.75288606,0.7855654,0.88862866,1.1071335,1.5737175,2.7965326,1.9031937,2.9199626,1.5872312,1.3178885,1.1849214,1.1476839,1.1484885,0.20325746,0.18276821,0.21729155,0.30886564,0.66279054,1.0039384,1.0478467,1.1853203,4,0,0.2
rec02,1.4594274,1.7409364,0.73620373,0.73671985,0.76869744,0.8695477,1.0833608,1.5399259,2.8083239,1.9181538,2.9322743,1.6095735,1.3364393,1.2016004,1.1638386,1.1646546,0.18847497,0.1934876,0.24106424,0.34265697,0.73530316,0.9921425,1.0355352,1.1713936,4,0,0.2
rec02,1.4420754,1.724257,0.7200488,0.7205536,0.75182945,0.8504666,1.0595877,1.5061344,2.8201149,1.930006,2.9445865,1.6319155,1.35499,1.2182796,1.1799937,1.180821,0.19727705,0.21256855,0.264837,0.3764483,0.8078155,0.98034656,1.0232233,1.1574664,4,0,0.2
rec02,1.4247245,1.7075781,0.70389396,0.70438737,0.7349615,0.83138573,1.035815,1.472343,2.8319066,1.9418582,2.956898,1.6542573,1.3735405,1.2349585,1.1961485,0.2534711,0.2082812,0.23164949,0.28860974,0.41023976,0.880328,0.9685507,1.0109116,1.1435394,4,0,0.2
rec02,1.4073726,1.6908993,0.68773896,0.6882211,0.71809363,0.812305,1.0120426,1.4385523,2.843698,1.9573853,2.9692101,1.6765994,1.3920914,1.2516376,1.2123035,0.21982175,0.22165069,0.25073045,0.31238258,0.44403118,0.9528406,0.9567548,0.99859977,1.1296124,4,0,0.2
rec02,1.3900208,1.67422,0.67158407,0.6720548,0.7012256,0.7932237,0.9882696,1.40476,2.855489,1.96926,2.9815211,1.6989411,1.4106419,1.2683167,1.2284583,0.23348369,0.23851864,0.26981142,0.33615533,0.47782257,0.94459605,0.9449587,0.986288,1.1156853,4,0,0.2
rec02,1.3726693,1.6575408,0.6554291,0.6558886,0.68435764,0.77414286,0.96449685,1.3709688,2.8672807,1.9853036,2.9938333,1.7212834,1.429193,1.2849959,1.2446133,0.24683441,0.25538662,0.28889236,0.3599281,0.511614,0.93280476,0.93316305,0.97397596,1.1017582,4,0,0.2
rec02,1.355318,1.6408619,0.63927436,0.63972247,0.66748965,0.7550619,0.9407242,1.3371778,2.879072,1.9972031,3.006145,1.7436255,1.4477435,1.3016748,1.2607682,0.2616646,0.27225453,0.30797333,0.38370076,0.5454055,0.92101365,0.9213672,0.9616643,1.0878311,4,0,0.2
rec02,1.3379661,1.6241827,0.62311935,0.62355626,0.6506217,0.735981,0.9169514,1.3033862,2.8908634,2.0137331,3.018457,1.7659675,1.4662942,1.3183541,1.2769232,0.27709496,0.28912246,0.32705426,0.40747362,0.579197,0.909222,0.90957123,0.9493525,1.073904,4,0,0.2
rec02,1.3206147,1.6075034,0.60706055,0.6073898,0.6337538,0.7169,0.8931785,1.2695948,2.9026554,2.0256603,3.0307689,1.7883096,1.4848452,1.3350333,0.2930558,0.29326126,0.30599046,0.3461352,0.43124634,0.61298835,0.8974307,0.89777535,0.93704057,1.0599769,4,0,0.2
rec02,1.3032633,1.5908245,1.540831,0.59122354,0.61688584,0.6978191,0.86940587,1.2358035,2.914446,2.0455868,3.0430806,1.8106515,1.5033957,1.3517121,0.30921072,0.3094275,0.32285842,0.36521652,0.4550192,0.6467799,0.88563937,0.8859794,0.92472905,1.0460501,5,0,0.2
rec02,1.2952491,1.5714884,1.5246768,0.5754718,0.60121936,0.6815856,0.85174286,1.2168642,2.926244,2.0600076,3.0615518,1.8214914,1.5163077,1.3661025,0.32537898,0.325693,0.34042424,0.3859294,0.48227653,0.6890167,0.87386966,0.87437946,0.91427684,1.0364902,5,0,0.2
rec02,1.3125436,1.5459516,1.5083623,0.55962354,0.58862156,0.67261606,0.8498818,1.237511,2.937811,2.0717406,3.0971558,1.8040421,1.5154021,1.3751477,0.34168556,0.34247255,0.36021832,0.41162053,0.52010155,0.75731885,0.8622873,0.86374426,0.90905744,1.0387772,5,0,0.2
rec02,1.3361299,1.5205313,1.4917703,0.5441534,0.5763682,0.6645467,0.85047275,1.2667711,2.9489758,2.0807338,2.4377022,1.78496,1.51385,1.384482,0.35827187,0.3598623,0.38116714,0.43948174,0.5624395,0.8377483,0.85111034,0.854147,0.9054998,1.044032,5,0,0.2
rec02,1.3629164,1.4961175,0.593228,0.5286915,0.56397074,0.6562775,0.85124016,1.2996702,2.9597511,2.0951166,2.3761067,1.7682761,1.5136772,1.394955,0.37515092,0.37787423,0.40308973,0.46906444,0.6084111,0.8524656,0.8403849,0.845534,0.9029709,1.0507627,4,0,0.2
rec02,1.378394,1.4744178,0.5898489,0.51264083,0.549574,0.643736,0.84314674,1.3114284,2.970216,2.1131086,2.3460412,1.7646847,1.5200868,0.39676484,0.39230734,0.39607003,0.42460507,0.4973553,0.65142155,0.8395456,0.8301137,0.83698356,0.8984549,1.0523931,4,0,0.2
rec02,1.3647321,1.4565791,1.440561,0.49750724,0.5312639,0.62267876,0.8163323,1.2720281,2.9802592,2.1241643,2.36963,1.7841895,1.5377845,0.41412076,0.40956664,0.41360176,0.44360882,0.51994073,0.6816424,0.8291208,0.82000315,0.8269888,0.8881595,1.0409856,5,0,0.2
rec02,1.3612707,1.437561,1.4232099,0.48221013,0.51411533,0.6042004,0.7953131,1.2490718,2.990186,2.1377246,2.375294,1.795934,1.5517409,0.4311419,0.42683777,0.43151817,0.46375898,0.5450204,0.71741396,0.8180787,0.80991185,0.8176529,0.8799685,1.0341593,5,0,0.2
rec02,1.390449,1.4155203,1.4057932,0.4668067,0.5004656,0.59349877,0.7920759,1.2788116,2.9334438,2.150854,2.3301756,1.7854631,1.555104,0.44732827,0.44425434,0.45087194,0.487822,0.5785047,0.77206475,0.8056156,0.8000794,0.8106727,0.87854236,1.0418572,5,0,0.2
rec02,1.4277266,1.3939214,1.3881365,0.4523877,0.4870294,0.5834476,0.79109865,1.3203347,2.6057124,2.1644163,2.2837527,1.7741421,1.5583634,0.46383345,0.46190843,0.471088,0.5134813,0.61513615,0.8340651,0.79397535,0.79068035,0.80486673,0.8789614,1.052971,5,0,0.2
rec02,1.4471378,1.373139,1.3703451,0.43824777,0.4733152,0.573005,0.7901554,1.3687354,2.363918,2.1725612,2.2420402,1.7647023,1.5628723,0.48081738,0.4798391,0.49208802,0.54042834,0.6542534,0.825618,0.7834003,0.78180647,0.8000337,0.8805251,1.0659815,5,0,0.2
rec02,1.4158944,1.353139,1.3521225,0.42276952,0.45929256,0.5621272,0.7892483,1.4259008,2.1845853,2.1950784,2.2045703,1.7570357,1.5686023,0.49830067,0.4979263,0.5139145,0.56875277,0.69609535,0.80975956,0.7738692,0.7732879,0.79618216,0.8832828,1.0810477,5,0,0.2
rec02,1.3858944,1.3338904,1.3339168,0.40708965,0.44492853,0.55076486,0.788381,1.4944828,2.2025113,2.2189178,2.1709375,1.7510444,1.5755296,0.5163047,0.5163149,0.53661335,0.5985533,0.74093276,0.795204,0.76536494,0.76538,0.793325,0.88728875,1.0983504,5,0,0.2
rec02,1.3570688,1.315245,1.3163117,0.39381057,0.43018717,0.5388618,0.78755844,1.5783236,2.2184126,3.1869617,2.140796,1.7466455,0.5518106,0.53480434,0.53523797,0.5602347,0.629939,0.7890752,0.7819005,0.7578031,0.7584176,0.79147846,0.8926063,1.1180979,5,0,0.2
rec02,1.3293533,1.2965164,1.2993821,0.37773213,0.41502962,0.5263543,0.7867863,1.6832002,2.2226048,3.2217305,2.1138403,1.7437637,0.5675549,0.55353534,0.5547588,0.58483344,0.6630318,0.84087896,0.7698065,0.7507911,0.7524505,0.79066354,0.89930654,1.1405305,5,0,0.2
rec02,1.3026904,1.277615,1.283108,0.36419824,0.39941293,0.5131691,0.7860714,1.8182348,2.232014,3.258828,2.0898077,1.7423342,0.58368105,0.57244575,0.5749069,0.6104691,0.69796544,0.8246684,0.7588812,0.7442734,0.7474734,0.79090405,0.9074705,1.1659257,5,0,0.2
rec02,1.2770262,1.2585572,1.267471,0.35048634,0.38329,0.49922177,0.7854228,1.9987054,2.250603,3.298374,2.068466,1.7422994,0.60020447,0.59152406,0.59571356,0.6372063,0.7348914,0.8081765,0.7490923,0.7382588,0.74348736,0.7922311,0.91718984,1.1946075,5,0,0.2
rec02,1.2523105,1.2393377,1.2524549,0.33632058,0.36660856,0.48441383,0.78485525,3.0674398,2.2556472,2.6902385,2.0496128,1.7436099,0.61714214,0.610749,0.61721325,0.6651167,0.7739761,0.7931546,0.7404085,0.7327384,0.7404937,0.7946774,0.9285678,1.2269522,5,0,0.2
rec02,1.228499,1.2199601,1.2380457,0.32074797,0.34931108,0.46863124,0.78438073,3.0724154,2.262783,2.6313336,2.0330696,1.7462227,0.6345122,0.63010186,0.63944286,0.6942781,0.81540805,0.7795345,0.73280513,0.72771156,0.73849976,0.7982836,0.94172317,1.2634035,4,0,0.2
rec02,1.2064189,1.2005024,1.222441,0.30835325,0.329215,0.4467428,0.76703477,3.0770037,2.2720778,2.6015968,2.0294397,1.7547958,0.652796,0.6495948,0.6614656,0.7221161,0.85388035,0.7692915,0.7267589,0.72319484,0.7364108,0.8002005,0.95062566,1.2770227,4,0,0.2
rec02,1.1865525,1.1809577,1.2030026,0.29520434,0.3040433,0.41309378,0.71125454,3.0812638,2.2862155,2.6261027,2.0505846,1.7743154,0.6723007,0.6691306,0.6816214,0.74455076,0.88104707,0.76420015,0.7223235,0.7189175,0.7323376,0.7962165,0.9466017,1.2553431,4,0,0.2
rec02,1.166915,1.1614128,1.183093,0.2916461,0.2832555,0.37812907,0.65105337,3.0855112,2.2982578,2.6568527,2.0745952,1.795091,0.691938,0.68867546,0.70153093,0.7662984,0.87797153,0.759685,0.7180556,0.7146698,0.7280106,0.79151195,0.94100875,1.234567,4,0,0.2
rec02,1.1472775,1.1418679,1.1631832,0.29832846,0.2702294,0.34316415,0.5908515,3.0897596,2.3126397,2.6876023,2.0986059,1.8158668,0.7115752,0.70822006,0.72144055,0.78804606,0.8727537,0.7551701,0.71378815,0.7104225,0.7236839,0.786808,0.9354161,1.213791,4,0,0.2
rec02,1.1276402,1.1223232,1.1432737,0.30501065,0.2606929,0.3081991,0.5306496,2.1046655,2.3171258,2.718352,2.1226165,1.8366429,0.73121274,0.727765,0.74135023,0.80979395,0.8675359,0.75065523,0.7095207,0.7061751,0.7193573,0.7821041,0.92982364,1.1930153,4,0,0.2
rec02,1.1080028,1.1027784,1.1233641,0.31169292,0.25302315,0.27323422,0.47044787,1.8658904,2.3225472,2.7491014,2.1466274,1.8574185,0.75085014,0.7473097,0.76125973,0.8315416,0.86231804,0.7461403,0.7052532,0.70192784,0.7150307,0.77739996,0.92423123,1.1722393,4,0,0.2
rec02,1.0883656,1.0832337,1.1034545,1.2053288,0.2486023,0.24318211,0.41024658,1.62712,2.3352902,2.7798514,2.170638,1.8781945,0.77048737,0.76685435,0.7811692,0.85328925,0.8571002,0.7416254,0.7009858,0.6976804,0.7107041,0.77269596,0.9186387,1.1514635,4,0,0.2
rec02,1.0687282,1.063689,1.083545,1.1835811,0.25382018,0.23669635,0.3500444,1.3883477,2.3589375,2.8106012,2.1946487,1.8989701,0.7901249,0.7863993,0.8010791,0.8750373,0.85188216,0.7371106,0.6967182,0.69343305,0.70637745,0.76799184,0.91304636,1.1306878,4,0,0.2
rec02,1.049091,1.0441443,1.0636353,1.1618334,0.259038,0.23111707,0.28984293,1.1495768,2.3634775,2.8413513,2.2186599,1.9197463,0.80976236,0.80594414,0.8209888,0.896785,0.84666437,0.7325956,0.69245064,0.6891856,0.7020507,0.7632878,0.9074537,1.1099122,4,0,0.2
rec02,1.0294538,1.0245996,1.0437258,1.1400857,0.26425585,0.22865342,0.2296413,0.910804,2.3680177,3.4663732,2.2426705,1.9405221,0.82939947,0.82548875,0.8408981,0.91853255,0.8414466,0.7280809,0.6881834,0.6849385,0.6977243,0.75858396,0.90186137,1.0891364,4,0,0.2
rec02,1.0098162,1.0050546,1.023816,1.118338,1.32336,0.2331682,0.22656204,0.67203104,2.3905363,3.4710991,2.266681,1.9612976,0.84903705,0.8450335,0.8608078,0.9402802,0.8362287,0.7235661,0.683916,0.6806912,0.6933977,0.7538799,0.8962689,1.0683603,7,0,0.2
rec02,0.9894155,0.9854885,1.0055345,1.1010222,1.3068297,0.23696385,0.2267142,0.48119125,2.3940358,3.4898639,2.2774646,1.9763107,0.8680151,0.86456984,0.88215625,0.9659279,0.8262416,0.716986,0.67915446,0.6764589,0.6902188,0.75216293,0.8970339,1.04453,7,0,0.2
rec02,0.9676822,0.96587956,0.9915683,1.0948756,1.313489,0.23888405,0.22818366,0.34731624,2.4123318,2.8411188,2.2578135,1.9783465,0.8858256,0.88417536,0.9076912,1.0022595,0.8058585,0.70611113,0.6737652,0.67251,0.69039625,0.7584332,0.91453916,1.0141383,7,0,0.2
rec02,0.9462308,0.94615436,0.98343134,1.1020741,1.3479495,0.23893303,0.23082109,0.23080243,2.410685,2.726091,2.2137396,1.9710104,0.9039796,0.9039066,0.93951905,0.9582101,0.7781207,0.69280225,0.6692812,0.669227,0.6955935,0.77505594,0.9534221,0.979485,7,0,0.2
rec02,0.9262985,0.92858595,0.98403645,1.1273587,1.4210529,0.23745719,0.23302956,0.23360501,2.4202638,2.580579,2.154857,0.9413539,0.9238013,0.9260825,0.9813836,0.8947116,0.74710953,0.6796926,0.66701895,0.6686662,0.7085956,0.8064104,1.023287,0.94389844,7,0,0.2
rec02,0.9063124,0.91645867,0.9938331,1.1703475,1.5352672,0.23536685,0.23381709,0.2364347,2.4496436,2.4435177,2.1005552,0.9500371,0.94378173,0.9543475,1.0349208,0.8374908,0.7199439,0.6706446,0.6662288,0.67368716,0.730565,0.8535934,0.9793843,0.9123195,7,0,0.2
rec02,0.8863246,0.9097767,1.0107225,1.226984,1.6876777,0.2331899,0.23303866,0.2392049,2.899464,2.3362086,2.0622263,0.96438634,0.963761,0.98926204,0.9847969,0.7934885,0.7004309,0.66743577,0.667003,0.6846518,0.7606184,0.9149106,0.93074423,0.88689977,7,0,0.2
rec02,0.86788213,0.90870595,1.0358137,1.3012413,1.8968768,0.23069355,0.23107353,0.24194285,2.7064605,2.2528708,2.0380979,0.9836121,0.98523235,1.031576,0.91323644,0.76018214,0.6877117,0.669339,0.67044145,0.70197797,0.80016905,0.98405087,0.8902384,0.866455,7,0,0.2
rec02,0.8547268,0.9136081,1.0706968,1.3990922,2.196305,0.22682388,0.22891234,0.24468192,2.555023,2.1894078,1.015103,1.0033221,1.0125725,1.0823277,0.85866183,0.73578954,0.68120164,0.67329603,0.6795034,0.7263137,0.8511983,0.92552716,0.8568628,0.8469186,7,0,0.2
rec02,0.84700274,0.925078,1.1176485,1.5298661,2.6525965,0.22268441,0.22657211,0.24745712,2.4357839,2.142899,1.0253212,1.0224925,1.0464629,1.0407021,0.81732625,0.71904904,0.68054104,0.67866343,0.6945734,0.7585979,0.9165127,0.87684953,0.82989085,0.82760113,7,0,0.2
rec02,0.84484524,0.9440075,1.1799753,1.7089105,3.1145608,0.21890748,0.2240159,0.2503094,2.342261,2.1112823,1.0412399,1.0417196,1.0876149,0.9661551,0.78665364,0.70907867,0.6855659,0.6858817,0.7160997,0.8001507,0.92808384,0.83656186,0.80882174,0.80919445,7,0,0.2
rec02,0.8485794,0.97168607,1.2625959,1.963285,0.7209502,0.21454555,0.22119707,0.25328696,2.2698808,1.0767385,1.059414,1.0657357,1.1370145,0.90986,0.7648406,0.7052855,0.69393766,0.6980784,0.74476737,0.8528136,0.8714509,0.8035941,0.7906645,0.7953824,6,0,0.2
rec02,0.8563396,1.0050249,1.3614068,2.3067937,0.4972497,0.21169782,0.21745978,0.25521708,2.2202492,1.0830507,1.0768867,1.0949024,1.1224025,0.8712864,0.75225335,0.7077258,0.70369786,0.7154704,0.7793503,0.9146681,0.8265653,0.7776393,0.7732135,0.7861491,6,0,0.2
rec02,0.8617715,1.0322026,1.4503167,2.6769054,0.44804236,0.20953423,0.21126884,0.2530511,2.1956494,1.0950807,1.0936582,1.1251068,1.0680438,0.8517047,0.7493946,0.71553355,0.714604,0.73515284,0.8140992,0.90157956,0.79327816,0.75743407,0.75645006,0.7782021,6,0,0.2
rec02,0.86939853,1.0632888,1.5545782,3.073701,0.4224361,0.21467727,0.20591792,0.24941637,2.1795342,1.1097654,1.1099917,1.1579554,1.0273556,0.8384541,0.75038534,0.7263715,0.7265195,0.75791323,0.85307616,0.85449755,0.7647434,0.7402697,0.74042046,0.77241486,6,0,0.2
rec02,0.88077784,1.1019849,1.6873968,3.0611377,0.40408504,0.2254872,0.20484477,0.24482895,2.1690986,1.125299,1.1282421,1.1943954,0.9945164,0.82914543,0.75422806,0.7390117,0.7409446,0.7843889,0.89808,0.81317127,0.73969716,0.724774,0.72666967,0.769277,6,0,0.2
rec02,0.8963807,1.1499448,1.8600997,1.332443,0.3898742,0.23415844,0.20471926,0.23908363,2.1640856,1.1401367,1.1490537,1.2348219,0.96826607,0.8234061,0.76084095,0.75243723,0.7583221,0.8149251,0.9135922,0.7769119,0.7178794,0.7099504,0.7155029,0.76890975,6,0,0.2
rec02,0.9168134,1.2094069,2.0910344,0.98188525,0.3782376,0.24116243,0.20539267,0.23190245,1.159616,1.1542162,1.1725813,1.1989868,0.9476395,0.8209481,0.770184,0.76659757,0.77879506,0.8499493,0.86015725,0.7451614,0.69908357,0.69582826,0.7068994,0.771485,6,0,0.2
rec02,0.94285685,1.2834615,2.411958,0.8035021,0.36830184,0.24683711,0.20622247,0.2229007,1.1686987,1.1675617,1.199022,1.151397,0.93188936,0.82155156,0.78225535,0.7814942,0.8025514,0.8899876,0.81382513,0.7174664,0.6831487,0.6824841,0.70087326,0.7772318,5,0,0.2
rec02,0.96750563,1.3574069,2.7915113,0.7151581,0.36452174,0.25339806,0.20892957,0.20863885,1.1801217,1.1803534,1.2258954,1.1214215,0.92462486,0.82679397,0.79704905,0.7972056,0.8279643,0.93121684,0.77714074,0.6949145,0.6699141,0.66994846,0.6958982,0.7826813,5,0,0.2
rec02,0.9791717,1.4029014,2.987088,0.68882996,0.37061,0.2630319,0.21927151,0.21103032,1.1921117,1.1934357,1.2486199,1.1135907,0.92832357,0.8372997,0.81311387,0.81401706,0.85165673,0.90113765,0.75121605,0.67755795,0.65798616,0.6584424,0.68917584,0.78224593,5,0,0.2
rec02,0.9909782,1.4503604,2.970646,0.6699224,0.37666884,0.27221486,0.22918127,0.21721072,1.2035843,1.2068803,1.27148,1.1092045,0.9338538,0.8489738,0.8294505,0.83172196,0.8762405,0.8644987,0.72783273,0.6616783,0.646462,0.64779717,0.6829296,0.78199697,5,0,0.2
rec02,1.0049106,1.5051628,2.9540608,0.6529935,0.3817321,0.2805976,0.23850062,0.22197182,1.2146866,1.2207717,1.2951694,1.1061479,0.9401967,0.86139524,0.8461258,0.85036457,0.9021885,0.83066946,0.70604724,0.64687073,0.63540405,0.63799506,0.6775048,0.782818,5,0,0.2
rec02,1.0211972,1.5686929,2.9370434,0.6376049,0.3859183,0.28824407,0.24726517,0.22855027,0.2730715,1.2351321,1.3197458,1.1043283,0.9473289,0.8745685,0.8630425,0.8699765,0.9295748,0.7994199,0.6857685,0.63309747,0.6247537,0.62902766,0.6729163,0.7847698,5,0,0.2
rec02,1.0401063,1.642717,1.7755946,0.62343776,0.3893266,0.2952105,0.25550693,0.23765776,0.23655392,1.249986,1.3452697,1.103667,0.955232,0.8885015,0.8802584,0.8905937,0.958482,0.77054733,0.6669143,0.6203251,0.61457,0.620889,0.6691837,0.787923,5,0,0.2
rec02,1.0619547,1.7295215,1.5468534,0.61025053,0.39203915,0.30154625,0.26325423,0.24667984,0.24523073,1.2653584,1.3718096,1.1040936,0.96389,0.90320396,0.8977396,0.9122555,0.9671067,0.7438728,0.6494118,0.6085251,0.60484356,0.61357707,0.6663301,0.79235804,5,0,0.2
rec02,1.0871171,1.832116,1.3806849,0.59786177,0.3941271,0.30729544,0.27053356,0.25535637,0.25446042,1.2812787,1.3994379,1.1055481,0.9732912,0.91868854,0.91546535,0.9350058,0.92247015,0.7192372,0.6331945,0.5976716,0.5955746,0.6070916,0.664383,0.7981673,5,0,0.2
rec02,1.1160401,1.954546,1.2538464,0.586128,0.39564973,0.31249693,0.27736825,0.26370153,0.26326436,1.2977762,1.402801,1.1079777,0.9834265,0.9349704,0.9334204,0.95889246,0.88183093,0.69649845,0.6182028,0.58774227,0.58676785,0.6014355,0.66337436,0.805456,5,0,0.2
rec02,1.1492609,2.1023788,1.1533352,0.57493633,0.39665782,0.3171852,0.2837792,0.27172852,0.2715959,1.3148844,1.389788,1.111336,0.99429,0.9520673,0.95160276,0.9839686,0.8447891,0.6755307,0.60438377,0.5787185,0.5784361,0.5966151,0.6633409,0.81434435,5,0,0.2
rec02,1.1874312,2.2834935,1.0713086,0.5641969,0.3971955,0.32139114,0.28978595,0.27944964,0.27950844,1.3326395,1.3787096,1.1155844,1.0058793,0.97000074,0.97020495,1.0102935,0.81100136,0.6562225,0.5916904,0.5705854,0.5707056,0.59264,0.6643259,0.8249722,5,0,0.2
rec02,1.2313466,2.509414,1.0027535,0.5538352,0.39729995,0.32514206,0.29540548,0.2868203,0.28713676,1.351079,1.3693984,1.120687,1.0181922,0.988601,0.9896919,1.0379292,0.7801665,0.6384721,0.58007926,0.56322074,0.56384224,0.5895217,0.6663774,0.83749914,5,0,0.2
rec02,1.2819903,2.7927907,0.9443144,0.54379064,0.39700347,0.32846192,0.30065316,0.29369852,0.2944905,0.31106597,1.361711,1.1266153,1.0312316,1.0073773,1.0100939,1.030077,0.7520248,0.62218976,0.56951296,0.556339,0.5578393,0.5872763,0.66955143,0.8521101,5,0,0.2
rec02,1.3405905,2.7738128,0.8936644,0.534013,0.39633423,0.3313727,0.30554295,0.30008116,0.3015785,0.32087043,1.3555226,1.1333443,1.0450028,1.0263226,1.0314438,0.97866833,0.7263488,0.607296,0.55995846,0.5499488,0.55269283,0.5859235,0.67391145,0.8690197,5,0,0.2
rec02,1.4087011,2.754682,0.8491338,0.5244597,0.39531678,0.33389387,0.31008762,0.30596647,0.30840904,0.33055538,1.3507245,1.1408535,1.059512,1.045431,1.0537766,0.9325758,0.7029384,0.59371823,0.5513868,0.5440587,0.54840195,0.58548653,0.67952925,0.88847786,4,0,0.2
rec02,1.4588698,2.7354624,0.825092,0.520522,0.39642066,0.33714986,0.31467095,0.31137893,0.31464443,0.3389986,1.3554844,1.1528195,1.0759567,1.0647005,1.0758662,0.9004564,0.68577206,0.583239,0.54435235,0.53865755,0.54430646,0.58402514,0.6822568,0.9011437,4,0,0.2
rec02,1.4514623,2.7161703,0.83508515,0.5278792,0.40242183,0.342483,0.31980315,0.31654352,0.31994367,0.3448848,1.3781359,1.1728688,1.0951992,1.0840362,1.0956804,0.88968825,0.67824215,0.5772211,0.53899634,0.5335025,0.5392331,0.57886636,0.6766667,0.89466816,4,0,0.2
rec02,1.4374863,2.69684,0.8486368,0.53644574,0.40895241,0.34804088,0.32499292,0.32168043,0.32513574,0.35048163,1.40271,1.1937828,1.1147282,1.1033664,1.1152182,0.88112175,0.6717115,0.5716632,0.53380656,0.52836573,0.53404117,0.57329285,0.67015123,0.8860537,4,0,0.2
rec02,1.4235115,2.67751,0.8621879,0.5450116,0.4154825,0.3535983,0.3301823,0.3268169,0.3303274,0.356078,1.4272852,1.2146975,1.1342578,1.1226966,1.134756,0.87255615,0.6651817,0.5661059,0.5286172,0.52322924,0.5288494,0.5677195,0.66363627,0.87743974,4,0,0.2
rec02,1.4095364,2.6581793,0.8757389,0.5535775,0.42201257,0.3591557,0.3353718,0.33195347,0.33551913,0.36167446,1.4518595,1.2356117,1.1537869,1.1420269,1.154294,0.8639901,0.65865153,0.56054837,0.5234278,0.51809275,0.52365774,0.56214637,0.6571213,0.86882573,4,0,0.2
rec02,1.3955626,2.638849,0.8892893,0.56214297,0.4285424,0.36471298,0.34056094,0.33708978,0.3407106,0.36727065,1.4764341,1.2565261,1.1733164,1.1613573,1.1738319,0.85542446,0.65212154,0.5549911,0.51823854,0.51295626,0.5184661,0.5565731,0.65060663,0.8602123,5,0,0.2
rec02,1.408985,2.6197195,0.8862413,0.56491524,0.432457,0.36908925,0.34535667,0.3422306,0.3462796,0.3740923,0.43665436,1.2734565,1.1915724,1.1807868,1.194757,0.8383549,0.6417819,0.5477419,0.51252174,0.50788254,0.5138914,0.5528232,0.6480106,0.86053103,5,0,0.2
rec02,1.4896042,2.6000772,0.8497541,0.55537623,0.4306391,0.37079757,0.34920684,0.34705725,0.35262752,0.3836336,0.45168477,1.2821714,1.2075129,1.20008,1.2193413,0.8048876,0.6241103,0.5373841,0.50609326,0.50297797,0.51105076,0.5534829,0.6546107,0.88186806,4,0,0.2
rec02,1.5556245,2.580539,0.827076,0.5500212,0.4304233,0.3730096,0.35297576,0.35145247,0.35832793,0.39191547,0.4645171,1.2943836,1.2248641,1.219578,1.1732974,0.780265,0.6106023,0.5291546,0.5007344,0.49857342,0.50832707,0.55335104,0.6589676,0.897796,4,0,0.2
rec02,1.5505255,2.5609698,0.8338035,0.55537367,0.43498152,0.3771867,0.35708898,0.3556037,0.36268502,0.39688152,0.4707022,1.3143495,1.2443167,1.239141,1.1592958,0.77217567,0.6047857,0.5244293,0.49648604,0.49442098,0.5042666,0.5491972,0.65445036,0.8926116,4,0,0.2
rec02,1.5375792,2.5414002,0.84348315,0.5618214,0.4400315,0.38156566,0.36123464,0.3597321,0.36689568,0.40148908,0.47616687,1.3351073,1.2639685,1.258711,1.1496161,0.7657278,0.5997356,0.52005035,0.4923404,0.49029258,0.50005597,0.5446114,0.6489859,0.88515854,4,0,0.2
rec02,1.5246335,2.5218298,0.85316217,0.56826806,0.44508067,0.38594404,0.36537978,0.36385998,0.37110573,0.40609616,0.4816308,1.3558648,1.2836198,1.2782806,1.139937,0.75928116,0.5946865,0.5156721,0.48819536,0.48616475,0.49584597,0.5400263,0.64352185,0.87770605,4,0,0.2
rec02,1.5116887,2.5022597,0.8628413,0.5747152,0.4501302,0.39032263,0.36952496,0.36798793,0.3753159,0.41070324,0.48709482,1.3766226,1.3032718,1.2978508,1.1302582,0.752834,0.5896369,0.5112934,0.48405007,0.48203668,0.49163565,0.5354408,0.6380579,0.8702537,4,0,0.2
rec02,1.4987425,2.48269,0.8725205,0.581162,0.4551795,0.394701,0.3736701,0.37211585,0.37952602,0.41531032,0.49255905,1.3973802,1.3229234,1.3174207,1.1205788,0.74638736,0.58458775,0.5069151,0.47990504,0.47790885,0.48742568,0.5308557,0.63259363,0.86280096,4,0,0.2
rec02,1.4857968,2.4631202,0.8821992,0.58760905,0.46022898,0.39907962,0.37781534,0.37624383,0.38373616,0.41991743,0.49802288,1.418138,1.3425752,1.3369905,1.1109002,0.73994035,0.57953835,0.50253665,0.47575977,0.47378096,0.48321554,0.52627045,0.6271296,0.85534847,5,0,0.2
rec02,1.5064654,2.4436147,0.8779205,0.58875364,0.46282497,0.40238133,0.38168782,0.38036036,0.38851777,0.42609197,0.50676,1.4351432,1.3613377,1.3566033,1.0841007,0.7270231,0.57152,0.49688104,0.47132763,0.46968845,0.4797615,0.52361923,0.6257731,0.85760504,5,0,0.2
rec02,1.6136272,2.4239237,0.8445271,0.5783418,0.4599262,0.40320328,0.38488257,0.3842009,0.39455667,0.4358612,0.5231943,1.4442593,1.3786358,1.3761939,1.0239493,0.701212,0.55763865,0.4888648,0.46665177,0.46582523,0.47838113,0.5257528,0.6343482,0.88350713,4,0,0.2
rec02,1.7091697,2.4042423,0.8217576,0.5714052,0.45836642,0.40439656,0.38790473,0.38758928,0.3998662,0.44426984,0.5372683,1.4564563,1.3970602,1.3959239,0.98047185,0.6817659,0.54689497,0.4825013,0.46282426,0.4624479,0.47709602,0.5272344,0.64103585,0.90476435,4,0,0.2
rec02,1.7101798,2.384517,0.82519704,0.5747241,0.4614577,0.4074036,0.39099622,0.3907152,0.4032977,0.44836587,0.54266936,1.476166,1.4167163,1.4156982,0.9701184,0.67565763,0.54249924,0.47895205,0.45966312,0.45933285,0.474125,0.5242689,0.6379733,0.90178555,4,0,0.2
rec02,1.6986634,2.3647568,0.8317299,0.57927424,0.46511114,0.41062906,0.39409173,0.39380854,0.4064906,0.45191556,0.5469653,1.4967706,1.4364908,1.4354587,0.9635858,0.6711079,0.5388462,0.4757269,0.45656782,0.45623973,0.4709323,0.5207385,0.6336771,0.8957129,4,0,0.2
rec02,1.6871475,2.3449955,0.8382622,0.5838241,0.46876425,0.41385427,0.39718705,0.3969016,0.40968335,0.45546505,0.5512614,1.5173752,1.4562657,1.4552193,0.95705307,0.666558,0.5351931,0.47250167,0.45347258,0.45314667,0.46773964,0.51720816,0.6293812,0.8896405,4,0,0.2
rec02,1.6756301,2.3252354,0.8447947,0.58837366,0.47241727,0.41707933,0.40028223,0.3999946,0.4128759,0.45901442,0.5555572,1.5379795,1.4760402,1.4749796,0.9505208,0.66200846,0.53154004,0.46927658,0.45037735,0.45005372,0.46454707,0.51367795,0.6250851,0.88356787,4,0,0.2
rec02,1.6641161,2.3054752,0.8513273,0.5929233,0.4760702,0.4203044,0.40337744,0.4030876,0.4160685,0.46256372,0.55985326,1.5585842,1.495815,1.4947402,0.943988,0.6574586,0.52788687,0.46605134,0.44728196,0.4469606,0.46135435,0.5101475,0.62078935,0.87749594,4,0,0.2
rec02,1.6526002,2.2857141,0.85785973,0.597473,0.4797233,0.42352957,0.40647268,0.40618065,0.41926116,0.46611315,0.5641491,1.5791887,1.5155898,1.5145007,0.93745553,0.6529091,0.52423394,0.46282634,0.44418687,0.4438677,0.45816183,0.5066174,0.61649346,0.8714234,4,0,0.2
rec02,1.6410846,2.265954,0.86439216,0.6020224,0.48337606,0.42675444,0.40956777,0.40927342,0.4224535,0.4696623,0.56844485,1.5997933,1.5353645,1.5342612,0.93092334,0.6483595,0.520581,0.45960125,0.44109166,0.4407747,0.45496926,0.50308716,0.6121976,0.8653513,4,0,0.2
rec02,1.6295676,2.2461934,0.87092453,0.60657203,0.48702905,0.42997956,0.41266295,0.41236642,0.42564613,0.47321165,0.57274103,1.620398,1.5551395,1.5540222,0.9243909,0.64380974,0.51692784,0.45637608,0.4379963,0.4376816,0.4517765,0.4995568,0.60790145,0.8592786,5,0,0.2
rec02,1.6660612,2.226627,0.86454844,0.6058685,0.48821032,0.43216944,0.41561767,0.41547123,0.42970747,0.47890717,0.5815105,1.6371843,1.5744814,1.5739262,0.90446305,0.6338405,0.5107501,0.4521219,0.43480608,0.43465278,0.44954634,0.49826792,0.60835755,0.8649897,4,0,0.2
rec02,1.7361869,2.2065794,0.8509782,0.602015,0.48779738,0.4335944,0.4183323,0.41826585,0.4341263,0.48572826,0.59284425,1.6519471,1.5938005,1.5935472,0.8784381,0.6214413,0.5035379,0.44758585,0.43183127,0.4317627,0.44813484,0.49856922,0.6119747,0.8784328,4,0,0.2
rec02,1.7267852,2.186759,0.8561308,0.6057539,0.49087173,0.43635705,0.4210203,0.42095482,0.43694293,0.48891184,0.59678197,1.6723968,1.6136167,1.6133655,0.87264204,0.61743635,0.50033855,0.44477254,0.42913997,0.42907318,0.44536963,0.49552387,0.60829115,0.87328637,4,0,0.2
rec02,1.7159946,2.1669393,0.8615838,0.60961205,0.49399805,0.43913618,0.42370173,0.4236358,0.4397258,0.49202564,0.60058296,1.6929419,1.6334399,1.6331856,0.867189,0.61357814,0.49721205,0.44199315,0.42645836,0.42639196,0.4425866,0.49242744,0.60449004,0.86782944,4,0,0.2
rec02,1.7052048,2.1471188,0.8670367,0.61347014,0.4971245,0.4419154,0.42638335,0.42631692,0.4425088,0.4951396,0.6043842,1.7134874,1.6532629,1.6530057,0.8617363,0.60972,0.49408552,0.43921393,0.42377678,0.42371085,0.4398036,0.4893312,0.6006892,0.8623726,4,0,0.2
rec02,1.6944157,2.1272988,0.87248945,0.61732817,0.5002509,0.4446946,0.4290648,0.42899805,0.4452917,0.4982535,0.608185,0.87313366,1.673086,1.6728258,0.85628337,0.60586184,0.49095914,0.43643475,0.42109528,0.42102975,0.4370207,0.4862348,0.5968883,0.85691583,5,0,0.2
rec02,1.72963,2.1074905,0.86746794,0.6168293,0.50132036,0.4466348,0.43168518,0.43166322,0.44891557,0.50338095,0.61618793,0.88930213,1.6927463,1.6810856,0.84075516,0.5978344,0.4858824,0.43288088,0.41839156,0.4183703,0.43509135,0.48507887,0.5972127,0.86191636,4,0,0.2
rec02,1.7976979,2.087864,0.8562924,0.6135968,0.5010031,0.44791922,0.4341214,0.43417168,0.45290446,0.5095952,0.62665665,0.91223305,1.7124922,1.6036583,0.8203595,0.58784825,0.47997934,0.429123,0.41590416,0.41595235,0.433899,0.48533872,0.60036016,0.8739526,4,0,0.2
rec02,1.7878271,2.0679986,0.8608559,0.6168798,0.5036901,0.45032588,0.4364572,0.4365079,0.4553453,0.5123466,0.6300481,0.91719216,1.7323558,1.5944738,0.8157108,0.5845293,0.4772754,0.4267097,0.4135683,0.4136164,0.43146592,0.48262155,0.59700704,0.8690924,4,0,0.2
rec02,1.7777519,2.048132,0.86545223,0.62017363,0.5063795,0.45273033,0.43878764,0.43883863,0.45777667,0.51508224,0.63341254,0.92208976,1.7522203,1.5854886,0.811114,0.5812356,0.4745861,0.42430532,0.41123798,0.41128582,0.42903468,0.47990218,0.59364295,0.864195,4,0,0.2
rec02,1.7676783,2.0282655,0.8700488,0.6234675,0.509069,0.45513493,0.44111815,0.44116944,0.46020803,0.517818,0.6367766,0.92698723,1.7720848,1.5765042,0.8065178,0.5779416,0.47189656,0.42190072,0.40890744,0.40895498,0.42660335,0.47718254,0.5902786,0.85929763,5,0,0.2
rec02,1.817636,2.0086975,0.8631308,0.6218808,0.5094474,0.4566194,0.44343722,0.4435422,0.46370795,0.52305967,0.64538777,0.9455496,1.7920053,1.5232401,0.7914556,0.5702393,0.4671424,0.4187013,0.4066137,0.40670997,0.42520115,0.47675243,0.5917934,0.8670292,4,0,0.2
rec02,1.9147379,1.9895468,0.8491879,0.6171204,0.50821763,0.45736736,0.44551015,0.44579053,0.46774393,0.5297781,0.6573222,0.9734129,1.811867,1.4489411,0.7710685,0.5603494,0.46146503,0.41529256,0.4045261,0.4047807,0.4247145,0.4780794,0.59685266,0.88386494,4,0,0.2
rec02,1.9077457,1.9696431,0.85252535,0.6196444,0.5103465,0.45931807,0.44743577,0.44772065,0.46980116,0.5321495,0.6603341,0.9780746,1.8317769,1.4408556,0.76710016,0.5575546,0.45920852,0.41329327,0.40260163,0.40285793,0.42272598,0.4758764,0.5941672,0.88006926,4,0,0.2
rec02,1.8986621,1.9497219,0.85617787,0.6222992,0.51253295,0.4612859,0.4493527,0.44963878,0.47181386,0.5344294,0.6631633,0.98226523,1.8516858,1.4339956,0.7634478,0.55490017,0.45702228,0.41132563,0.40068474,0.40093985,0.42071322,0.47361058,0.5913383,0.87587917,4,0,0.2
rec02,1.8895798,1.9298003,0.8598297,0.6249534,0.51471895,0.46325338,0.4512693,0.45155662,0.4738263,0.5367089,0.6659916,0.9864544,1.8715945,1.4271365,0.7597962,0.55224574,0.45483613,0.40935808,0.3987682,0.39902207,0.41870078,0.4713452,0.58850956,0.87168944,4,0,0.2
rec03,1.9610528,2.8243835,1.175351,0.7998833,0.63389283,0.5543112,0.52810866,0.526934,1.5141821,1.4812503,1.1738635,1.0264918,0.97796893,0.97579366,0.8322355,0.56637645,0.4488429,0.3924932,0.38124442,1.3731549,1.4077432,1.5438352,1.8572143,2.9711263,4,0,0.2
rec03,1.9418583,2.8047192,1.1834966,0.8054268,0.63828593,0.55815285,0.5317686,0.5305858,1.5179255,1.5111014,1.1975198,1.0471779,0.99767745,0.9954582,0.82409,0.5608331,0.44444984,0.38865164,0.38167801,1.369503,1.4039996,1.5397296,1.8522751,2.95044,4,0,0.2
rec03,1.9226651,2.7850544,1.191642,0.81097025,0.64267886,0.5619942,0.5354285,0.5342375,1.5216691,1.5409522,1.221176,1.0678644,1.0173861,1.0151231,0.81594443,0.55528975,0.44005683,0.38481015,0.3890774,1.3658514,1.4002554,1.5356237,1.8473362,2.9297538,4,0,0.2
rec03,1.9034715,2.76539,1.1997874,0.8165136,0.64707196,0.5658358,0.5390885,0.53788936,0.5514382,1.5708034,1.2448325,1.0885507,1.0370944,1.0347877,0.80779874,0.5497462,0.43566367,0.3871559,0.45556176,1.3621994,1.3965117,1.5315181,1.8423975,2.9090676,4,0,0.2
rec03,1.8842779,2.7457247,1.2079327,0.8220567,0.6514648,0.5696772,0.5427482,0.54154104,0.55518186,1.6006545,1.2684891,1.1092374,1.0568033,1.0544527,0.7996534,0.5442029,0.43127075,0.39059392,1.3615763,1.358548,1.3927683,1.5274124,1.8374581,2.8883803,4,0,0.2
rec03,1.8650844,2.7260604,1.2160784,0.8276003,0.655858,0.5735187,0.54640824,0.54519296,0.5589257,1.6305057,1.2921454,1.1299239,1.0765117,1.0741174,0.791508,0.53865945,0.42687768,0.3969956,1.3579165,1.354896,1.3890244,1.5233066,1.832519,2.867695,4,0,0.2
rec03,1.845744,2.7063951,1.2242237,0.83314365,0.66025096,0.5773602,0.5500682,0.54884475,0.5626695,1.6603562,1.3158015,1.1506102,1.0962203,1.0937818,0.7833627,0.5331161,0.42248464,0.40507123,1.3542565,1.3512442,1.3852805,1.5192009,1.8275797,2.8470082,4,0,0.2
rec03,1.8256506,2.6867309,1.2323692,0.83868706,0.66464406,0.58120185,0.55372804,0.5524965,0.5664132,1.6902071,1.3394579,1.1712964,1.1159288,1.1134466,0.7752171,0.52757275,0.4180916,0.40880078,1.3505967,1.3475926,1.3815367,1.5150952,1.8226404,2.8263218,4,0,0.2
rec03,1.8055569,2.6670659,1.2405149,0.84423053,0.66903704,0.58504325,0.55738807,0.55614823,0.570157,1.7019758,1.3631142,1.191983,1.1356373,1.1331115,0.7670715,0.5220294,0.41739497,0.4368351,1.3469363,1.3439404,1.3777927,1.5109894,1.8177012,2.805635,4,0,0.2
rec03,1.7854631,2.6474013,1.2486602,0.8497739,0.6734301,0.5888848,0.5610479,0.5598,0.57390076,1.7061023,1.3867705,1.2126694,1.155346,1.1527762,0.758926,0.5164859,0.42449477,0.473692,1.3432767,1.3402889,1.3740494,1.506884,1.8127625,2.7849483,4,0,0.2
rec03,1.7653699,2.6277366,1.2568058,0.85531723,0.6778231,0.5927263,0.5647078,0.56345177,0.5776445,1.7102286,1.410427,1.2333558,1.1750543,1.1724408,0.75078076,0.5109425,0.43426466,0.51054907,1.3396168,1.336637,1.3703054,1.502778,1.8078234,2.7642624,4,0,0.2
rec03,1.7452762,2.6080718,1.2649512,0.8608607,0.6822161,0.59656787,0.5683678,0.5671036,0.58138835,1.7143551,1.4340835,1.2540424,1.1947633,1.1921057,0.7426351,0.50539917,0.4448675,2.234327,1.3359568,1.3329853,1.3665617,1.4986725,1.8028841,2.7435756,4,0,0.2
rec03,1.7251829,2.5884073,1.2730968,0.8664041,0.6866093,0.6004095,0.57202774,0.57075536,0.58513206,0.64494526,1.4577397,1.2747287,1.2144717,1.2117702,0.7344897,0.49985582,0.4538,2.2711837,1.3322967,1.3293333,1.362818,1.4945669,1.7979449,2.7228894,4,0,0.2
rec03,1.7050892,2.5687423,1.2812421,0.8719474,0.6910022,0.6042509,0.57568765,0.57440716,0.58887583,0.6490717,1.4813961,1.2954152,1.2341801,1.2314351,0.7263442,0.49431235,0.46596062,2.3080404,1.328637,1.3256817,1.3590742,1.4904611,1.7930064,2.702203,4,0,0.2
rec03,1.6849955,2.5490773,1.2893875,0.8774908,0.6953953,0.6080923,0.57934755,0.5780589,0.5926196,0.6531982,1.5050523,1.3161017,1.253889,1.2511,0.7181987,0.48876905,0.47818232,2.344898,1.3249769,1.3220296,1.3553303,1.4863553,1.7880669,2.6815164,4,0,0.2
rec03,1.6649022,2.5294127,1.297533,0.88303417,0.69978833,0.61193395,0.58300745,0.58171064,0.59636337,0.6573246,1.5287086,1.3367879,1.2735971,1.2707645,0.7100534,0.48866206,0.50140864,2.3817549,1.3213173,1.3183781,1.3515868,1.4822499,1.7831283,2.6608305,4,0,0.2
rec03,1.6448085,2.5097482,1.3056784,0.8885776,0.7041814,0.61577547,0.5866675,0.58536255,0.6001072,0.6614511,1.5523647,1.3574742,1.2933056,1.290429,0.70190775,0.50494593,0.52800536,2.3824382,1.3176572,1.3147264,1.3478428,1.4781442,1.778189,2.6401439,4,0,0.2
rec03,1.624715,2.4900832,1.3138242,0.89412093,0.70857435,0.6196169,0.59032726,0.5890142,0.60385084,0.66557753,1.5760213,1.3781608,1.3130146,1.3100941,0.6937623,0.51713616,0.55460227,2.3785965,1.3139971,1.3110744,1.3440989,1.4740382,1.7732496,2.6194575,4,0,0.2
rec03,1.6046215,2.4704185,1.3219694,0.89966446,0.71296746,0.6234584,0.59398717,0.592666,0.60759455,0.66970396,1.5996774,1.3988473,1.3327229,1.3297586,0.6856167,0.5286145,0.58119905,1.3753508,1.3103374,1.3074229,1.3403553,1.4699328,1.7683103,2.5987706,4,0,0.2
rec03,1.5845277,2.4507537,1.3301151,0.9052076,0.7173603,0.62729985,0.5976472,0.5963178,0.6113384,0.67383045,1.6233339,1.4195337,1.3524318,1.3494235,0.67747134,0.54367423,1.8251178,1.3715097,1.3066775,1.303771,1.3366116,1.465827,1.7633717,2.578084,4,0,0.2
rec03,1.5644344,2.4310892,1.3382603,0.9107509,0.7217534,0.6311414,0.60130703,0.5999696,0.6150822,0.677957,1.6469904,1.4402201,1.3721403,1.3690882,0.6693259,0.5601069,1.851715,1.3676678,1.3030176,1.3001193,1.3328679,1.4617214,1.7584326,2.557398,4,0,0.2
rec03,1.5443408,2.4114246,1.3464057,0.9162946,0.7261465,0.63498294,0.604967,0.6036214,0.618826,0.68208337,1.6706464,1.4609063,1.3918487,1.3887528,0.6611806,0.5726528,1.8783112,1.3638264,1.2993575,1.2964675,1.3291241,1.4576156,1.7534932,2.5367115,4,0,0.2
rec03,1.5242472,2.3917594,1.3545513,0.92183805,0.73053956,0.63882446,0.6086269,0.6072731,0.62256974,0.6862098,1.694303,1.481593,1.4115572,1.4084176,0.6530348,0.589463,1.9049085,1.3599849,1.2956973,1.2928153,1.32538,1.4535098,1.7485542,2.5160253,4,0,0.2
rec03,1.5041536,2.3720949,1.3626969,0.92738134,0.7349326,0.642666,0.61228687,0.61092496,0.6263135,0.6903363,1.7179593,1.5022793,1.431266,1.4280823,0.64488935,0.6059218,1.931505,1.3561432,1.2920377,1.2891637,1.3216363,1.4494042,1.7436153,2.4953384,4,0,0.2
rec03,1.48406,2.35243,1.3708426,0.9329248,0.7393257,0.6465077,0.6159469,0.61457676,0.63005733,0.6944629,1.7416155,1.5229657,1.4509743,1.4477469,0.63674384,0.6188989,1.9581022,1.3523017,1.2883779,1.2855122,1.3178927,1.4452987,1.7386758,2.4746525,4,0,0.2
rec03,1.4639665,2.332765,1.3789877,0.93846786,0.74371845,0.6503488,0.6196066,0.61822844,0.6338009,0.69858915,0.83616495,1.543652,1.4706829,1.4503431,0.6347107,0.6411198,1.9846994,1.3484602,1.2847178,1.2818602,1.3141488,1.4411927,1.7337372,2.4539661,4,0,0.2
rec03,1.4438728,2.313101,1.3871332,0.9440114,0.7481117,0.6541905,0.6232667,0.6218803,0.6375447,0.7027157,0.84110403,1.5643386,1.4903915,1.4315493,0.6502704,0.6633406,2.0112958,1.3446188,1.2810581,1.2782085,1.310405,1.4370872,1.7287978,2.4332798,4,0,0.2
rec03,1.4237796,2.2934358,1.3952787,0.94955474,0.75250465,0.65803194,0.62692654,0.62553203,0.6412885,0.7068422,0.84604305,1.585025,1.5101001,1.412756,0.6672807,0.6855614,2.0378926,1.340777,1.2773979,1.2745568,1.3066612,1.4329813,1.7238585,2.4125934,4,0,0.2
rec03,1.4036859,2.2737713,1.4034241,0.95509815,0.75689775,0.6618735,0.6305865,0.6291838,0.64503235,0.71096873,0.85098207,1.6057113,1.5298084,1.3939619,0.6839509,0.7077824,2.0644896,1.3369356,1.2737381,1.270905,1.3029177,1.4288758,1.7189199,2.391907,2,0,0.2
rec03,1.3814285,2.2540743,1.4345834,0.9695808,0.7654458,0.66750896,0.6346328,0.6328505,0.64765054,0.7121446,0.8497832,1.6307106,1.5503949,1.4330322,0.70297116,0.72695696,2.0760028,1.3366069,1.2707762,1.2672071,1.2968426,1.4189461,1.7015889,2.37752,2,0,0.2
rec03,1.3605125,2.234476,2.273808,1.0086834,0.78543437,0.67828417,0.6401821,0.6368009,0.64801,0.7066882,0.8345457,1.6676463,1.5739675,1.5656543,0.7160144,0.7386739,2.0518336,1.3455573,1.2699717,1.2632642,1.2855005,1.3954546,1.6555438,2.3800378,2,0,0.2
rec03,1.3407674,1.9270767,2.2366226,1.0796602,0.8199123,0.69598603,0.64868313,0.6413983,0.6476594,0.6967703,0.80917984,1.7200127,1.6031114,1.585108,0.73246425,0.744226,1.9997512,1.3657765,1.2729511,1.2586557,1.2709423,1.3617722,1.5879037,2.4035132,2,0,0.2
rec03,1.322753,1.3614599,2.2040825,1.1737965,0.8642094,0.718843,0.6604264,0.6469755,0.6493939,0.688452,0.785634,1.7826049,1.6377418,1.604386,0.78219974,0.7494777,1.9482342,1.392358,1.2792078,1.2531543,1.2578386,1.3288628,1.5217274,2.4397974,4,0,0.2
rec03,1.3172373,1.3034347,2.1787035,1.2755568,0.91089445,0.743397,0.67414707,0.6534803,0.6540276,0.684695,0.77004254,0.964867,1.6745578,1.6232224,0.88112605,0.7648015,1.9127591,1.4180944,1.285994,1.2465705,1.2476145,1.302225,1.4689233,2.4764118,3,0,0.2
rec03,2.2437675,1.2840148,2.1584132,1.3555992,0.9478773,0.76390016,0.68694955,0.6608377,0.6608177,0.6864495,0.76524913,0.9464944,1.7068994,1.6420178,0.9489687,0.7816889,1.9014535,1.4327058,1.2883837,1.2394106,1.239373,1.2839991,1.4352349,2.4951096,3,0,0.2
rec03,2.2420762,1.2642702,2.1398385,2.2074926,0.9859557,0.7851138,0.70051605,0.66912556,0.6685729,0.689711,0.76288307,0.93294686,1.7395842,1.6616327,1.0209409,0.79712856,1.8944591,1.4461383,1.2903134,1.2324936,1.2314757,1.267354,1.4051902,1.7184389,3,0,0.2
rec03,2.2421281,1.2486203,2.1217697,2.175027,1.0276829,0.8081426,0.7152978,0.6783711,0.6769004,0.69389087,0.7616397,0.92134976,1.7737886,1.6822182,1.1095632,0.8113874,1.8887063,2.2847536,1.2926601,1.2259277,1.2232698,1.2512923,1.3764071,1.6650292,3,0,0.2
rec03,2.2439697,1.2226051,2.1036553,2.1446524,1.0734518,0.833111,0.73134655,0.68859076,0.68561584,0.6989776,0.7614707,0.9115467,1.8095996,1.7038072,1.2222649,0.8279348,1.884137,2.2554755,1.2954382,1.2197044,1.2144347,1.2357817,1.3487971,1.6146274,3,0,0.2
rec03,2.2476552,1.2072364,2.0859191,2.1162937,1.1237181,0.86015916,0.74872077,0.6998046,0.69484454,0.7049628,0.76233447,0.9034019,1.8471138,1.7264365,1.3716582,0.84042007,1.880699,2.228716,1.2986635,1.2138181,1.2052147,1.2207928,1.3222773,1.5669606,3,0,0.2
rec03,2.2532465,1.1860124,1.6511467,2.0898836,1.1790149,0.8894448,0.7674852,0.71203655,0.7045392,0.7118417,0.7641955,0.8967985,1.8864338,1.7501445,1.580996,0.85640013,1.8783482,2.2042785,1.3023553,1.2082636,1.1955411,1.2062985,1.2967722,1.5217875,3,0,0.2
rec03,2.2608142,1.1682953,1.2840397,2.065361,1.2399662,0.9211453,0.7877127,0.7253145,0.7146686,0.7196131,0.76702195,0.89163095,1.9276766,1.7749764,1.748924,0.86962384,1.8770427,2.1819837,1.3065325,1.203036,1.1853783,1.1922723,1.2722137,1.4788954,3,0,0.2
rec03,2.2704391,1.1567173,1.1484729,2.0426733,1.3073081,0.9554605,0.8094838,0.7396693,0.7252566,0.72827804,0.7707879,0.88780963,1.9709677,1.8009802,1.7658875,0.88430613,1.8767483,2.1616774,1.3112193,1.1981323,1.1747863,1.1786904,1.2485385,1.4380926,3,0,0.2
rec03,2.2822149,1.146105,1.1294594,2.021774,2.1248841,0.9926161,0.8328878,0.75513715,0.7362925,0.73784095,0.7754708,0.8852538,1.1170076,1.8282094,1.782586,0.9009104,1.8774371,2.1432247,1.3164425,1.1935514,1.163766,1.1655328,1.2256898,1.3992099,3,0,0.2
rec03,2.2962463,2.0653787,1.115237,2.0026257,2.0902514,1.0328689,0.8580252,0.7717583,0.7477477,0.74830985,0.78105253,0.88389397,1.101869,1.8567219,1.7989564,0.91305226,1.8790822,2.1265016,1.3222308,1.1892918,1.152291,1.1527777,1.2036141,1.3620945,4,0,0.2
rec03,2.301686,2.0586557,1.0941113,1.9854417,2.0624676,1.0679264,0.8807937,0.78779256,0.7596146,0.75977546,0.78925127,0.8879004,1.0979476,1.8823837,1.8150542,0.9265615,1.8858693,2.1215851,1.3223516,1.1827273,1.1404233,1.1404905,1.1849171,1.3330206,4,0,0.2
rec03,2.2854967,2.0430822,1.0782715,1.969424,2.0449126,1.0867376,0.895692,0.80068916,0.77168494,0.77182233,0.8014066,0.9010762,1.1134045,1.8998209,1.8310016,0.94245416,1.9015229,2.138012,1.3096749,1.1707622,1.1283522,1.1283995,1.1718109,1.317547,4,0,0.2
rec03,2.2670038,2.0265505,1.0622013,1.9534883,2.028366,1.1037633,0.9097244,0.8132332,0.78377444,0.7839142,0.81396186,0.91519296,1.1308476,1.9163522,1.8469338,0.95526814,1.9180694,2.1566162,1.2956425,1.1582183,1.1162628,1.1163096,1.1592559,1.3034307,4,0,0.2
rec03,2.2485106,2.010019,1.0432205,1.9375528,2.01182,1.120789,0.92375726,0.82577753,0.79586434,0.79600614,0.82651746,0.92931014,1.1482912,1.932884,1.8628666,0.9694016,1.9346154,2.1752203,1.2816098,1.145674,1.1041727,1.1042191,1.1467,1.2893132,4,0,0.2
rec03,2.2300174,1.9934875,1.0259993,1.9216172,1.9952735,1.1378148,0.9377898,0.8383218,0.8079542,0.8080982,0.83907306,0.9434271,1.1657346,1.9494153,1.8787994,0.9836795,1.9511617,2.1938245,1.2675773,1.1331297,1.092083,1.0921288,1.1341448,1.2751964,4,0,0.2
rec03,2.2115245,1.9769558,1.0099925,1.9056816,1.9787273,1.1548406,0.95182246,0.8508661,0.82004404,0.82019037,0.8516285,0.95754427,1.1831784,1.965947,1.8947321,0.9981344,1.9677082,2.2124286,1.253544,1.1205852,1.0799929,1.0800383,1.1215893,1.2610797,4,0,0.2
rec03,2.1930313,1.9604243,0.99209714,1.8897461,1.9621809,1.1718664,0.96585524,0.86341035,0.8321341,0.8322823,0.8641843,0.9716611,1.2006218,1.982479,1.9106652,1.0141222,1.9842548,2.2310328,1.2395118,1.108041,1.0679032,1.067948,1.1090335,1.2469622,4,0,0.2
rec03,2.1745384,1.9438927,0.97612095,1.8738105,1.9456346,1.1888925,0.9798879,0.8759546,0.84422386,0.8443744,0.8767396,0.9857782,1.2180654,1.9990101,1.9265976,1.0287685,2.0008008,2.2496371,1.2254788,1.0954967,1.0558131,1.0558575,1.0964782,1.2328452,4,0,0.2
rec03,2.1560457,1.9273614,0.9588315,1.8578752,1.9290881,1.2059181,0.99392056,0.88849896,0.85631377,0.8564664,0.8892951,0.99989516,1.235509,2.0155418,1.9425305,1.0436713,2.017347,1.4698408,1.2114463,1.0829524,1.0437232,1.0437671,1.0839227,1.2187284,4,0,0.2
rec03,2.1375527,1.91083,0.94240797,1.8419397,1.912542,1.2229433,1.0079532,0.90104324,0.8684035,0.8685584,0.90185046,1.0140122,1.2529526,2.0320728,1.9584626,1.0596216,2.0338936,1.4528148,1.1974133,1.0704081,1.0316334,1.0316765,1.0713671,1.2046114,8,0,0.2
rec03,2.109373,1.8902447,0.9261734,1.8263161,1.900208,1.230424,1.0172994,0.91161925,0.88049656,0.8807883,0.9164249,1.0330154,1.28084,2.0442526,1.9744612,1.0747765,2.0550282,1.4247955,1.1780033,1.0556287,1.0195892,1.0197107,1.0611932,1.1962016,8,0,0.2
rec03,2.0585523,1.8604528,0.90966254,1.8122381,1.8993543,1.214615,1.0151119,0.9174253,0.8923429,0.89364976,0.9366084,1.0654359,1.337738,2.0465105,1.0906224,1.0921211,2.0893018,1.3716757,1.1463748,1.0360563,1.0077305,1.0087208,1.0577196,1.2032056,8,0,0.2
rec03,1.9905783,1.8247906,0.8931177,1.8024538,1.9133134,1.1794178,1.0031772,0.91962636,0.9036765,0.9083696,0.96423924,1.1148883,2.2281044,2.0425344,1.1070495,2.0175319,2.14162,1.3004979,1.106164,1.0140358,0.9964484,1.0006753,1.0632272,1.2293419,4,0,0.2
rec03,1.9262537,1.7923425,0.87600446,1.7972337,1.934922,1.1449881,0.9914211,0.9224987,0.9141043,0.9250161,0.99588287,1.1731505,2.1952882,2.0426745,1.1240586,2.048249,2.2051668,1.2349873,1.0693495,0.9950096,0.9859553,0.9962731,1.0741615,1.2653627,4,0,0.2
rec03,1.8830044,1.7679124,0.85855347,1.7892764,1.9436417,1.1304793,0.9891651,0.9287058,0.9238353,0.9399286,1.0210179,1.217415,2.18611,2.0524917,1.1416398,2.0772946,2.256507,1.1947397,1.0453926,0.98149645,0.97634894,0.9915963,1.079056,1.2866169,4,0,0.2
rec03,1.8556699,1.7480334,0.8407358,1.7753061,1.9349943,1.1323203,0.9945617,0.9368731,0.9329739,0.9514901,1.0370771,1.2423259,2.1952772,2.0679424,1.1593137,2.1002066,2.2891192,1.1737053,1.0309117,0.9711147,0.96707296,0.98439986,1.0749795,2.1127021,4,0,0.2
rec03,1.8366051,1.7301178,0.8229095,1.7571576,1.9152627,1.1432567,1.0041963,0.94597244,0.942043,0.9607567,1.0472035,1.2545007,2.2142057,2.0858247,1.177139,2.1184232,1.4966124,1.1626251,1.021209,0.96199876,0.9580028,0.97518396,1.0649446,2.090937,4,0,0.2
rec03,1.8175999,1.7122145,0.8050805,1.7389742,1.8954434,1.1542561,1.013858,0.9550739,0.9511068,0.97000045,1.0572789,1.2665704,2.2332115,2.1037285,1.194968,2.1366067,1.482453,1.1516258,1.0115474,0.95289725,0.94893914,0.9659578,1.0548693,2.0693002,4,0,0.2
rec03,1.7985946,1.694311,0.7872516,1.7207912,1.8756242,1.1652557,1.0235194,0.9641753,0.9601703,0.9792441,1.0673541,1.2786405,2.252216,2.1216311,1.212797,2.1547892,1.4682941,1.1406263,1.0018859,0.94379586,0.93987554,0.9567316,1.0447938,2.0476627,4,0,0.2
rec03,1.7795898,1.676408,0.7694227,1.7026081,1.855805,1.1762552,1.033181,0.97327656,0.9692339,0.98848754,1.0774294,1.2907101,2.2712212,2.1395345,1.2306257,2.1729727,1.4541348,1.1296269,0.9922244,0.93469465,0.93081206,0.94750565,1.0347186,2.0260258,4,0,0.2
rec03,1.7605847,1.658505,0.7515939,1.6844254,1.8359858,1.1872544,1.0428424,0.9823779,0.97829735,0.9977311,1.0875046,1.3027794,2.2902265,2.1574378,1.2484546,2.1911557,1.4399757,1.1186277,0.98256296,0.9255934,0.92174876,0.9382797,1.0246434,2.0043888,4,0,0.2
rec03,1.7415787,1.6406012,0.7337646,1.6662414,1.8161666,1.1982539,1.052504,0.99147934,0.987361,1.0069748,1.0975801,1.3148495,2.3092318,2.1753414,1.2662838,2.2093391,1.425816,1.107628,0.9729012,0.91649187,0.91268504,0.9290535,1.014568,1.9827515,4,0,0.2
rec03,1.7225738,1.6226982,0.7159359,1.6480585,1.7963474,1.2092535,1.0621656,1.0005808,0.99642456,1.0162184,1.1076553,1.3269193,2.3282368,2.1932445,1.2841123,2.227522,1.4116567,1.0966284,0.96323967,0.9073905,0.90362144,0.9198272,1.0044926,1.9611143,4,0,0.2
rec03,1.7035685,1.6047944,0.69830865,1.6298754,1.776528,1.220253,1.0718272,1.0096819,1.005488,1.025462,1.1177307,1.338989,2.3472424,2.2111478,1.3020511,2.245705,1.3974977,1.085629,0.95357823,0.89828926,0.8945579,0.91060126,0.9944173,1.9394772,4,0,0.2
rec03,1.6845632,1.586891,0.6804746,1.611692,1.7567091,2.104455,1.0814887,1.0187835,1.0145516,1.0347056,1.127806,1.351059,2.3662484,2.2290516,1.3198817,2.2638888,1.3833382,1.0746295,0.9439165,0.8891877,0.8854942,0.9013751,0.98434204,1.9178402,8,0,0.2
rec03,1.6617061,1.5681058,0.6630378,1.5955534,1.7422626,2.092374,1.088616,1.0272967,1.0236179,1.0452782,1.1413901,1.3707548,2.379756,1.3424379,1.338297,2.285018,1.3589221,1.0590674,0.9321152,0.8796112,0.8764611,0.8932565,0.9773018,1.8880272,8,0,0.2
rec03,1.6279067,1.5472088,0.6455206,1.5862621,1.7451359,2.1179066,1.0881743,1.0342319,1.0324547,1.060337,1.1665357,1.4157141,2.3773491,1.3579109,1.3562583,2.3165321,1.3055995,1.0306333,0.9144534,0.86912245,0.86762905,0.88908273,0.9803049,1.8347298,8,0,0.2
rec03,1.5861478,1.5264405,0.6276187,1.586266,1.769118,1.2021433,1.0815004,1.0407895,1.0407972,1.0815811,1.2062566,1.4928881,2.3629305,1.3748822,2.2739992,2.3631063,1.2309471,0.9926583,0.89303845,0.85942173,0.85942817,0.89070094,0.9960548,1.7630851,4,0,0.2
rec03,1.5469418,1.3041333,0.6101395,1.5913799,1.8024784,1.1781514,1.0753325,1.0480759,1.0501829,1.1062231,1.2529645,1.5867969,2.3520231,1.3938729,2.2970145,1.6027757,1.1624044,0.95773274,0.87415004,0.85199285,0.85370564,0.8963662,1.0185492,1.694854,4,0,0.2
rec03,1.5177513,0.8159378,0.59138227,1.5882953,1.8165241,1.1679863,1.0751042,1.054612,1.0592462,1.1250744,1.2867409,1.6540406,2.3562033,1.4127122,2.3214483,1.5183425,1.1226281,0.9363333,0.8618727,0.8454449,0.8491598,0.8987336,1.9769392,1.6488756,3,0,0.2
rec03,1.4954109,0.7881011,0.57364833,1.5739557,1.8061187,1.1691555,1.0791951,1.0607082,1.0664153,1.1358787,1.3034241,1.6842092,2.3710055,1.4332988,2.342928,1.4851284,1.1048664,0.92520225,0.85401267,0.83938307,0.8438995,0.89558136,1.9346657,1.6200666,3,0,0.2
rec03,1.4788151,0.9933685,0.5565243,1.5477256,1.7702401,1.1812388,1.0873632,1.0666792,1.0713868,1.1380327,1.3016462,1.6733711,2.3949866,1.4534215,2.3597975,1.4962237,1.106411,0.92288065,0.8495373,0.83337724,0.8370552,0.88596976,1.9259626,1.6064857,3,0,0.2
rec03,1.467236,1.431691,0.5383015,1.513764,1.7173547,2.1802962,1.0995904,1.0729519,1.0754817,1.1344602,1.2870373,1.6339797,2.427215,1.4706802,2.3739974,1.5434233,1.1231441,0.9273395,0.84763485,0.82710016,0.8290502,0.87165123,1.9441365,1.6052033,8,0,0.2
rec03,1.4540973,1.4128643,0.5197122,0.5389563,1.67488,2.1079738,1.1111981,1.0796885,1.0810566,1.1346834,1.2799157,1.6108788,2.4569304,1.4898711,2.3902853,1.5762447,1.1331044,0.9284997,0.84431577,0.8203739,0.82141346,0.8595053,1.9514555,1.5990808,3,0,0.2
rec03,1.4399778,1.3941357,0.50251484,0.51693434,1.6379305,2.0478125,1.1224344,1.0867015,1.0874023,1.1369123,1.2767347,1.5962291,2.485111,1.5086416,2.4075484,1.6004859,1.139056,0.92769134,0.8401096,0.81336457,0.813889,0.8484542,1.9523823,1.5900959,3,0,0.2
rec03,1.4309025,1.3757191,0.48529407,0.49369058,1.5910461,1.9660271,1.1381004,1.0942091,1.0941135,1.1358988,1.2654748,1.5637242,2.522173,1.5301728,2.4246924,1.6598833,1.1587478,0.93294686,0.83843726,0.80610245,0.80603206,0.8345937,0.93227375,1.5921953,4,1,0.19019602
rec03,1.4202439,1.3587047,0.47071913,0.4730176,1.5543107,1.9054153,1.1521524,1.1022296,1.1015689,1.1380457,1.2609122,1.5457405,2.5543985,1.5466706,2.442252,1.7009103,1.1703432,0.9344183,0.8351685,0.79898065,0.7985017,0.8229094,0.9140059,1.5890229,4,1,0.1804794
rec03,1.4035606,1.3420887,0.47235087,0.4555609,1.533671,1.8786715,1.1604769,1.1096513,1.1089069,1.1451024,1.2680527,1.5533018,2.573279,1.5636272,2.4589262,1.6909825,1.1618164,0.92683625,0.8279429,0.7916814,0.7911502,0.8149753,0.90469307,1.5712084,4,1,0.18156722
rec03,1.386192,1.3254808,0.5041501,0.44181177,1.5146923,1.8554236,1.1681474,1.116986,1.1162368,1.1526715,1.2764344,1.5635691,2.5906472,1.5802742,2.4755225,1.6753163,1.1510526,0.9182496,0.82027227,0.78434676,0.7838205,0.8074249,1.9451828,1.551765,3,0,0.2
rec03,1.3702766,1.3080114,0.55307955,0.42709565,0.46354043,1.8192664,1.1787097,1.1251494,1.1241118,1.158939,1.2809743,1.56493,2.6144114,1.5989357,2.4933116,1.6785582,1.1473093,0.9125621,0.8136341,0.77666277,0.7759464,0.79808176,1.9322332,1.5368855,3,0,0.2
rec03,1.361688,1.2914705,0.6575353,0.4115562,0.4373075,1.754434,1.1966408,1.1349343,1.1324933,1.1609746,1.2744099,1.5417829,2.6539261,1.6185926,2.5116587,1.7395998,1.1652122,0.9163911,0.81116575,0.76933676,0.7676822,0.78530353,1.9330279,1.5383282,3,0,0.2
rec03,1.3552659,1.276113,0.80363,0.39702457,0.41164845,1.6896629,2.2304993,1.1461016,1.1411731,1.1634645,1.2675663,1.5175186,2.697971,1.6364886,2.1369965,2.5788856,1.1878393,0.9219925,0.8094282,0.7621545,0.7588771,0.7722488,0.84292793,1.5437376,4,0,0.2
rec03,1.3458965,1.2606915,0.9564187,0.38374653,0.38847914,1.639466,2.1955564,1.157559,1.1503798,1.1687093,1.2665579,1.5053471,2.7363725,1.6574963,1.7752032,2.58783,1.2006785,0.92287993,0.805341,0.7543573,0.74967873,0.76033694,0.8253895,1.5423292,4,0,0.2
rec03,1.3279814,1.2432227,1.0291821,0.4007008,0.3722415,1.6137071,2.1585324,1.1673121,1.159808,1.1778802,1.2757893,1.5151751,2.0267339,1.6756148,1.8438443,2.6048317,1.1885011,0.91255856,0.7958229,0.74502945,0.74023986,0.7505191,1.8592908,1.5227771,3,0,0.2
rec03,1.3130537,1.2266032,1.146105,0.43209264,0.3609678,0.41226715,2.1047285,1.1779146,1.1693051,1.1859324,1.2817566,1.5178342,2.021182,1.6948683,1.7952727,2.6192403,1.1847093,0.90589935,0.7880364,0.7361527,0.7307719,0.7399824,1.8424534,1.5094411,3,0,0.2
rec03,1.3074038,1.2129334,1.200155,0.48468265,0.34985852,0.3820024,2.0063734,1.1915717,1.1790185,1.1912314,1.2788291,1.5007086,1.9710369,1.7180687,1.709463,2.6269398,1.2067326,0.9103336,0.7854987,0.72874033,0.72106284,0.72754675,1.81257,1.5151819,3,0,0.2
rec03,1.3038208,1.2005248,1.1828955,0.54847264,0.34085667,0.35290667,1.9111847,1.206862,1.1891398,1.1973614,1.2762305,1.4835434,1.9212723,2.6562028,1.7293702,2.6352925,1.2335113,0.91632736,0.78358155,0.7215019,0.7109069,0.71503836,0.7629725,1.5246998,4,0,0.2
rec03,1.296461,1.1873076,1.1659344,0.6099917,0.3558868,0.33391172,1.840798,1.2217202,1.1997275,1.2055794,1.2785654,1.4765816,1.8941513,2.6825051,1.7506415,2.6470654,1.2481679,0.91666865,0.77875096,0.71318537,0.700347,0.7031203,0.7463692,1.5260655,4,0,0.2
rec03,1.2789087,1.1705846,1.149083,0.6464678,0.3761627,0.32670683,0.39231583,1.2331573,1.2105062,1.2161975,1.2891728,1.4878545,1.906804,2.7006383,1.7681055,2.663496,1.2323647,0.90398586,0.7674578,0.7024539,0.689551,0.6921729,1.7461284,1.506422,3,0,0.2
rec03,1.2654183,1.1553793,1.132272,0.6967113,0.40050808,0.3230253,0.36215648,2.2156837,1.2213418,1.2261288,1.2967799,1.4922959,1.9045321,2.7222893,1.7872403,2.6783009,1.2282747,0.89617276,0.7585278,0.69256735,0.67871606,0.68082213,1.7293456,1.4950455,3,0,0.2
rec03,1.2626991,1.1444503,1.1156082,0.789853,0.4368967,0.3210682,0.32665274,2.238852,1.232404,1.2349147,1.2975202,1.4806669,1.8673352,2.753895,1.8006701,2.6899612,1.255251,0.9009629,0.75567424,0.68490696,0.66764617,0.6686228,1.7031432,1.50547,3,0,0.2
rec03,1.2621115,1.1348375,1.0992262,0.9062533,0.47859225,0.33719143,0.3148817,2.2649748,1.2438793,1.2447606,1.2988551,1.4693507,1.8308042,2.788355,1.8176024,2.702771,1.2877768,0.90730095,0.7533931,0.6774194,0.6561621,0.6564178,0.685162,1.5199432,4,0,0.2
rec03,1.2577496,1.1240838,1.0831429,1.0221118,0.51915586,0.3604263,0.3156913,0.369963,1.2557681,1.2559737,1.3038628,1.4656712,1.8104523,2.8196301,1.8357704,2.7173793,1.3078376,0.9079721,0.7481293,0.6686228,0.6442704,0.6442928,0.668945,1.5264759,4,0,0.2
rec03,1.2410617,1.1083223,1.0672358,1.0673596,0.5461039,0.37841776,0.3174715,0.3363728,1.2678909,1.268038,1.3155484,1.4776454,1.8233036,2.8380756,1.8525077,2.7331827,1.2888047,0.89306545,0.73512244,0.6564965,0.63215953,0.6321663,1.6416556,1.5077066,3,0,0.2
rec03,1.2284763,1.0943229,1.051423,1.0513802,0.5791561,0.39879745,0.32719994,0.31868708,1.2801318,1.2800797,1.3252707,1.484747,1.8257366,2.8610773,1.8708184,2.7488046,1.2823018,0.8829719,0.7244487,0.6453367,0.62003803,0.6199957,1.6254869,1.4972901,3,0,0.2
rec03,1.2286508,1.0859654,1.0363189,1.0356624,0.6329726,0.42714402,0.3468919,0.32428417,1.293268,1.2924485,1.3297564,1.4782885,1.7991616,2.898781,1.8905617,2.764506,1.3153586,0.8876331,0.72086394,0.6371486,0.60802054,0.6076353,1.602641,1.5128945,3,0,0.2
rec03,1.2313801,1.0791006,1.0222324,1.0202422,0.69580984,0.45873308,0.36831385,0.33000043,0.4001936,1.3051846,1.3348851,1.4719969,1.7725999,2.9402182,1.9071186,2.7798474,1.3563639,0.89422274,0.71796554,0.62917787,0.59602034,0.59486,1.5800374,1.5336782,3,0,0.2
rec03,1.2354832,1.073219,1.0091414,1.0051894,0.7672367,0.4931761,0.391254,0.33986804,0.3361474,1.3183546,1.3412719,1.4673126,1.7490003,2.9840813,1.9274803,2.7949257,1.4020412,0.9012253,0.71497375,0.62107146,0.58398986,0.5817029,1.5583576,1.5573279,3,0,0.2
rec03,1.2410443,1.0683413,0.99703497,0.99046737,0.8489222,0.5307944,0.41583106,0.35796428,0.34424475,1.3318896,1.3489064,1.4641689,1.7281331,2.2568018,1.943856,2.8096018,1.4533067,0.9086897,0.7118789,0.6128142,0.571912,0.56814474,1.5375581,1.5841513,3,0,0.2
rec03,1.2481581,1.064492,0.98590446,0.97614604,0.942999,0.5719605,0.4421767,0.37711057,0.3557083,1.34586,1.3577814,1.4625047,1.7097927,2.202305,1.9562219,2.8240347,1.5113328,0.91667336,0.7086707,0.6043901,0.5597701,0.5542297,0.5591388,1.614506,4,0,0.2
rec03,1.2487255,1.0578476,0.9744678,0.96212006,0.9684587,0.61044604,0.46735463,0.39591572,0.3659692,0.4456567,1.3690681,1.4668292,1.7037349,2.1743748,1.9774615,2.5840385,1.5445292,0.91532433,0.70076805,0.5936499,0.54685825,0.53992885,0.543486,1.6068565,4,0,0.2
rec03,1.232632,1.0435185,0.96075577,0.9483123,0.9543584,0.63653314,0.48685166,0.41215765,0.37946904,0.37784097,1.383343,1.4813544,1.7195231,2.1925845,1.9922873,2.6539338,1.5104346,0.89300394,0.6830129,0.57822335,0.53236383,0.5254686,1.4848998,1.5901065,3,0,0.2
rec03,1.22253,1.032015,0.9480042,0.93453497,0.9397055,0.6682195,0.50894576,0.4296334,0.39465928,0.39111748,1.396764,1.4924315,1.7277681,2.194891,2.0095623,2.6162293,1.49975,0.87762517,0.66843843,0.56427115,0.51833683,0.5109722,1.4690803,1.5697011,3,0,0.2
rec03,1.2303293,1.0290282,0.93838495,0.92094356,0.92395097,0.7179991,0.5393568,0.4511097,0.4113732,0.40445566,1.4083315,1.4943792,1.7157005,2.1546786,2.0249894,2.3379207,1.5618352,0.8826186,0.6630179,0.55453783,0.5056907,0.49629146,1.4510342,1.5396907,3,0,0.2
rec03,1.2418956,1.0280268,0.929997,0.90774536,0.9090778,0.774787,0.5728915,0.47423306,0.4290115,0.418912,1.4208704,1.4965703,1.7032994,2.1140044,2.0412128,2.1104598,1.6435318,0.8905087,0.65845805,0.5450641,0.49308822,0.48128983,1.4334295,1.5097988,3,0,0.2
rec03,1.2554725,1.0281692,0.92256194,0.89490616,0.8952667,0.83761317,0.6089877,0.49873045,0.4475039,0.434089,1.4346853,1.500096,1.6928712,2.0775182,2.0671146,2.0530126,1.7404665,0.89904904,0.6536547,0.53531045,0.48032665,0.46601564,1.4165161,1.4810984,3,0,0.2
rec03,1.271236,1.0295048,0.91608673,0.8826262,0.8824956,0.9073804,0.64789736,0.5246969,0.4668923,0.44983885,0.44977233,1.5049291,1.6843063,2.044834,3.0286424,2.0691903,1.8575306,0.9083395,0.6485821,0.5252513,0.46738568,0.4507145,1.4002677,1.4535193,3,0,0.2
rec03,1.2893903,1.0320925,0.91058356,0.87132114,0.8705024,0.8973704,0.6899089,0.55223775,0.48722237,0.46621445,0.46577635,1.5110458,1.6775055,2.015615,3.0644915,2.0853915,2.0019526,0.9184997,0.6432097,0.51485735,0.4542428,0.43536586,1.3842748,1.4270003,3,0,0.2
rec03,1.3101674,1.0359964,0.90606534,0.8610121,0.8589221,0.8799719,0.7353525,0.5814698,0.50854385,0.48325685,0.4820839,1.518428,1.6723813,1.9895678,3.1025925,2.1016386,2.9411607,0.9296779,0.63750404,0.5040974,0.44087517,0.42016807,1.3679563,1.4014813,3,0,0.2
rec03,1.3338426,1.0412945,0.9025538,0.8516896,0.84778166,0.8638142,0.784611,0.61252433,0.53091234,0.5009923,0.49869353,1.5270624,1.6688576,1.9664367,3.1430564,2.1179564,2.9523184,0.9420571,0.63142574,0.49293682,0.42725855,0.40542224,1.351355,1.3769107,3,0,0.2
rec03,1.3607305,1.0480702,0.90007013,0.8433472,0.8370804,0.8488548,0.8381262,0.6455468,0.554388,0.5194502,0.5155902,1.5369409,1.6668679,1.9459993,3.186008,2.1343706,2.9630406,0.9558663,0.6249302,0.48133758,0.41336697,0.38995188,1.3344688,1.3532395,3,0,0.2
rec03,1.3912015,1.0564216,0.89864314,0.8359822,0.8268142,0.83505696,0.8964142,0.6807005,0.5790367,0.5386616,0.5327542,1.5480595,1.666353,1.9280577,2.5488741,2.1509082,2.9732778,0.97139925,0.6179661,0.46925825,0.39917365,0.3756905,1.3172903,1.3304229,3,0,0.2
rec03,1.3980086,1.0664587,0.8983043,0.8295943,0.81700695,0.82238686,0.8786973,0.7181696,0.6049319,0.55866194,0.5501854,0.5538083,1.6672627,1.9124401,2.4920433,2.1624885,2.983085,0.98902845,0.6104707,0.4566504,0.38464788,0.36001363,1.2998594,1.3084189,3,0,0.2
rec03,1.3653122,1.0783082,0.8990927,0.8241875,0.807662,0.8108163,0.8600268,0.75815964,0.6321531,0.57948756,0.5678685,0.5700862,1.6695502,1.898991,2.440881,2.1717956,2.9924421,1.0092473,0.60237217,0.44346157,0.36975795,0.34576908,1.2821822,1.2871897,3,0,0.2
rec03,1.3339113,1.0921135,0.9010512,0.8197695,0.7988136,0.80032086,0.8427864,0.8009048,0.6607888,0.60118085,0.58581275,0.5869181,1.6731802,1.8875784,2.3948028,2.1821878,2.8466947,1.0327137,0.59358376,0.42963135,0.3544686,0.33150774,1.2643138,1.2666996,3,0,0.2
rec03,1.3037292,1.1080394,0.904231,0.81635094,0.7903761,0.7908801,0.82691425,0.8466697,0.6909368,0.6237867,0.603939,0.60432404,1.6781218,1.8780836,2.3533044,2.1959562,2.610767,1.0603338,0.58400506,0.41509455,0.33874378,0.31810775,1.2461225,1.246917,3,0,0.2
rec03,1.2746937,1.1262734,0.9086882,0.8139462,0.7825516,0.78247625,0.81235397,0.89575523,0.72270393,0.647353,0.6223842,0.6223242,1.6843466,1.8704001,2.315949,2.2090604,2.4240923,1.0933759,0.57351047,0.39977372,0.3225413,0.30162144,1.2279298,1.2278116,3,0,0.2
rec03,1.2467396,1.1470339,0.91448945,0.8125741,0.7757132,0.7749952,0.7990566,0.8805764,0.7562103,0.67193466,0.64145344,0.64085966,1.6918353,1.864436,2.2823613,2.2281394,2.27315,1.1336888,0.56194973,0.38358262,0.30581686,0.28910512,1.2103177,1.2091974,3,0,0.2
rec03,1.2198069,1.1705692,0.92170745,0.81225765,0.7698812,0.7680337,0.78697747,0.8608074,0.79158723,0.6975893,0.6611952,0.6596086,1.7005724,1.8601114,2.2522159,2.254815,2.240167,1.184069,0.5491381,0.36642295,0.28852183,0.2743024,1.1933079,1.1904445,3,0,0.2
rec03,1.1938397,1.1971688,0.9304262,0.8130235,0.7650519,0.76156664,0.7760777,0.84268385,0.8289825,0.72438073,0.6816393,0.67853415,0.691463,1.8573513,2.2252243,3.2438457,2.2513807,1.2489469,0.5348427,0.3481796,0.27060133,0.26211143,1.1768789,1.1715175,4,0,0.2
rec03,1.1703432,1.2152612,0.935428,0.8123917,0.76051337,0.7555815,0.7673165,0.82892376,0.8636723,0.75007397,0.702175,0.6976216,0.7084563,1.8624443,2.2151902,3.273466,2.2560346,1.2723527,0.5095992,0.32555303,0.2505893,0.24881236,1.1599668,1.1524446,4,0,0.2
rec03,1.1505051,1.2088952,0.92959803,0.80681884,0.75489706,0.7498455,0.7612319,0.82192665,0.8886142,0.77124816,0.7216156,0.71678674,0.7276711,1.8818667,2.2366626,3.282089,2.2795196,1.1655477,0.46338207,0.29544035,0.23770775,0.25757164,1.140931,1.1332961,4,0,0.2
rec03,1.1310483,1.1996766,0.9225093,0.8006661,0.7491405,0.7441274,0.75542694,0.81565857,0.9123747,0.79187036,0.7409106,0.7359527,0.74712807,1.9028748,2.2616315,3.2882416,2.2855816,1.043645,0.41491777,0.2645408,0.22692998,0.2673779,1.1216359,1.1141303,4,0,0.2
rec03,1.1115911,1.1904585,0.91542083,0.7945139,0.7433841,0.73840964,0.74962234,0.8093912,0.93613523,0.8124928,0.76020586,0.7551188,0.7665853,1.9238834,2.2866008,3.294394,2.291643,0.921743,0.36645353,0.23364124,0.21932127,0.27718332,1.1023405,1.0949641,4,0,0.2
rec03,1.0921338,1.1792119,0.9083322,0.78836185,0.73762804,0.73269194,0.7438179,0.8031239,0.95454013,0.8331153,0.77950144,0.7742852,0.78604275,1.9448925,2.311571,2.3321204,2.3145874,0.7998402,0.31798926,0.210059,0.21801947,1.157537,1.0830454,1.0757979,4,0,0.2
rec04,1.1646965,0.6084733,0.42895132,0.35372084,0.3176934,0.30741194,0.30756468,0.32007384,0.3619594,0.40605295,0.3646953,0.35289267,0.35306805,0.3674279,0.41551036,0.5163784,0.73864704,1.5562624,1.8837346,0.9841207,0.7770683,2.873616,1.5473772,1.4972997,2,1,0.15263422
rec04,1.4330335,0.6647867,0.44962752,0.36268032,0.32040453,0.30552736,0.30535272,0.3136177,0.34869084,0.42373195,0.38595554,0.36803475,0.36782432,0.3777803,0.42002892,0.5104225,0.70323443,1.3259543,2.263015,1.0498159,0.7732434,0.81763,1.5553055,1.4830887,3,1,0.16641833
rec04,1.4658911,0.7246223,0.47060928,0.37197593,0.32383785,0.30490503,0.3039706,0.3092914,0.33915663,0.4049405,0.40927485,0.385347,0.38416612,0.39089066,0.4286351,0.5117745,0.685622,1.2015514,3.496147,1.1105435,0.75855076,0.7873623,1.5617005,1.4703971,3,1,0.18040617
rec04,1.4481587,0.7694292,0.48555055,0.37858,0.32644755,0.30487874,0.30316174,0.30697805,0.3337761,0.39433506,0.43277305,0.40417928,0.40190303,0.4069623,0.4424886,0.5227719,0.6891314,1.1614761,3.496965,1.1373494,0.7521299,0.77019125,1.5593916,1.4563609,3,1,0.19036701
rec04,1.4293725,0.81883186,0.50159526,0.38583466,0.32963434,0.305488,0.30282488,0.30545935,0.32953444,0.38561997,0.45799506,0.42444602,0.42074585,0.42440617,0.45785618,0.5357817,0.6962696,1.1356751,3.497417,1.1608418,0.7380054,0.75478244,2.6445177,1.4419427,3,0,0.2
rec04,1.4095374,0.87724316,0.52000487,0.39431706,0.3336735,0.30681843,0.30297062,0.30466315,0.32614934,0.3781413,0.48481566,0.44612294,0.4405281,0.4429891,0.4742306,0.5498283,0.7049362,1.1162285,3.0870924,1.1857023,0.72429764,0.73987234,2.6537578,1.427439,3,0,0.2
rec04,1.3895442,0.9468786,0.54111016,0.40414864,0.33862486,0.30890206,0.3036458,0.304603,0.32361138,0.37184256,0.4706668,0.46848744,0.4605157,0.46196738,0.49079594,0.56394434,0.7138231,1.1002022,2.732057,1.2146404,0.71553975,0.725386,2.6648483,1.4135977,3,0,0.2
rec04,1.3696089,1.03066,0.5652669,0.41543952,0.34453228,0.3117539,0.30485147,0.3052753,0.32189408,0.36665225,0.45846862,0.49136963,0.48049042,0.48115844,0.50735205,0.5778974,0.72261375,1.0865586,2.4728205,1.2494147,0.7067578,0.7112789,2.6781082,1.4006199,3,0,0.2
rec04,1.3496608,1.1326239,0.5928976,0.4283129,0.35144296,0.31539002,0.3065679,0.30667704,0.32097235,0.36250493,0.44803625,0.51480913,0.5004088,0.50058705,0.52392113,0.59171456,0.7313269,1.0749154,2.2754428,1.2916931,0.69332886,0.697513,2.6936448,1.3885002,3,0,0.2
rec04,1.3299183,1.2585098,0.6245107,0.44291008,0.35941058,0.31982982,0.30884087,0.308808,0.32082522,0.35934332,0.4392099,0.538849,0.5203349,0.5202795,0.54052603,0.6054213,0.73998064,1.0649722,2.1203318,1.3438421,0.68018657,0.6840529,2.711579,1.3772382,3,0,0.2
rec04,1.3110572,1.3099843,0.66072494,0.4593928,0.36849505,0.32509533,0.3118289,0.31157374,0.32143423,0.3571165,0.4318527,0.5635342,0.5405376,0.54009527,0.557188,0.61904114,0.74859166,1.0564872,1.9953814,1.4093517,0.66730034,0.67086655,2.7320466,1.3668348,4,0,0.2
rec04,1.292379,1.2902397,0.6894554,0.47288966,0.37639782,0.33018866,0.31534016,0.3148181,0.32344598,0.35751086,0.4294613,0.58715934,0.56075484,0.5598265,0.5751691,0.6357451,0.76369137,1.0650423,1.9515024,1.4265503,0.65777963,0.6611541,2.7382631,1.3532339,4,0,0.2
rec04,1.2727371,1.2705383,0.6986728,0.47874197,0.38084587,0.3339566,0.31884107,0.31829017,0.32692337,0.3612253,0.4337235,0.6043767,0.5805244,0.57952136,0.5952401,0.6576947,0.78969467,1.1004082,2.0122144,1.3373424,0.6459467,0.656822,2.7168214,1.3330749,4,0,0.2
rec04,1.2530097,1.2508447,0.7063369,0.4839936,0.3850236,0.33762,0.3223386,0.3217817,0.33050957,0.3651877,0.4384814,0.6110065,0.6002519,0.59921485,0.6154677,0.68004465,0.8165302,1.1378026,2.080594,1.2399805,0.63369894,0.6528797,2.6932573,1.312412,4,0,0.2
rec04,1.2332821,1.2311512,0.71400195,0.48924574,0.3892018,0.34128374,0.32583648,0.3252735,0.33409616,0.36915064,0.44323945,0.6176367,0.6199794,0.61890835,0.6356954,0.70239466,0.8433659,1.175197,2.1489747,1.142619,0.6239529,0.6489372,2.6696932,1.2917494,4,0,0.2
rec04,1.2135544,1.2114577,0.72166663,0.49449775,0.3933798,0.3449474,0.32933432,0.32876533,0.33768266,0.37311342,0.44799766,0.6242671,0.6397072,0.6386019,0.65592307,0.7247448,0.8702016,1.2125916,2.2173548,1.045257,0.61179787,0.64499485,2.6461296,1.2710865,4,0,0.2
rec04,1.1938269,1.1917641,0.7293313,0.49974966,0.3975578,0.34861097,0.33283213,0.3322571,0.3412691,0.3770762,0.4527558,0.6308973,0.6594346,0.6582952,0.6761506,0.74709463,0.89703745,1.2499862,2.2857344,0.94789493,0.6003451,3.2966933,2.622565,1.2504236,2,0,0.2
rec04,1.1745752,1.1720806,0.74650246,0.5087427,0.40348315,0.3530269,0.33648294,0.33576834,0.34435746,0.3797462,0.45481908,0.6309742,0.6794328,0.6779899,0.6953332,0.7667906,0.91837907,1.2740744,2.3044972,0.87811863,0.59296596,3.291108,2.610173,1.232326,2,0,0.2
rec04,1.1572568,1.1524246,0.79637694,0.53035825,0.41535208,0.36014286,0.34093738,0.33951375,0.34626228,0.37889034,0.4493349,0.61278284,0.7005554,0.69763017,0.71149695,0.7785408,0.92328864,1.25914,2.1866367,0.89506227,0.58430034,2.844008,2.633255,1.2224469,2,0,0.2
rec04,1.1436489,1.1330036,0.89434695,0.5690078,0.43517765,0.37117174,0.34714255,0.34391126,0.34789306,0.37564716,0.43820027,0.5813279,0.7239462,0.71720773,0.72551155,0.78339106,0.91384214,1.2123266,1.9807806,1.062878,0.5726348,2.8042336,2.6991992,1.2228123,2,0,0.2
rec04,1.133928,1.1136304,1.04028,0.62151927,0.4612443,0.38562435,0.35555336,0.34918898,0.35092703,0.37336257,0.42786077,0.5516974,0.74985677,0.7364342,0.7400999,0.7874162,0.9023515,1.163521,1.7946748,1.55779,0.56346625,0.58684856,2.7919452,1.2298301,3,0,0.2
rec04,1.1257277,1.0946364,1.0962106,0.6794803,0.48951375,0.40165788,0.36557207,0.3554754,0.35598662,0.37396854,0.4222534,0.53223467,0.77686954,0.7554134,0.7564998,0.7947128,0.89732194,1.131041,1.6717262,3.4446268,0.5544568,0.5710947,2.8844938,2.3667967,3,0,0.2
rec04,1.1146535,1.0759224,1.0762508,0.7274126,0.5134478,0.41610774,0.37557906,0.3625287,0.36263937,0.37798607,0.4229921,0.52611816,0.7593866,0.7741297,0.77436596,0.80713665,0.9032404,1.1234522,1.6215646,3.141375,0.5444943,0.55884004,2.9401596,2.3827603,3,0,0.2
rec04,1.103675,1.0578254,1.0574094,0.77831477,0.5384946,0.43130797,0.3862938,0.37024614,0.37010053,0.38305303,0.42528036,0.52289087,0.7398549,0.79295176,0.79264,0.82038003,0.9108178,1.1198691,1.5845386,2.917175,0.5332082,0.5470785,2.9935606,2.3976963,3,0,0.2
rec04,1.0935017,1.0406328,1.0391024,0.83602697,0.56606877,0.44786367,0.39795205,0.37871188,0.37815502,0.3888064,0.4283357,0.5208419,0.7234253,0.81214076,0.81094646,0.833788,0.9185578,1.1169354,1.5513717,2.7321725,0.5237542,0.5353517,3.0524192,2.4150205,3,0,0.2
rec04,1.0841386,1.0243232,1.0210136,0.9017392,0.596435,0.4658654,0.41059363,0.38793987,0.3866864,0.39524,0.43212894,0.51988095,0.7096914,0.83172375,0.8290364,0.8473749,0.9264632,1.114599,1.5215435,2.5769725,0.51390034,0.52364326,3.1173055,2.4348752,3,0,0.2
rec04,1.0755954,1.0088792,1.0031878,0.97694033,0.6298988,0.4854142,0.42426226,0.39794657,0.39570168,0.4023508,0.4366362,0.5199308,0.6983199,0.8517304,0.84692544,0.8611567,0.9345383,1.1128148,1.4946238,2.4449623,0.5043536,0.511937,3.1888788,2.4574218,3,0,0.2
rec04,1.0678838,0.99428606,0.9855465,0.99765766,0.66681665,0.506624,0.4390077,0.40875164,0.40515882,0.41013783,0.44183692,0.5209243,0.6890339,0.872191,0.86452466,0.87514865,0.9427879,1.1115439,1.4702547,2.3313472,0.49487576,0.5002171,2.7208161,2.4828424,3,0,0.2
rec04,1.0610205,0.98053163,0.96817213,0.97639173,0.707606,0.5296233,0.45488527,0.4203777,0.4150789,0.41860294,0.44771394,0.52280325,0.6816014,0.8931384,0.88188046,0.8893676,0.951217,1.1107523,1.4481362,2.2325737,0.4849466,0.48846766,2.6803846,2.511342,3,0,0.2
rec04,1.0550253,0.9676068,0.95112425,0.95620525,0.75275636,0.5545561,0.4719558,0.4328499,0.42547664,0.4277496,0.45425308,0.5255166,0.6758274,0.9146065,0.89902693,0.90382963,0.959831,1.1104101,1.4280146,2.1459494,0.47459686,0.47667322,2.6627529,2.5431552,3,0,0.2
rec04,2.1737626,0.9555048,0.9342647,0.9370603,0.8028496,0.5815859,0.49028802,0.4461977,0.43627915,0.43758467,0.4614435,0.5290213,0.67154765,0.9366333,0.91581297,0.9185532,0.96863633,1.1104918,1.409675,2.0693977,0.46375853,0.46481773,2.6454537,2.5785444,3,0,0.2
rec04,2.185265,0.9442219,0.9177503,0.9189237,0.85857767,0.61089724,0.5099575,0.46045327,0.44754434,0.44811648,0.4692767,0.5332787,0.66862136,0.95925695,0.9323638,0.9335558,0.9776389,1.1109734,1.3929311,2.0012853,0.45251134,3.2517755,2.6247928,2.6178107,2,0,0.2
rec04,2.2067165,0.9353007,0.90148866,0.9016542,0.93052745,0.6465309,0.53293145,0.47644633,0.45922235,0.45930672,0.47694635,0.536311,0.66276634,0.92941916,0.94854724,0.94872147,0.9851571,1.1077778,1.368978,1.9197633,0.4407951,3.3410008,2.616989,2.6770997,2,0,0.2
rec04,2.256951,0.9328426,0.8868209,0.88571924,0.90840673,0.69898474,0.56434286,0.49660942,0.47210914,0.47152266,0.48360038,0.5353497,0.64794385,0.8788605,0.9655172,0.9643177,0.9890184,1.0948517,1.3251196,1.797371,0.4290284,0.4288383,2.589219,2.7954175,3,0,0.2
rec04,2.3083947,0.9314558,0.8744517,0.87058777,0.8848077,0.75575584,0.59799784,0.51847243,0.48674247,0.4845918,0.4925069,0.53788733,0.63978803,0.84510374,0.9838259,0.97947884,0.995477,1.0872018,1.2931678,1.7081614,0.4172844,0.4169164,2.5792062,2.9173737,3,0,0.2
rec04,2.3384106,0.92599094,0.862367,0.8559538,0.86589324,0.8041834,0.6277331,0.53899467,0.50196105,0.49822807,0.5040133,0.5459049,0.6425964,0.8359064,1.0015477,0.99409944,1.0056424,1.0892276,1.2821534,1.6678586,0.40480825,0.40433896,2.550248,2.995718,3,0,0.2
rec04,2.3687959,0.920841,0.8510375,0.8417252,0.8483741,0.85550433,0.6588611,0.5604254,0.5179429,0.51227546,0.51632196,0.5549677,0.64712244,0.83045304,1.0195277,1.0083716,1.0163368,1.0924076,1.2738062,1.6346773,0.3933257,0.42261663,2.5347013,3.5619345,3,0,0.2
rec04,2.4026432,2.023911,0.8405825,0.8278194,0.8319247,0.887463,0.692282,0.5831565,0.5347808,0.52666086,0.5292726,0.5646062,0.65236,0.8264815,1.0379721,1.0222118,1.027281,1.095861,1.2661849,1.6041422,0.38053963,0.44055036,2.5193224,2.544389,3,0,0.2
rec04,2.4402368,2.0349922,0.8309991,0.814347,0.8165125,0.864549,0.7281974,0.6072674,0.55250865,0.54143703,0.5428768,0.5748149,0.6582751,0.82384765,1.056913,1.0357337,1.0384879,1.0995836,1.2592376,0.40220267,0.3693166,0.45184836,2.6217585,2.5040965,3,0,0.2
rec04,2.481896,2.048231,0.82228744,0.8012232,0.80210996,0.8430581,0.76683646,0.6328463,0.5711648,0.5565335,0.55714947,0.58559227,0.66483986,0.82243127,1.0763847,1.0488107,1.0499713,1.103573,1.2529184,0.39058235,0.35954678,0.4589052,2.8052588,2.4771035,3,0,0.2
rec04,2.5279858,2.0637364,0.81445014,0.7885211,0.7886919,0.8229226,0.8084592,0.65999067,0.5907907,0.57198197,0.5721059,0.5969364,0.67202795,0.8221264,1.0964212,1.0615151,1.0617449,1.107827,1.2471861,0.37850934,0.347926,0.46308297,3.0277572,2.461921,3,0,0.2
rec04,2.5789258,2.0816326,0.8074934,0.776467,0.7762376,0.80408317,0.8533623,0.688809,0.61143225,0.58793914,0.5877655,0.6088499,0.6798199,0.8228447,1.1170634,1.0741421,1.0738249,1.1123452,1.2420045,0.36594704,0.3370761,0.46521425,3.2123632,2.446844,3,0,0.2
rec04,2.6351929,2.102057,0.8014264,0.7653474,0.7643836,0.7864847,0.8711181,0.719421,0.63313997,0.604637,0.6038755,0.6213357,0.68819743,0.824509,1.1383513,1.0871043,1.0857354,1.1171277,1.2373414,0.35285386,0.32666808,0.4658352,3.1963701,2.4211583,3,0,0.2
rec04,2.697343,2.1251683,0.79626244,0.7551503,0.752913,0.7700793,0.8462465,0.7519616,0.65597004,0.6221012,0.62025803,0.6343998,0.69714713,0.82705325,1.1419241,1.1004214,1.0971612,1.1221762,1.2331686,0.3391849,0.3163484,0.46530658,3.1798947,2.4048426,3,0,0.2
rec04,2.7660148,2.1511433,1.8596224,0.74586594,0.7419227,0.75482315,0.8230875,0.78657955,0.6799832,0.6403599,0.63697433,0.64805,0.706658,0.83042085,1.12742,1.1141132,1.1082231,1.1274928,1.2294605,0.32489008,0.30837205,0.46388057,1.8871108,2.389753,4,0,0.2
rec04,2.8107138,2.166046,1.860851,0.73666865,0.73128897,0.74169904,0.8046359,0.8180968,0.7028275,0.65871686,0.65390646,0.66321486,0.7194919,0.84027386,1.1285652,1.1270099,1.1187795,1.1347054,1.230991,0.30792707,0.29921472,0.47211137,1.6649761,2.3695948,4,0,0.2
rec04,2.7991183,2.1554315,1.8507549,0.72632724,0.720888,0.73097324,0.79266155,0.840406,0.7216121,0.67605144,0.6709887,0.68037564,0.7377939,0.86120665,1.1556593,1.1376872,1.1291676,1.1449642,1.2415904,0.29228657,0.30853525,0.4992734,1.7423357,2.350407,4,0,0.2
rec04,2.7822392,2.1424341,1.8395948,0.71587193,0.7105107,0.72045094,0.7812513,0.861821,0.74000007,0.6932783,0.68808657,0.69771284,0.7565942,0.8831517,1.1851077,1.1481425,1.1395445,1.1554867,0.34472695,0.2843274,0.32640812,0.5281953,1.8432677,2.3323781,4,0,0.2
rec04,2.7653608,2.1294372,1.8284347,0.7054165,0.70013386,0.7099287,0.7698411,0.8832359,0.7583879,0.7105053,0.7051846,0.71505016,0.7753947,0.9050968,1.2145561,1.158598,1.1499214,1.1660088,0.3169165,0.28038716,0.34428075,0.5571167,1.9441923,2.3104177,4,0,0.2
rec04,2.748483,2.1164403,1.8172753,0.6949613,0.68975693,0.6994066,0.75843096,0.88529575,0.7767762,0.72773236,0.7222826,0.7323872,0.79419476,0.9270418,1.2440039,1.169053,1.1602983,1.1765308,0.28910607,0.27681708,0.36215308,0.586038,2.0451229,2.2852547,4,0,0.2
rec04,2.7316046,2.1034434,1.8061153,0.68450594,0.67938,0.6888844,0.7470208,0.87197703,0.79516405,0.7449593,0.73938054,0.7497244,0.8129952,0.948987,1.258999,1.1795083,1.1706753,1.1870528,0.27331072,0.2831981,0.38002557,0.61495936,2.1460478,2.2673128,3,0,0.2
rec04,3.335852,2.1018395,1.8001066,0.6746791,0.66901904,0.6775853,0.7332552,0.85379803,0.8158897,0.76288754,0.7564874,0.7661737,0.8291219,0.9654244,1.2737708,1.1910232,1.1810316,1.1961538,0.2729575,0.2948079,0.3939332,0.63210577,2.1016812,2.2549274,4,0,0.2
rec04,3.3000484,2.1078591,1.797666,0.66546524,0.65886146,0.66608244,0.71841353,0.83320946,0.8384402,0.78148365,0.7737285,0.7822083,0.8436629,0.97847223,1.2908791,1.2031871,1.191247,0.32849148,0.27301693,0.30501568,0.4048377,0.6410792,1.9862807,2.2285354,4,0,0.2
rec04,3.2810698,2.0952246,1.786832,0.6553133,0.64880145,0.65590394,0.7074172,0.82043076,0.85720557,0.7989545,0.7910154,0.7996746,0.86247915,1.0002648,1.3018287,1.2133627,1.2013055,0.28359884,0.27394983,0.31771475,0.42167106,0.66766864,2.0676,2.2103553,4,0,0.2
rec04,3.2622173,2.0824494,1.7759371,0.6451585,0.63874763,0.64574003,0.696455,0.8077174,0.87594324,0.81641877,0.80830586,0.8171545,0.881332,1.0221294,1.3127234,1.2235174,1.2113593,0.27804747,0.28491184,0.330428,0.438544,0.69438505,2.991914,2.192235,3,0,0.2
rec04,3.2331674,2.081685,1.7705153,1.6468762,0.62869143,0.6349229,0.683361,0.7905763,0.89745677,0.8347852,0.8255796,0.8337626,0.89736986,1.0381619,1.3276875,1.2349712,1.2213525,0.28246874,0.2949242,0.34119606,0.45095426,0.70832217,2.974511,2.1691897,3,0,0.2
rec04,3.1824546,2.1102684,1.778653,1.6433699,0.6188805,0.62307507,0.66604775,0.76440597,0.92619365,0.8557481,0.8430084,0.84872204,0.9072572,1.0412358,1.3526525,1.2497697,1.2311642,0.28769583,0.30256832,0.34724993,0.45289317,0.69378906,1.841801,2.15482,4,0,0.2
rec04,3.14305,2.1279685,1.7820873,1.6388171,0.60949665,0.6124987,0.65169233,0.74389875,0.95294863,0.8763365,0.8606908,0.86493003,0.92027676,1.0504845,1.3580341,1.2631701,1.2406179,0.29344058,0.31067467,0.35463127,0.45845643,0.6911021,1.7181877,2.1352813,4,0,0.2
rec04,3.1227481,2.1178405,1.7728345,1.6297927,0.6002842,0.60317963,0.6415773,0.73209035,0.94587487,0.8946075,0.878439,0.8826762,0.93886644,1.0713207,1.3841671,1.2728175,0.3019812,0.3012094,0.32038406,0.36558342,0.4723408,0.7112889,1.7611841,2.1159606,4,0,0.2
rec04,3.1037621,2.1056776,1.762653,1.6204325,0.5910931,0.5939442,0.63175404,0.7208812,0.9313925,0.9126986,0.8962033,0.900526,0.9578524,1.0929852,1.3947108,1.2821778,0.30900803,0.3104447,0.33020735,0.37679252,0.48682326,0.7330979,1.8151809,2.097368,4,0,0.2
rec04,3.0847754,2.0935147,1.7524717,1.6110728,0.5824901,0.5847091,0.621931,0.7096724,0.9169105,0.93078995,0.91396767,0.918376,0.9768388,1.1146502,1.4048923,1.2915375,0.31814522,0.3196797,0.34003013,0.38800114,0.5013049,0.7549056,1.86918,2.0726938,4,0,0.2
rec04,3.065789,2.0813518,1.7422901,1.6017125,0.5736772,0.57547385,0.612108,0.6984635,0.90242845,0.9488812,0.93173206,0.9362261,0.9958253,1.1363152,1.4150738,1.3008977,0.32733616,0.328915,0.34985337,0.39921024,0.51578724,0.77671427,1.923179,2.0508528,4,0,0.2
rec04,3.0468028,2.0691893,1.7321087,1.5923529,1.5635737,0.5662389,0.602285,0.68725467,0.88794637,0.96697253,0.9494962,0.9540761,1.0148114,1.1579801,1.4252553,1.3102578,0.33652696,0.33815008,0.35967636,0.4104191,0.5302694,0.79852265,1.9771764,2.0323446,4,0,0.2
rec04,3.0278165,2.057026,1.7219272,1.5829928,1.554383,0.5587129,0.59246194,0.67604584,0.8734642,0.98506397,0.9672608,0.97192615,1.0337979,1.179645,1.4354367,0.35208097,0.3457178,0.34738532,0.3694995,0.42162797,0.54475147,0.820331,2.83294,2.0138361,4,0,0.2
rec04,3.00883,2.0448632,1.7117456,1.5736326,1.5451924,0.5528594,0.582639,0.6648369,0.8589822,1.0031552,0.9850249,0.989776,1.0527841,1.2013097,1.445618,0.3614409,0.35490853,0.35662037,0.37932238,0.4328368,0.55923355,0.8421391,2.8151758,1.995328,4,0,0.2
rec04,2.9898438,2.0327005,1.7015643,1.5642728,1.5360013,0.546403,0.5728159,0.6536281,0.8445002,1.0212464,1.0027893,1.007626,1.0717705,1.2229747,1.4557996,0.37080085,0.36409932,0.36585552,0.3891455,0.4440456,0.5737155,0.8639474,2.797412,1.9768199,4,0,0.2
rec04,2.9708576,2.020538,1.6913829,1.5549127,1.5268108,0.54226637,0.5629929,0.6424194,0.8300181,1.0393378,1.0205536,1.0254762,1.0907568,1.2446395,1.4659811,0.38016087,0.37329018,0.37509066,0.39896855,0.45525447,0.58819747,0.8857556,2.7796474,1.9583114,4,0,0.2
rec04,2.9518716,2.008375,1.6812015,1.545553,1.5176198,0.5369446,0.55316997,0.6312105,0.81553626,1.0574288,1.0383179,1.043326,1.1097431,1.2663045,1.4761621,0.38952076,0.38248092,0.3843257,0.40879145,0.46646327,0.60267955,0.90756375,2.7618833,1.9398034,4,0,0.2
rec04,2.932885,1.9962116,1.6710196,1.5361929,1.5084289,0.532075,0.5433468,0.6200016,0.8010541,1.0755203,1.0560822,1.0611761,1.1287293,1.2879695,1.4863442,0.39888072,0.3916717,0.3935608,0.41861448,0.4776721,0.6171615,0.9293717,2.7441187,1.9131132,4,0,0.2
rec04,2.9138987,1.9840493,1.6608386,1.5268332,1.4992383,0.53050727,0.5335238,0.60879284,0.7865721,1.0936116,1.0738467,1.0790263,1.1477159,1.3096344,1.4965254,0.40824053,0.4008624,0.40279588,0.42843744,0.48888072,0.63164335,0.9511797,2.7263546,1.8946838,4,0,0.2
rec04,2.8949115,1.9718863,1.6506568,1.517473,1.4900475,0.5657673,0.5268326,0.5975838,0.7720899,1.1117029,1.091611,1.0968763,1.1667023,1.3312994,1.5067068,0.41760075,0.41005334,0.4120312,0.43826064,0.5000899,0.64612573,0.9729884,2.7085898,1.8762543,4,0,0.2
rec04,2.8759255,1.9597232,1.6404755,1.5081133,1.4808568,1.4879996,0.5272216,0.58637506,0.757608,1.1297942,1.1093754,1.1147262,1.1856885,1.3529639,0.46443358,0.4269606,0.41924405,0.42126623,0.44808355,0.5112987,0.6606077,0.9947967,2.6908257,1.8578249,4,0,0.2
rec04,2.8569393,1.9475608,1.6302938,1.4987532,1.4716662,1.4787645,0.5247647,0.5751662,0.743126,1.1429776,1.1271394,1.1325761,1.2046747,1.374629,0.4746151,0.43632054,0.42843488,0.4305013,0.45790657,0.52250755,0.6750897,1.0166048,2.6730614,1.8393955,4,0,0.2
rec04,2.8379533,1.935398,1.6201127,1.4893932,1.4624752,1.4695289,0.52716976,0.5639574,0.72864383,1.1207033,1.1449039,1.1504263,1.2236612,1.3962941,0.48479652,0.4456805,0.43762562,0.4397365,0.4677296,0.53371626,0.68957174,1.0384129,2.6552973,1.8209666,4,0,0.2
rec04,2.8189666,1.9232348,1.6099311,1.480033,1.453284,1.4602938,0.5259296,0.5527485,0.7141619,1.098429,1.1626681,1.1682761,1.2426473,1.4179586,0.49497795,0.45504043,0.44681644,0.4489716,0.47755256,0.5449252,0.7040539,1.0602214,2.6375327,1.799169,4,0,0.2
rec04,2.7999809,1.911072,1.5997497,1.4706734,1.4440936,1.4510589,0.52517647,0.54153967,0.6996797,1.0761545,1.1804327,1.1861264,1.2616338,1.4396236,0.5051594,0.46440038,0.45600715,0.45820668,0.48737565,0.55613405,0.71853596,1.0820297,2.6197686,1.7769841,4,0,0.2
rec04,2.7809944,1.8989093,1.5895681,1.4613131,1.4349025,1.4418237,0.5326183,0.5303308,0.6851978,1.0538802,1.1981968,1.2039762,1.28062,1.4612885,0.5153409,0.47376043,0.46519804,0.4674419,0.49719873,0.56734294,0.73301804,1.103838,2.6020043,1.7586284,4,0,0.2
rec04,2.7620084,1.886746,1.5793867,1.4519533,1.425712,1.4325887,0.56435305,0.53069615,0.67071575,1.0316061,1.2159611,1.2218261,1.2996064,1.4829532,0.52552235,0.48312035,0.47438887,0.476677,0.5070217,0.57855177,0.74749994,1.1256459,2.5842402,1.7402723,4,0,0.2
rec04,2.7430217,1.8745834,1.5692052,1.4425933,1.4165211,1.4233533,0.5960874,0.5370966,0.6562338,1.009332,1.2337255,1.2396762,1.3185928,1.5046184,0.5357039,0.4924803,0.48357964,0.48591208,0.5168448,0.58976066,0.76198214,1.1474545,2.5664756,1.7219166,4,0,0.2
rec04,2.7240355,1.8624207,1.559024,1.4332334,1.4073304,1.4141185,2.2356806,0.53938955,0.6417516,0.98705715,1.2514899,1.2575264,1.3375793,1.5262835,0.5458853,0.5018403,0.49277043,0.49514726,0.5266677,0.60096943,0.77646405,1.1692625,2.5487113,1.7035607,4,0,0.2
rec04,2.705049,1.8502578,1.5488423,1.4238733,1.3981395,1.4048831,2.2674143,0.5449384,0.62726945,0.96478266,1.2692541,1.2753763,1.3565654,1.5479479,0.5560669,0.51120025,0.5019613,0.50438243,0.5364908,0.61217827,0.7909461,1.1910707,2.5309465,1.6789162,4,0,0.2
rec04,2.686063,1.8380954,1.5386611,1.4145132,1.3889487,1.395648,2.2991495,0.55109185,0.6127874,0.94250846,1.2870183,1.2932261,1.3755515,1.5696127,0.56624824,0.5205602,0.511152,0.51361746,0.54631376,0.62338704,0.805428,1.2128788,2.5131824,1.660629,4,0,0.2
rec04,2.6670763,1.8259323,1.5284795,1.4051534,1.3797579,1.3864129,2.3308833,0.55588,0.5983054,0.92023396,1.304783,1.3110763,1.394538,1.591278,0.5764297,0.5299201,0.5203429,0.5228526,0.5561369,0.63459593,0.81991017,1.2346873,2.4954183,1.6423415,4,0,0.2
rec04,2.6480904,1.8137692,1.5182979,1.3957937,1.3705671,1.3771778,2.3626182,0.565652,0.5838235,0.8979599,1.322547,1.3289262,1.4135242,1.6129425,0.58661103,0.53928006,0.5295335,0.5320877,0.56595975,0.6458047,0.83439213,1.2564952,2.4776542,1.6240542,4,0,0.2
rec04,2.6291041,1.8016065,1.5081168,1.3864336,1.3613763,1.3679427,2.3943524,0.5826328,0.5696641,0.87568533,1.3403114,1.3467764,1.4325106,1.6346078,0.59679264,0.54864013,0.5387245,0.54132295,0.575783,0.6570137,0.8488744,1.278304,2.4598897,1.6057667,4,0,0.2
rec04,2.6101172,1.7894437,1.497935,1.3770736,1.3521855,1.3587074,2.4260874,0.60614175,0.580419,0.8534112,1.358076,1.3646265,1.4514972,1.6562728,0.6069741,0.55799997,0.54791516,0.550558,0.5856059,0.66822255,0.8633563,1.3001118,2.442125,1.5874794,4,0,0.2
rec04,2.591131,1.777281,1.4877537,1.3677136,1.3429946,1.3494725,2.450782,0.62965053,0.5873585,0.8311369,1.3758403,1.3824764,1.4704835,1.6779375,0.61715555,0.56736,0.55710596,0.55979306,0.5954289,0.6794314,0.87783843,1.3219203,2.4243605,1.5691919,4,0,0.2
rec04,2.5721445,1.7651181,1.4775722,1.3583539,1.3338039,1.3402373,2.4409592,0.65315926,0.59755677,0.80886245,1.3936045,1.4003266,1.4894698,0.7494212,0.627337,0.57672,0.5662968,0.56902826,0.6052519,0.6906403,0.89232045,1.3437283,2.4065962,1.5509048,4,0,0.2
rec04,2.5531583,1.7529552,1.4673907,1.3489937,1.3246131,1.3310022,1.4157321,1.8677654,0.6093,0.78658783,1.411369,1.4181767,1.5084561,0.7615839,0.63751847,0.5860799,0.5754876,0.57826334,0.615075,0.70184904,0.9068026,1.3655368,2.388832,1.5326172,4,0,0.2
rec04,2.5341723,1.7407923,1.4572093,1.3396338,1.3154223,1.3217672,1.4059093,1.8912745,0.61698276,0.76431376,1.4291333,1.4360267,1.5274426,0.7737468,0.64769995,0.59543985,0.58467835,0.5874985,0.62489796,0.71305794,0.9212845,1.387345,2.3710675,1.5090154,4,0,0.2
rec04,2.515186,1.7286292,1.4470278,1.330274,1.3062315,1.312532,1.3960865,1.9147832,0.6294287,0.7420394,1.4468976,1.4538764,1.5464288,0.7859096,0.6578813,0.60479975,0.59386903,0.59673357,0.63472104,0.7242667,0.9357666,1.409153,2.3533037,1.4860336,4,0,0.2
rec04,2.4962,1.716467,1.4368465,1.320914,1.2970408,1.3032968,1.3862634,1.9382923,0.6384563,0.719765,1.464662,1.4717264,1.565415,0.7980725,0.66806287,0.6141597,0.6030599,0.6059687,0.64454395,0.7354754,0.9502485,1.4309613,2.3355398,1.4678689,4,0,0.2
rec04,2.477213,1.7043039,1.426665,1.3115538,1.2878498,1.2940615,1.3764402,1.9618009,0.6515437,0.6974905,1.4824262,1.4895767,1.5844012,0.8102354,0.6782443,0.6235197,0.6122507,0.6152038,0.65436697,0.7466843,0.96473056,1.4527695,2.3177745,1.4497035,4,0,0.2
rec04,2.4582267,1.692141,1.4164833,1.3021939,1.2786591,1.2848265,1.3666173,1.9853103,0.6648316,0.6752161,1.5001907,1.5074266,1.6033877,0.8223982,0.6884257,0.6328798,0.6214416,0.62443906,0.66419023,0.7578933,0.9792127,1.4745779,2.3000102,1.4301529,4,0,0.2
rec04,2.4392407,1.6799781,1.406302,1.292834,1.2694683,1.2755915,1.3567942,2.0088186,0.68451065,0.6754241,1.517955,1.5252764,1.6223739,0.83456117,0.6986073,0.6422397,0.63063234,0.6336741,0.67401314,0.7691021,0.99369484,1.4963859,2.282246,1.4091609,4,0,0.2
rec04,2.420254,1.6678153,1.3961205,1.2834738,1.2602774,1.2663562,1.3469712,2.0323277,0.7041897,0.6892774,1.5288826,1.5431266,1.6413602,0.846724,0.7087887,0.6515996,0.6398231,0.64290917,0.6838361,0.78031087,1.0081766,2.3061614,2.2644818,1.3910499,4,0,0.2
rec04,2.401268,1.6556524,1.3859389,1.274114,1.2510868,1.2571212,1.3371483,2.0558362,0.7238688,0.7033123,1.4748834,1.5609764,1.6603466,0.8588867,0.71897006,0.66095954,0.6490139,0.6521444,0.6936592,0.7915198,1.022659,2.2880704,2.2467177,1.3729389,5,0,0.2
rec04,2.3895924,1.6321794,1.370543,1.2628199,1.2418867,1.2488898,1.3313675,2.065057,0.7407299,0.71536934,1.4898944,1.5801135,1.6844654,0.8651007,0.72642606,0.6693297,0.6582344,0.66194636,0.7056617,0.8072967,1.0474273,2.2665606,2.2289886,1.3531607,5,0,0.2
rec04,2.3940487,1.5871158,1.3451477,1.2479448,1.2323917,1.2430004,1.3342481,2.046142,0.75181925,0.7278061,1.5888253,1.6025021,1.7201405,0.85984063,0.72875154,0.6760903,0.66766423,0.67341155,0.72284627,0.8336217,1.0959865,2.239194,2.211287,1.3379114,4,0,0.2
rec04,2.3945649,1.5507256,1.3235892,1.2344253,1.222582,1.2363639,1.3343424,2.0374348,0.7645757,0.74150157,1.6063005,1.624408,1.753138,0.8594311,0.73354936,0.68413335,0.6775696,0.6852077,0.7395086,0.858319,1.1406678,2.215257,1.8115029,1.3144128,4,0,0.2
rec04,2.3779702,1.5353318,1.31148,1.2238557,1.2124729,1.2265458,1.3245634,2.0558789,0.7825655,0.75512636,1.6235569,1.6424012,1.7736511,0.870788,0.743827,0.6941293,0.6876733,0.6956549,0.75124705,0.87258327,1.1610681,2.1971712,1.699668,1.2942904,5,0,0.2
rec04,2.3669996,1.513722,1.2965366,1.212395,1.2022628,1.2177074,1.31785,2.0657532,0.7987651,0.7678261,1.6407095,1.6617868,1.7984499,0.8785581,0.75250447,0.7036688,0.6977882,0.70675224,0.7648744,0.8906932,1.1903555,2.177591,1.5277286,1.2755464,5,0,0.2
rec05,0.417489,0.41739523,0.43270373,0.48349187,0.5890753,0.84281135,1.6509179,1.6668713,1.7280059,0.8231211,0.94108874,1.3464501,3.383569,0.7701137,0.3756238,0.2648908,0.21423411,0.19016255,0.18326892,0.18322778,0.18994787,0.21105541,0.25859153,0.36997628,8,1,0.039061017
rec05,0.41436014,0.41546574,0.44059977,0.5052052,0.6375858,0.97675055,1.6671629,1.6716113,0.873528,0.8300633,1.0265192,1.5725777,3.1708205,0.58107346,0.328979,0.24479254,0.20461197,0.18629523,0.18290997,0.18339801,0.19449283,0.22152258,0.28144813,0.42202905,8,1,0.054298747
rec05,0.4091312,0.41397214,0.44946513,0.5300784,0.69690704,1.1672941,1.6673315,1.6870595,0.8347934,0.8645648,1.1366643,1.9038721,1.331053,0.46899116,0.29442346,0.22900745,0.19714321,0.18386066,0.18273021,0.1848923,0.20074454,0.23488247,0.3112595,0.41166228,8,1,0.074173
rec05,0.4021667,0.4133456,0.4600082,0.5596943,0.7726653,1.4649401,1.6670032,1.7133405,0.83316535,0.9282251,1.281427,2.4295313,0.8474616,0.39623806,0.26867646,0.21700555,0.19189537,0.18314052,0.18305269,0.18814097,0.20938021,0.25239557,0.35169148,0.40235966,8,1,0.101127654
rec05,0.39372677,0.4129887,0.47186962,0.59471655,0.8719904,1.6658319,1.6692848,2.8020828,0.83691245,1.007758,1.4776033,3.4072204,0.6280527,0.34670815,0.24976154,0.20846318,0.1889851,0.18423283,0.18461472,0.19364645,0.22125511,0.27582893,0.40304753,0.39291236,8,1,0.12860823
rec05,0.38500854,0.4124614,0.48488918,0.63652533,1.0084574,1.6633629,1.6808319,0.86884576,0.84417146,1.108164,1.7556819,1.4512126,0.50628823,0.3125657,0.23658265,0.20332335,0.18869166,0.18672138,0.18868238,0.20213631,0.23763116,0.30795956,0.3850275,0.3810071,8,1,0.1206714
rec05,0.37879416,0.4148654,0.50326264,0.6933441,1.2203908,1.659939,1.7026272,0.8480742,0.8992945,1.2389566,2.1807532,0.91622514,0.4302304,0.28825492,0.227474,0.20075342,0.190518,0.19011961,0.19500887,0.21357886,0.2590871,0.35154045,0.3700709,0.36929703,8,1,0.11286468
rec05,0.37585345,0.42140532,0.52952075,0.77397114,1.590352,1.6573178,1.735666,0.8527165,0.9685054,1.4156107,3.4415324,0.6813215,0.37914,0.2706387,0.22142369,0.20026103,0.19418609,0.19435641,0.20354447,0.2282132,0.28676346,0.36979032,0.35857284,0.35888737,8,1,0.10571523
rec05,0.3763158,0.4327142,0.56613886,0.89223593,1.6512754,1.6636018,2.8600125,0.85796225,1.0568589,1.665612,2.0907173,0.55112654,0.34323466,0.25787744,0.21783456,0.20159465,0.19879466,0.20027864,0.21444288,0.24658144,0.32261333,0.35376912,0.34885553,0.35145965,8,1,0.09923701
rec05,0.38043642,0.449725,0.6170015,1.0757833,1.6462591,1.6803733,0.8714551,0.85585207,1.172199,2.0438075,1.1690878,0.4695172,0.31722912,0.24875498,0.21627946,0.20458114,0.20381178,0.20803522,0.22795317,0.2694701,0.36095387,0.3414303,0.3401463,0.34719494,8,1,0.09343087
rec05,0.388538,0.47370368,0.68835247,1.3886014,1.6410078,1.7083204,0.8609913,0.9133834,1.3272638,3.4677908,0.8284672,0.4144335,0.29809555,0.24249911,0.21650441,0.20916286,0.20917444,0.21775457,0.2445073,0.2981021,0.3440396,0.33237338,0.33239177,0.34602615,8,1,0.08826118
rec05,0.40114507,0.5065788,0.79123914,1.6353002,1.6422869,2.8178158,0.85848635,0.9887747,1.5443947,2.9438083,0.65286857,0.37545368,0.28397405,0.23859599,0.21835877,0.21478787,0.21570553,0.22965947,0.26473716,0.33431858,0.3308698,0.32545894,0.32684943,0.34799334,8,1,0.08456629
rec05,0.41904166,0.55133194,0.94704247,1.6293755,1.6539483,0.9133927,0.8608499,1.0866929,1.8666523,1.4476037,0.546999,0.3470671,0.27369955,0.2367277,0.22179277,0.2206562,0.2239841,0.24410744,0.28958043,0.34256047,0.32094863,0.319304,0.3241197,0.35323945,7,1,0.08274645
rec05,0.44281438,0.6115092,1.1979368,1.6231802,1.6758797,0.86625916,0.87942684,1.2144539,2.3790972,0.9870806,0.47836694,0.32659838,0.26679775,0.23686895,0.22691809,0.2268621,0.23422755,0.2615342,0.3201576,0.32761675,0.3138536,0.3137819,0.32396337,0.36173162,7,1,0.08264225
rec05,0.4742814,0.69514924,1.6166103,1.6212349,1.7087908,0.8593404,0.9470449,1.3880737,3.4913368,0.7641903,0.43082765,0.3117104,0.2625991,0.23885289,0.23344833,0.23411614,0.2467598,0.28271973,0.34734118,0.31593195,0.3087833,0.30945355,0.3263906,0.37395495,7,1,0.0842604
rec05,0.5161131,0.81669354,1.6095392,1.6288575,2.8435519,0.8536665,1.033944,1.6361047,1.790934,0.6342005,0.39681417,0.30117598,0.26081914,0.24271666,0.24052237,0.24340923,0.26208812,0.30878899,0.32992083,0.30702233,0.30424663,0.30744904,0.33152604,0.39059988,7,1,0.08768402
rec05,0.5724067,1.005155,1.6018192,1.6462073,0.8998706,0.8498869,1.1477929,2.0155432,1.1729523,0.5508054,0.37235624,0.29434115,0.2613907,0.24862754,0.24823777,0.2551167,0.2809025,0.34130728,0.3160146,0.30058426,0.30011302,0.3077361,0.33960396,0.41263178,6,1,0.0930693
rec05,0.64062697,1.2874144,1.5947387,1.669761,0.85186845,0.8765854,1.2824215,2.5771766,0.9156628,0.5005758,0.35760462,0.29191488,0.26476324,0.2566818,0.25690237,0.268988,0.30256832,0.3370858,0.30573273,0.2964008,0.29665548,0.3096843,0.3493876,0.43789366,6,1,0.09959172
rec05,0.7079542,1.584131,1.5914135,1.6913027,0.8434315,0.918439,1.4111238,3.507063,0.8010737,0.47607663,0.35245723,0.29421425,0.2709756,0.26592016,0.26714262,0.28391048,0.32493064,0.32422182,0.29861304,0.29304194,0.29438913,0.31175053,0.35807115,0.46077657,6,1,0.10538076
rec05,0.7929439,1.5741798,1.5915278,2.8070862,0.84026504,0.9653117,1.5697434,2.2784073,0.72449875,0.45897135,0.35026926,0.2983166,0.27870914,0.27595064,0.27899167,0.30090976,0.3505353,0.31351212,0.29290596,0.2900069,0.29320294,0.31492332,0.3683908,0.4876199,6,1,0.11226053
rec05,0.90784365,1.5633966,1.5953274,2.8645277,0.8349914,1.0209073,1.7799317,1.6580102,0.668618,0.44636878,0.35003746,0.30379432,0.28779522,0.28666356,0.29251838,0.3203349,0.35086432,0.30451193,0.28847504,0.28734073,0.29320934,0.3195603,0.38116908,0.520708,6,1,0.12077938
rec05,1.0700084,1.5517442,1.6026057,2.9319818,0.8287756,1.0871471,2.0705092,1.3308344,0.6275987,0.43786457,0.35192344,0.31093073,0.2985796,0.29839572,0.30817622,0.34284973,0.33623612,0.29707074,0.28527024,0.28509447,0.29443902,0.32579336,0.3968188,0.5618218,6,1,0.13121252
rec05,1.3138913,1.5396075,1.6133854,0.8579724,0.82688075,1.167213,2.4989388,1.1320552,0.59752303,0.4329403,0.35588735,0.31982633,0.31120545,0.31135848,0.32627875,0.36901996,0.32397646,0.29114884,0.28330103,0.28344032,0.29702282,0.33388284,0.4159911,0.6136971,5,1,0.14399406
rec05,1.5247477,1.5291684,1.6230675,0.8248513,0.81098664,1.2448,3.5180447,1.0242889,0.5825172,0.434228,0.36337122,0.33114514,0.32531044,0.32625353,0.34628734,0.37651685,0.31507728,0.28713423,0.2820749,0.28289273,0.30026388,0.34232086,0.4355547,0.6691745,5,1,0.15703647
rec05,1.5092971,1.517502,1.6238712,0.8061551,0.8135196,1.2862654,3.5188155,0.9903988,0.5860137,0.44402853,0.37554815,0.34518,0.34077775,0.34263033,0.366647,0.36657935,0.3100435,0.28497234,0.28133798,0.2828674,0.30269495,0.3482803,0.44942722,0.7105941,5,1,0.16628481
rec05,1.4929205,1.5056181,2.7112563,0.7938433,0.814101,1.3257122,3.1148205,0.9692443,0.59276205,0.4556292,0.38907066,0.36042362,0.35722038,0.36025858,0.3884947,0.35842666,0.30606753,0.28353193,0.2810121,0.28340212,0.30561438,0.35476318,0.46418726,0.7558995,5,1,0.17612486
rec05,1.4754515,1.4937034,2.7237542,0.7823431,0.81363857,1.3688526,2.6635065,0.9538095,0.6010101,0.46827966,0.4036019,0.37678412,0.3746061,0.37924024,0.4121762,0.3513908,0.3028575,0.2827338,0.28109944,0.28457683,0.30929157,0.36232325,0.4810759,0.8093546,5,1,0.18738392
rec05,1.4570158,1.4816564,2.7372823,0.77415514,0.8118643,1.4163313,2.3604946,0.94328076,0.6107555,0.48203817,0.4192188,0.39435768,0.3930551,0.39970243,0.43771097,0.3454629,0.30044195,0.28262475,0.28169122,0.28645518,0.31381828,0.37111118,0.5004512,0.8730577,5,0,0.2
rec05,1.4373059,1.4692016,2.751617,0.75802904,0.80815476,1.4684515,2.1469207,0.93741685,0.6222531,0.49716505,0.43617627,0.41341174,0.41279072,0.42195103,0.42636642,0.3406564,0.29886702,0.28326884,0.2828433,0.28911993,0.3193114,0.38131616,0.5227654,0.94988704,5,0,0.2
rec05,1.4173468,1.4574145,2.7680326,0.74642,0.80432284,1.530493,1.9859198,0.93318826,0.633798,0.51234114,0.45333925,0.4328939,0.4327121,0.44494465,0.4167361,0.33687532,0.29808027,0.28463703,0.2845175,0.2925607,0.32578832,0.3930186,0.5483714,1.0434586,5,0,0.2
rec05,1.3975751,1.4465368,2.7869198,0.73573047,0.80082375,1.6065265,1.8597336,0.9298681,0.64506406,0.5273073,0.4704785,0.4525917,0.45262536,0.46848226,0.40865123,0.33405182,0.29805052,0.2867191,0.28674042,0.29678583,0.33328944,0.40633458,0.5777303,1.1589801,5,0,0.2
rec05,1.3786837,1.4365716,2.8084202,0.72022074,0.79769987,1.701456,1.7583117,0.92732835,0.6560878,0.5420946,0.4876191,0.47241676,0.47275847,0.49260867,0.40197992,0.33213732,0.29876056,0.2894462,0.28965563,0.30181757,0.34187317,0.42141274,0.61142045,1.3041296,5,0,0.2
rec05,1.3607777,1.4275254,2.832691,0.70509565,0.79500496,1.8227814,1.675135,0.9254657,0.6669014,0.5567304,0.5047836,0.4921442,0.4931787,0.51736957,0.3966075,0.33108866,0.30019575,0.29267913,0.2932943,0.3076807,0.3516045,0.43842316,0.65015244,1.3579235,4,0,0.2
rec05,1.3429729,1.4157841,2.8453355,0.6931721,0.78071666,1.9023057,1.6415328,0.9345002,0.6818826,0.5733384,0.52277994,0.51180387,0.5135901,0.5412277,0.39492106,0.3320562,0.30277458,0.29641762,0.29745218,0.31357893,0.3606835,0.45364192,0.6841733,1.3383021,4,0,0.2
rec05,1.3235381,1.3960475,2.8255317,0.6809677,0.73864937,1.812763,1.6937555,0.9672408,0.7067126,0.59467554,0.5425668,0.5313952,0.53335035,0.5468003,0.39951876,0.33618155,0.30672348,0.30040798,0.30151325,0.3180315,0.36606765,0.46085626,0.69637984,1.3186861,4,0,0.2
rec05,1.3038737,1.3753055,2.8016572,0.6665372,0.6932324,1.7013046,1.7562042,1.0029026,0.7327689,0.61660093,0.562571,0.5509875,0.55301476,0.55412024,0.404867,0.340682,0.3108296,0.30442953,0.30554962,0.32228896,0.37096822,0.46702576,0.7057022,1.2990941,4,0,0.2
rec05,1.2842091,1.3545638,2.7777827,0.6620364,0.6557209,1.5898412,1.818652,1.0385644,0.7588252,0.63852644,0.5825752,0.5705798,0.57267916,0.56144077,0.4102157,0.3451828,0.314936,0.30845138,0.3095863,0.3265468,0.37586915,0.47319576,0.7150255,1.2795017,4,0,0.2
rec05,1.2645448,1.3338223,2.7539077,0.65753555,0.6451783,1.4783814,1.8811005,1.0742264,0.7848814,0.66045195,0.60257965,0.59017235,0.59234375,0.5687616,0.41556457,0.34968367,0.31904247,0.3124733,0.31362298,0.33080465,0.3807701,0.47936577,0.72434884,1.2599094,4,0,0.2
rec05,1.2448802,1.3130804,2.7300332,0.6530347,0.63208085,1.3669187,1.9435489,1.1098881,0.81093764,0.68237734,0.6225838,0.6097647,0.61200815,0.5760821,0.4209134,0.35418445,0.323149,0.31649527,0.31765977,0.33506253,0.3856711,0.48553586,0.73367196,1.240317,4,0,0.2
rec05,1.2252159,1.2923387,2.7061586,0.6485339,0.6222534,1.2554579,2.0059955,1.1455495,0.8369938,0.7043029,0.6425881,0.6293571,0.6316727,0.5834028,0.42626217,0.3586854,0.32725543,0.32051718,0.3216964,0.33932036,0.39057204,0.49170586,0.7429952,1.2207246,4,0,0.2
rec05,1.2055516,1.271597,2.6822844,0.6440331,0.61023873,1.1439971,2.068444,1.1812115,0.8630499,0.72622824,0.66259223,0.64894927,0.65133697,0.59072334,0.431611,0.36318615,0.3313618,0.32453904,0.3257331,0.34357816,0.395473,0.49787578,0.7523181,1.2011324,4,0,0.2
rec05,1.185887,1.2508554,2.658409,3.8850162,0.60120434,1.0325357,2.1308928,1.2168733,0.8891061,0.74815375,0.68259656,0.6685417,0.67100143,0.59804404,0.4369599,0.36768702,0.3354683,0.32856092,0.32976976,0.347836,0.4003739,0.5040458,0.76164126,1.1815399,6,0,0.2
rec05,1.167011,1.2333602,2.6484137,3.8660665,0.5911803,0.96141356,2.14482,1.2384686,0.9092172,0.7672114,0.70153296,0.68812054,0.69112515,0.59861,0.43946737,0.37082922,0.33908376,0.3326009,0.33405316,0.35304537,0.40743628,0.514745,0.7832948,1.1619374,6,0,0.2
rec05,1.1507615,1.224987,2.6771913,2.8208773,0.58226657,1.006642,2.0419142,1.2240779,0.91382223,0.77879655,0.717825,0.70765066,0.7128285,0.58276767,0.43505904,0.37077492,0.3417472,0.3369033,0.33936843,0.3612581,0.42099583,0.5389842,0.8427968,1.1424026,6,0,0.2
rec05,1.1389227,1.2277226,2.752231,2.8022778,0.5722843,1.2936361,1.8643464,1.1810827,0.90531063,0.78415924,0.7324631,0.7270323,0.7373238,0.5553387,0.42567208,0.36870724,0.34440002,0.34184644,0.34668544,0.3737159,0.44315353,0.5814117,0.95882255,1.1230258,6,0,0.2
rec05,1.1310835,2.3578312,2.8546104,0.58414054,0.5641374,2.424421,1.7049948,1.1374782,0.8955615,0.7891647,0.7479505,0.7461452,0.76451343,0.53010285,0.41736162,0.3677769,0.34856972,0.3477284,0.35628858,0.38969085,0.47179618,0.63824797,1.106579,1.103908,5,0,0.2
rec05,1.1242232,2.3935056,2.9536014,0.5686772,0.5525332,3.102337,1.6018856,1.1099417,0.89243513,0.79751533,0.76516455,0.76493394,0.7425455,0.51450753,0.41368344,0.36968398,0.3546879,0.35458103,0.3673591,0.40701762,0.5022625,0.69985664,1.0854456,1.0851185,5,0,0.2
rec05,1.1139857,2.4114735,3.0136847,0.5563682,0.5425921,2.861904,1.5604421,1.1045427,0.89917123,0.8104012,0.7834422,0.7837945,0.7213594,0.51060677,0.41566792,0.37463132,0.36216873,0.3623316,0.37825277,0.42259735,0.5281314,0.75110507,1.0666168,1.0670964,5,0,0.2
rec05,1.10397,2.4292002,3.0734584,0.544412,0.5327557,2.6828866,1.5284742,1.1020361,0.90709823,0.8238954,0.80173206,0.80300236,0.70589125,0.50895053,0.41892293,0.38049743,0.37026173,0.37084836,0.38991442,0.43910268,0.55555886,0.8065252,1.0483268,1.049988,5,0,0.2
rec05,1.0947742,2.4494855,3.1393476,0.5324872,0.52285993,2.5325227,1.4997191,1.1000947,0.9151783,0.8375614,0.8198053,0.822599,0.6930199,0.5083536,0.42290387,0.3870369,0.3788318,0.38012275,0.4025551,0.45704916,0.58577037,0.86953753,1.0302572,1.0337679,5,0,0.2
rec05,1.0864096,2.4724932,3.212024,0.5205778,0.5123909,2.4044893,1.4737648,1.0986769,0.92341655,0.85141504,0.83765566,0.84261394,0.6824254,0.50874126,0.42758715,0.39424685,0.38787556,0.39017147,0.41621912,0.47653794,0.6190721,0.9415293,1.0124277,1.0184205,5,0,0.2
rec05,1.0788879,2.498409,2.7268026,0.5086671,0.5026548,2.2942,1.4502684,1.0977459,0.931818,0.86547303,0.8552433,0.8630783,0.67384213,0.51004875,0.43295315,0.402127,0.39737397,0.40101433,0.43095607,0.49768332,0.6558211,1.0067152,0.99481606,1.0039297,5,0,0.2
rec05,1.0722272,2.527442,2.6864507,0.49673915,0.49268973,2.1982415,1.428941,1.09727,0.9403881,0.8797509,0.872579,0.884024,0.6670484,0.51221997,0.4389855,0.410679,0.40733114,0.41267383,0.44682094,0.520613,0.6964343,0.9854981,0.97746414,0.9902849,5,0,0.2
rec05,1.0664465,2.559828,2.6688144,0.4847776,0.48229662,2.1140306,1.4095403,1.0972216,0.94913334,0.8942659,0.889689,0.90548617,0.66185695,0.51520616,0.44567057,0.41990715,0.41775805,0.4251756,0.4638752,0.5454718,0.7414039,0.9653639,0.9604233,0.97747624,5,0,0.2
rec05,2.1866345,2.595838,2.6515095,0.47276673,0.47142726,2.039563,1.3918581,1.0975763,0.9580603,0.9090365,0.90646094,0.9275018,0.65810984,0.51896524,0.45299822,0.42981818,0.42860034,0.43854898,0.4821874,0.57242316,0.79131156,0.94627684,0.9435958,0.96549857,5,0,0.2
rec05,2.1984792,2.635775,2.645738,0.46069,0.46015254,1.9732683,1.375716,1.0983125,0.9671758,0.92408,0.9230019,0.9404687,0.65567225,0.52346057,0.4609603,0.44042042,0.43990663,0.45282608,0.501833,0.6016516,0.8468528,0.9282029,0.92712,0.9543483,5,0,0.2
rec05,2.2125475,2.679987,2.6291342,0.4485316,0.44841513,1.9139016,1.3609625,1.0994121,0.9764875,0.939416,0.93917197,0.9203143,0.65442914,0.52866066,0.46955138,0.45172518,0.45160782,0.46804312,0.5228966,0.63336766,0.908863,0.91111207,0.91087556,0.94402486,5,0,0.2
rec05,2.2289603,2.7288718,2.6013389,1.6313326,0.436385,1.8604568,1.3474654,1.1008593,0.9860034,0.9550649,0.9553058,0.9033735,0.6542825,0.53453916,0.4787691,0.46374643,0.4638634,0.48424113,0.54547274,0.66781133,0.92397106,0.8949786,0.89520437,0.9345314,5,0,0.2
rec05,2.2478535,2.7828844,2.585128,0.70435053,0.4242275,1.8121121,1.3351094,1.1026399,0.9957321,0.9706318,0.9717907,0.8892152,0.6551468,0.54107255,0.4886122,0.4762949,0.47686362,0.501464,0.5696655,0.70525634,0.9021442,0.87940246,0.8804524,0.9258731,5,0,0.2
rec05,2.2693825,2.842551,2.5691438,0.64688146,0.41263455,1.7681962,1.3237954,1.1047429,1.0056833,0.9859031,0.98864985,0.8774885,0.6569492,0.5482417,0.4990823,0.48926628,0.49062937,0.5197621,0.5955929,0.7460191,0.8815328,0.8641945,0.8666022,0.9180595,5,0,0.2
rec05,2.2937202,2.9084764,2.5533712,0.6223317,0.4014652,1.7281469,1.3134341,1.1071565,1.0158658,1.0007613,1.0059092,0.86790216,0.65962684,0.55603105,0.5101835,0.5025975,0.50518274,0.53918993,0.62338525,0.79046315,0.86208886,0.84927,0.8536385,0.9111025,5,0,0.2
rec05,2.3210633,2.9813669,2.5263164,0.6067165,0.38980034,0.41599065,1.30395,1.1098735,1.0262909,1.0153536,1.0235935,0.86021316,0.663125,0.5644273,0.5219213,0.5163589,0.52054936,0.55980814,0.6531897,0.8390112,0.8437679,0.83477527,0.8415498,0.9050176,5,0,0.2
rec05,2.3516345,3.5345447,2.5107362,0.59479153,0.3792842,0.40527552,1.295275,1.112887,1.0369695,1.0294787,1.041733,0.8542181,0.6673971,0.5734208,0.53430396,0.5304442,0.53675795,0.58168393,0.68517125,0.8870429,0.8265318,0.82056105,0.83032763,0.8998252,5,0,0.2
rec05,2.3856843,2.5197358,2.495309,0.5847418,0.36898848,0.39417937,1.2873484,1.1161906,1.0479137,1.0432949,1.0603558,0.8497442,0.6724015,0.5830033,0.5473411,0.54492867,0.55384004,0.60489154,0.7195156,0.8631428,0.8103445,0.806773,0.8199661,2.005627,5,0,0.2
rec05,2.4234993,2.4800265,2.595976,0.5757678,0.3576222,0.3826727,1.2801181,1.1197802,1.0591359,1.0566934,1.0794963,0.8466461,0.6781044,0.59317034,0.56104577,0.5597519,0.57183087,0.62951285,0.75643283,0.8407071,0.79517657,0.7933428,0.8104622,2.0168664,5,0,0.2
rec05,2.465404,2.4532783,2.7811358,0.5674686,0.34765172,0.37072283,1.2735364,1.1236526,1.0706497,1.0697348,1.0991871,0.8447992,0.6844755,0.60391885,0.5754318,0.57494015,0.59076947,0.6556391,0.7961608,0.8196629,0.78099936,0.78033197,0.80181617,2.030262,5,0,0.2
rec05,2.5117702,2.438025,3.0064013,0.55961215,0.33789438,0.35829428,1.2675618,1.1278054,1.0824698,1.0823467,1.119466,0.8440966,0.6914892,0.61524826,0.59051645,0.5904492,0.6106987,0.6833708,0.83897024,0.79994655,0.76779026,0.7677094,0.7940314,2.0459251,5,0,0.2
rec05,2.563022,2.4228668,3.1939366,0.55206126,0.3283071,0.34534788,1.2621572,1.132238,1.0946006,1.0950476,1.1403726,0.8444467,0.6991237,0.62715983,0.6063121,0.60655975,0.6316658,0.7128198,0.87117255,0.781499,0.7555206,0.75564384,0.7871137,2.0639808,5,0,0.2
rec05,2.6196475,2.3962398,3.1776671,0.5447256,0.32119194,0.33184025,1.2572894,1.1369501,1.1063535,1.1081008,1.1619505,0.84577197,0.70736194,0.63965803,0.62244415,0.62342715,0.6537231,0.74411076,0.845161,0.7642679,0.7437005,0.7445028,0.781073,2.0845697,5,0,0.2
rec05,2.6822097,2.3810043,3.1613514,0.5375442,0.31206504,0.31772387,1.2529285,1.1419426,1.1177694,1.1215248,1.166799,0.84800303,0.7161882,0.65274745,0.6389298,0.6410764,0.6769276,0.77738184,0.8209248,0.7482063,0.73236793,0.7342739,0.77592206,2.1078508,5,0,0.2
rec05,2.7513614,2.365816,2.0062053,0.530474,0.31376716,0.30294538,1.249048,1.1472172,1.1286652,1.1353401,1.1517103,0.8510814,0.72559077,0.66643566,0.6556586,0.65953624,0.7013419,0.8127878,0.7983592,0.7332714,0.72141355,0.7249466,1.8413988,2.1340036,4,0,0.2
rec05,2.7984178,2.3452673,1.7656648,0.5346145,0.32378775,0.29656392,1.250119,1.1542711,1.1391531,1.1483796,1.1515739,0.86037356,0.73818576,0.6815884,0.67266136,0.67810947,0.724664,0.8452731,0.78013647,0.7203226,0.7108883,0.715794,1.8431792,2.1499481,4,0,0.2
rec05,2.7877674,2.325902,1.8326191,0.561172,0.34060115,0.29124504,0.34459275,1.1643779,1.1494502,1.1590127,1.1781267,0.88110363,0.7564189,0.69876885,0.68981045,0.6955491,0.7436489,0.867954,0.7682451,0.70969373,0.70059526,0.70557183,1.8333507,2.1398053,4,0,0.2
rec05,3.391797,2.307844,1.9270297,0.59008116,0.3581475,0.285891,0.31646279,1.1747849,1.1597239,1.1693717,1.2074345,0.9030225,0.7752362,0.71615195,0.7069707,0.71285206,0.76214856,0.8817565,0.75697935,0.6992865,0.6903215,0.69522506,1.8222749,2.1268783,4,0,0.2
rec05,3.3729787,2.2876387,2.0214372,0.61899006,0.37569356,0.2827167,0.28833258,1.1851918,1.1699973,1.1797307,1.2367427,0.9249416,0.79405355,0.73353523,0.7241311,0.73015517,0.7806481,0.8686339,0.7457138,0.68887955,0.6800479,0.6848785,1.8111994,2.1139514,4,0,0.2
rec05,3.354162,2.2610025,2.1158438,0.6478987,0.39323953,0.29409808,0.28084192,1.1955986,1.1802707,1.1900896,1.2660507,0.94686073,0.8128707,0.75091827,0.7412913,0.7474581,0.79914784,0.8555116,0.73444843,0.6784729,0.6697746,0.6745322,1.8001244,2.1010253,5,0,0.2
rec05,3.3242352,2.2482085,2.0687397,0.66371006,0.40655243,0.30538857,0.28036427,0.36358094,1.1905773,1.2016251,1.2821325,0.96309483,0.8289333,0.76740617,0.75849634,0.7655348,0.82015425,0.8374583,0.7207981,0.6672972,0.65954953,0.66481817,1.7945279,2.1001818,4,0,0.2
rec05,3.2891982,2.2222033,1.9660208,0.67204374,0.41718745,0.31541094,0.2804868,0.32797015,1.2005962,1.2137405,1.2915707,0.9764808,0.84367687,0.7835793,0.77574474,0.78423774,0.8428056,0.81750774,0.7063246,0.6560109,0.64945185,0.6556489,1.7920704,2.1059964,4,0,0.2
rec05,3.2702525,2.2040184,2.0432277,0.6986431,0.4337278,0.32792664,0.28333312,0.28222868,1.21055,1.2238137,1.3152301,0.99827445,0.86252284,0.8010955,0.79309195,0.80178165,0.86167324,0.80494374,0.6954822,0.6459513,0.63949776,0.64560497,1.7812983,2.0933807,4,0,0.2
rec05,3.2513833,2.1858685,2.989655,0.7253224,0.45029074,0.34044927,0.2941529,0.28568193,1.2204987,1.2338716,1.3260394,1.0201141,0.8813924,0.8186212,0.8104426,0.81932235,0.88052434,0.7924209,0.6846626,0.63590205,0.62954897,0.63556117,1.7704891,2.0806775,5,0,0.2
rec05,3.221813,2.1669118,2.072891,0.7375932,0.46201605,0.3508553,0.30394113,0.2913652,1.2304415,1.245394,1.3413286,1.0357993,0.8972987,0.8352533,0.82781583,0.83787566,0.9024187,0.77530724,0.67163783,0.6251962,0.61962914,1.6369418,1.7656313,2.0810049,4,0,0.2
rec05,3.1870608,2.1461904,1.9712085,0.7415346,0.47066858,0.3598027,0.31293827,0.29549605,1.2401758,1.2577055,1.3591383,1.048249,0.9117144,0.8515667,0.84528947,0.85723746,0.9263721,0.75633705,0.6578239,0.6144259,0.60989684,1.6300986,1.7643659,2.0889335,4,0,0.2
rec05,3.1679707,2.1277835,2.0346675,0.7658483,0.48616996,0.37167948,0.32328215,0.30249426,0.39304537,1.2674756,1.3697466,1.0699005,0.9305862,0.86922586,0.862833,0.8750477,0.945654,0.7443524,0.64742845,0.6047386,0.600291,1.6204058,1.7539427,2.0766966,4,0,0.2
rec05,3.1490464,2.1094575,2.9197736,0.7903765,0.5017407,0.38358334,0.333636,0.31163698,0.31007212,1.2772113,1.380268,1.0916578,0.94951034,0.88690215,0.8803794,0.8928425,0.9580688,0.7324486,0.6370746,0.59506756,0.5906911,1.6106857,1.743421,2.0642388,5,0,0.2
rec05,3.121805,2.0869913,2.902171,0.80235076,0.51294565,0.39355916,0.34305933,0.32103857,0.31901643,1.2884055,1.3949587,1.1080542,0.9658731,0.90387434,0.89791954,0.91168934,0.934618,0.7170886,0.62507474,0.5849515,0.5810977,1.6027099,1.738135,2.0631816,5,0,0.2
rec05,3.0747368,2.0724914,1.8516812,0.7832224,0.5128246,0.3983954,0.349944,0.3296602,0.3282929,1.3037273,1.4210612,1.1111025,0.9759741,0.9194038,0.91559047,0.93379116,0.89309525,0.6938142,0.6094348,0.57411027,0.5721499,1.5999624,1.7472652,2.0931969,4,0,0.2
rec05,3.036007,2.0520852,1.7297469,0.77453357,0.5157634,0.40432826,0.35717633,0.33815214,0.33725294,1.317825,1.4275868,1.1191444,0.9886323,0.93597496,0.933486,0.9556296,0.86066514,0.674711,0.5960276,0.56428146,1.5628185,1.5965708,1.752906,2.1150773,4,0,0.2
rec05,3.0152373,2.0323236,1.760086,0.7919167,0.5281208,0.41435045,0.36621642,0.34686658,0.34598842,1.3272408,1.4523647,1.1394889,1.0071173,0.9539041,0.9514891,0.97440016,0.84571534,0.663527,0.58644676,0.5567537,1.5541017,1.5881943,1.7445605,2.1063972,4,0,0.2
rec05,2.9961805,2.0135462,1.8044001,0.8118554,0.5414178,0.42478284,0.37543684,0.35559988,0.3546996,1.3361617,1.4646441,1.1610503,1.0261742,0.97195405,0.96949345,0.99283797,0.8324182,0.6530944,0.5772261,0.5507701,1.5453902,1.5792918,1.7347817,2.0945904,4,0,0.2
rec05,2.9771235,1.9914565,1.8487154,0.83179355,0.5547144,0.435215,0.38465717,0.36433297,0.36341068,0.3721613,1.4744228,1.1826122,1.045231,0.99000394,0.9874976,1.0112758,0.81912154,0.6426622,0.5680057,0.54439867,1.536679,1.5703895,1.7250029,2.082783,4,0,0.2
rec05,2.9580667,1.9673727,1.8930291,0.8517318,0.56801087,0.44564715,0.3938774,0.3730661,0.3721216,0.381082,1.4842012,1.204174,1.0642881,1.0080541,1.0055021,1.0297137,0.8058252,0.63223016,0.5587855,0.5401187,1.5279683,1.5614874,1.7152245,2.0709765,4,0,0.2
rec05,2.9390097,1.9486768,2.776673,0.87166977,0.58130735,0.4560792,0.40309766,0.38179913,0.38083258,0.39000276,1.4939798,1.2257357,1.0833449,1.0261041,1.0235063,1.0481516,0.79252857,0.621798,0.54956526,0.534881,1.5192574,1.5525856,1.7054462,2.0591702,4,0,0.2
rec05,2.9199526,1.9299817,2.7586691,0.89160794,0.59460396,0.46651137,0.41231796,0.39053228,0.3895436,0.39892355,1.5037583,1.2472973,1.1024021,1.0441542,1.0415108,1.0665895,0.7792321,0.61136585,0.5403451,0.5300978,1.5105461,1.5436834,1.6956675,2.0473635,4,0,0.2
rec05,2.9008954,1.911286,2.7406645,0.91154647,0.6079007,0.4769437,0.42153835,0.39926547,0.3982547,0.40784433,1.5135367,1.2688589,1.1214589,1.0622042,1.0595152,1.0850275,0.76593536,0.6009336,0.5311247,0.528367,1.5018352,1.5347813,1.6858888,2.0355568,4,0,0.2
rec05,2.8818388,1.8925904,2.7226603,0.9314845,0.62119716,0.48737565,0.43075854,0.40799844,0.40696558,0.416765,1.5233153,1.2904211,1.1405162,1.0802544,1.0775197,1.1034653,0.75263923,0.5905018,0.52477837,0.56660473,1.4931245,1.5258795,1.6761107,2.0237505,4,0,0.2
rec05,2.8627818,1.8738948,2.7046556,0.95142275,0.6344936,0.49780777,0.43997872,0.4167315,0.4156765,0.4256857,1.5330938,1.3119825,1.1595727,1.0983043,1.0955238,1.1086434,0.73934245,0.5800694,0.52498406,1.488181,1.4844133,1.5169772,1.6663321,2.0119433,4,0,0.2
rec05,2.8437243,1.855199,2.6866515,0.97136086,0.64779025,0.50824004,0.4491991,0.42546472,0.42438757,0.43460655,1.5428724,1.3335441,1.1786298,1.1163545,1.1135281,1.088705,0.7260458,0.56963724,0.52261275,1.4794477,1.4757022,1.508075,1.6565531,2.0001364,4,0,0.2
rec05,2.8246677,1.8318652,2.6686473,0.99129856,0.6610866,0.51867205,0.4584192,0.4341976,0.4330984,0.44352707,0.4861756,1.3551061,1.1976869,1.1344047,1.1315325,1.0687672,0.7127494,0.5592052,0.5230765,1.4707147,1.4669914,1.4991733,1.6467754,1.9883304,4,0,0.2
rec05,2.8056111,1.8103682,2.650643,1.0112367,0.6743831,0.5291041,0.46763945,0.4429307,0.44180942,0.45244783,0.49595416,1.3766679,1.216744,1.1524546,1.1495371,1.048829,0.6994528,0.5487731,0.52365655,1.4619818,1.4582807,1.4902712,1.6369964,1.9765234,4,0,0.2
rec05,2.786554,1.7917491,2.6326385,1.031175,0.68767977,0.5395363,0.47685972,0.4516638,0.45052037,0.46136853,0.5057327,1.3982292,1.2358005,1.1705043,1.1675411,1.0288906,0.6861562,0.5383409,0.523468,1.4532486,1.4495696,1.481369,1.627218,1.9647169,4,0,0.2
rec05,2.7674975,1.77313,2.6146345,1.0511131,0.70097643,0.5499685,0.48608,0.46039695,0.4592314,0.47028932,0.5155111,1.4197916,1.254858,1.1885549,1.1855459,1.0089525,0.6728597,0.5279088,0.5313171,1.4445155,1.4408585,1.472467,1.6174393,1.9529104,4,0,0.2
rec05,2.74844,1.7545109,2.5966299,1.071051,0.7142727,0.56040055,0.49530017,0.46912998,0.46794233,0.47921,0.52528983,1.4413531,1.2739147,1.2066046,1.2035499,0.9890142,0.659563,0.5283671,0.56482285,1.4357823,1.4321476,1.463565,1.6076607,1.9411031,4,0,0.2
rec05,2.7293832,1.7358922,2.5786257,1.0909892,0.72756934,0.5708326,0.5045204,0.47786304,0.4766533,0.4881307,0.53506833,1.462915,1.2929717,1.2246548,1.2215545,0.9690766,0.6462668,0.535315,0.59832865,1.4270493,1.4234365,1.4546629,1.5978823,1.9292965,4,0,0.2
rec05,2.710326,1.7172731,2.5606208,1.1109276,0.74086607,0.58126485,0.5137408,0.4865962,0.48536438,0.49705148,0.5448469,1.4844766,1.3120288,1.2427046,1.2395587,0.94913775,0.63297004,0.53688276,2.3068,1.4183164,1.4147258,1.4457605,1.5881037,1.9174898,4,0,0.2
rec05,2.6912696,1.6921513,2.542617,1.1308656,0.7541623,0.5916969,0.52296096,0.4953292,0.4940752,0.50597215,0.55462515,1.5060383,1.3310856,1.2607548,1.257563,0.9291999,0.6196735,0.5437207,2.3403065,1.4095833,1.4060147,1.4368587,1.578325,1.9056832,4,0,0.2
rec05,2.6722121,1.6736029,2.5246124,1.1508034,0.7674587,0.60212886,0.53218114,0.5040622,0.50278616,0.5148928,0.56440383,1.5275998,1.3501425,1.2788049,1.2755674,0.9092622,0.60637724,0.5483719,2.3738122,1.4008502,1.3973037,1.4279566,1.5685467,1.8938766,4,0,0.2
rec05,2.6531553,1.6550555,2.5066082,1.170742,0.7807556,0.6125612,0.54140157,0.51279545,0.5114972,0.5238137,0.57418233,1.5491613,1.3691993,1.2968547,1.2935716,0.8893237,0.59308046,0.55469924,2.4073176,1.392117,1.3885926,1.4190544,1.5587682,1.8820698,4,0,0.2
rec05,2.6340983,1.6365076,2.4886038,1.1906798,0.7940518,0.62299323,0.5506216,0.52152836,0.52020806,0.53273433,0.58396095,1.5707237,1.3882564,1.314905,1.3115761,0.86938554,0.57978404,0.5626763,2.440824,1.3833841,1.3798817,1.4101523,1.5489895,1.8702633,4,0,0.2
rec05,2.6150413,1.6179597,2.4705992,1.2106183,0.8073485,0.6334255,0.55984205,0.5302616,0.5289192,0.5416551,0.59373945,1.592285,1.4073133,1.3329549,1.3295804,0.8494475,0.56851465,0.5821867,2.456924,1.374651,1.3711708,1.4012502,1.5392112,1.8584569,4,0,0.2
rec05,2.595984,1.5994123,2.4525948,1.2305564,0.8206451,0.6438576,0.56906235,0.5389946,0.53763014,0.5505759,0.60351795,1.6138469,1.4263704,1.3510051,1.3475846,0.8295092,0.5794399,0.60658926,2.4477038,1.3659178,1.36246,1.3923483,1.5294325,1.8466496,4,0,0.2
rec05,2.5769277,1.5752233,2.4345906,1.2504944,0.8339415,0.6542896,0.5782824,0.5477276,0.54634094,0.5594964,0.6132964,1.6354083,1.4454272,1.369055,1.3655891,0.8095713,0.5849129,0.6309921,2.4384837,1.357185,1.3537489,1.3834463,1.5196539,1.8348433,4,0,0.2
rec06,0.31917962,0.51491266,2.0168233,2.1448853,1.0757146,0.8239592,0.7174986,0.6708534,0.6661928,0.6760387,0.7313068,0.8670355,1.8163365,1.6982546,1.2190638,0.46584257,0.2968354,0.22736527,0.1979882,0.18511683,0.18383075,0.18624455,0.20179859,0.23925191,8,2,0.0
rec06,0.35713494,0.6385777,2.1136706,2.1781406,0.9870053,0.7843794,0.6989576,0.6668636,0.6662,0.6865201,0.7583989,0.92579806,1.7694007,1.6881555,0.8259953,0.39907628,0.27235636,0.21644334,0.19287185,0.18401578,0.18383263,0.18899223,0.20927458,0.25546712,8,2,0.0
rec06,0.41349572,0.873624,2.1176848,1.2567319,0.9103849,0.74954796,0.6837969,0.6662041,0.667465,0.70274824,0.79553086,1.0066473,1.7310221,1.6864864,0.6132687,0.3467854,0.2512136,0.20683192,0.18868847,0.18383387,0.1841818,0.19329724,0.21952079,0.2777769,8,2,0.0
rec06,0.49473652,1.396623,2.135069,1.1174597,0.8498484,0.7221015,0.673497,0.6661961,0.67294455,0.7245095,0.842151,1.8279891,1.7049477,1.6005265,0.4901662,0.30835456,0.23450921,0.19925839,0.18584636,0.1838317,0.18569386,0.19910637,0.23238508,0.3065044,8,2,0.0
rec06,0.6206484,2.1136937,2.1667156,1.011803,0.80166906,0.7009191,0.6677105,0.66620743,0.6829192,0.75262946,0.90069485,1.7743664,1.6902992,0.94819176,0.41040924,0.279199,0.22121418,0.193413,0.18424939,0.1838346,0.18844607,0.20663783,0.24853995,0.3443162,8,2,0.0
rec06,0.8397332,2.1144807,1.286239,0.9298334,0.7632791,0.68520147,0.6661972,0.6664554,0.6977236,0.7882655,0.9746874,1.7345777,1.6864685,0.6767104,0.35492796,0.2565806,0.21062115,0.1890762,0.1838321,0.18390335,0.19253157,0.2161993,0.26895753,0.39565676,6,1,0.04597168
rec06,1.2452903,2.1215281,1.1515118,0.8708079,0.7355586,0.6753736,0.66639775,0.6697696,0.7159939,0.8287414,1.8647091,1.712134,1.6893796,0.538821,0.31734577,0.23998655,0.20271313,0.18612665,0.183653,0.18458223,0.19732119,0.22677714,0.29211822,0.46017197,5,1,0.06141215
rec06,1.9329069,2.130059,1.0731795,0.8349398,0.7188868,0.67054635,0.66645837,0.6743948,0.7323216,0.8638195,1.8284817,1.705528,1.3325475,0.47061074,0.29559627,0.22997561,0.19801,0.18469511,0.18356913,0.18575513,0.20171049,0.23605272,0.31289628,0.524416,5,1,0.075264186
rec06,2.097666,2.134783,1.0302435,0.8147019,0.70950687,0.66821736,0.66622066,0.6780091,0.7437037,0.8882937,1.8130631,1.7075524,1.0778546,0.43722877,0.28423595,0.22476985,0.19574739,0.18435591,0.18380506,0.18705739,0.20518202,0.24300528,0.32851833,0.5765768,5,1,0.08567888
rec06,2.0893643,2.1376154,0.99893713,0.79960686,0.7024583,0.6665725,0.66570866,0.68108237,0.7531633,0.90889555,1.8052379,1.713015,0.9391683,0.41515142,0.2765938,0.22140191,0.19450258,0.18456614,0.18432699,0.18858376,0.20854206,0.24942464,0.3428605,0.6272403,5,1,0.09524032
rec06,2.0801096,2.1409867,0.9696367,0.7852109,0.695694,0.6650857,0.6648899,0.6843487,0.7630646,0.93074024,1.79976,1.7205763,0.8345068,0.39620867,0.27001253,0.21865597,0.1937284,0.18520495,0.18515044,0.19056909,0.2124889,0.25675288,0.3592639,0.68893486,5,1,0.10617592
rec06,2.070083,2.1448317,0.9420549,0.7713895,0.689135,0.6636945,0.66378546,0.68775403,0.77337164,0.95386976,1.7966442,1.7303181,0.75342417,0.38005108,0.26448095,0.21656725,0.19347432,0.1863319,0.18635744,0.19308661,0.21712367,0.26515517,0.37815297,0.7654177,5,1,0.11876865
rec06,2.060182,1.2907543,0.9159011,0.7579997,0.68267983,0.6620661,0.6626691,0.69121677,0.7840163,0.9782966,1.7960582,1.7418255,0.68953973,0.36645126,0.26002866,0.2151998,0.19381607,0.18796371,0.1881349,0.19623971,0.22258592,0.27485478,0.40009567,0.8623511,5,1,0.13339712
rec06,2.0503454,1.2329444,0.8909193,0.7449068,0.6762286,0.6599166,0.66147155,0.6946516,0.79492605,1.0040364,1.7980596,1.7546867,0.6386838,0.35522777,0.25668582,0.21461773,0.19483064,0.19013087,0.19057892,0.20013851,0.22902888,0.28610656,0.42579067,0.9884735,4,1,0.1505271
rec06,2.038651,1.1943103,0.8731548,0.73499215,0.67077714,0.65709126,0.65956616,0.69587344,0.80124575,1.0207602,1.8059958,1.7691476,0.6132163,0.35068592,0.2563849,0.2158163,0.19696079,0.19294217,0.19366893,0.20432979,0.23527037,0.29632244,0.4481563,1.1035392,4,1,0.16543753
rec06,2.0229275,1.1855278,0.8675977,0.7307378,0.66720074,0.6537915,0.6563472,0.6927586,0.7980922,1.017519,1.8216888,1.7850767,0.6207856,0.35583872,0.26041123,0.2193328,0.20026201,0.19623716,0.19700426,0.20793325,0.23954935,0.30193135,0.45730102,1.1322904,4,1,0.17153402
rec06,2.0061595,1.1792324,0.8629902,0.7268572,0.6636575,0.65031946,0.65286165,0.68907964,0.7938538,1.0121154,1.838733,1.8017786,0.63176954,0.36213472,0.26501882,0.22321327,0.20380503,0.19970898,0.2004897,0.21161197,0.24378742,0.30727303,0.46539158,1.1523234,4,1,0.17692773
rec06,1.9888446,1.1727303,0.8582319,0.7228495,0.6599984,0.6467338,0.649262,0.6852804,0.7894769,1.0065348,1.8563352,1.8190268,0.6431124,0.3686366,0.26977703,0.22722088,0.20746419,0.2032946,0.2040893,0.2154113,0.24816443,0.3127899,0.47374752,1.173012,4,1,0.18249832
rec06,1.9710392,1.1660447,0.85333914,0.7187285,0.65623564,0.64304674,0.64556044,0.68137354,0.78497595,1.0007964,1.8744346,1.8367627,0.65477645,0.3753225,0.27466992,0.23134199,0.21122696,0.20698176,0.20779088,0.21931823,0.2526654,0.318463,0.48233953,1.1942868,4,1,0.18822633
rec06,1.9526416,1.159136,0.84828347,0.7144702,0.65234774,0.63923687,0.6417357,0.67733663,0.78032506,0.994867,1.8931364,1.8550884,0.6668284,0.38223082,0.2797256,0.23560013,0.2151149,0.21079154,0.21161555,0.22335508,0.25731608,0.32432476,0.49121806,1.2162697,4,1,0.19414535
rec06,1.933666,1.1520109,0.843069,0.71007824,0.6483376,0.6353074,0.63779086,0.67317283,0.7755284,0.9887514,1.9124258,1.8739902,0.6792588,0.38935608,0.28494012,0.23999213,0.219125,0.21472105,0.21556045,0.22751881,0.26211292,0.33037072,0.50037515,1.2389423,4,0,0.2
rec06,1.9140794,1.1446558,0.83768636,0.70554477,0.64419824,0.6312513,0.63371897,0.66887504,0.77057713,0.98243886,1.9323366,1.8935006,0.69209003,0.39671093,0.2903225,0.24452557,0.22326428,0.21877715,0.21963236,0.23181662,0.26706418,0.3366114,0.5098271,1.2623459,4,0,0.2
rec06,1.8944207,1.137274,0.8322844,0.70099497,0.6400441,0.6271806,0.6296323,0.66456157,0.7656077,0.9761032,1.9523206,1.913083,0.7049686,0.40409294,0.2957248,0.24907558,0.22741866,0.22284804,0.22371916,0.23613018,0.27203357,0.34287494,0.5193137,1.2858349,4,0,0.2
rec06,1.8747622,1.1298922,0.8268821,0.69644487,0.6358896,0.62310964,0.62554544,0.6602481,0.76063836,0.9697675,1.972304,1.9326646,0.71784633,0.41147462,0.301127,0.25362554,0.23157297,0.22691886,0.22780591,0.24044362,0.27700287,0.34913832,0.5288001,1.3093235,4,0,0.2
rec06,1.8551036,1.1225104,0.8214799,0.69189495,0.63173527,0.61903876,0.6214587,0.6559345,0.75566906,0.963432,1.9922878,1.9522468,0.73072433,0.41885644,0.30652916,0.25817552,0.23572738,0.23098977,0.23189273,0.24475716,0.28197235,0.35540184,0.5382867,1.3328134,4,0,0.2
rec06,1.8354448,1.9372677,0.8160776,0.6873449,0.62758076,0.6149678,0.61737174,0.651621,0.7506995,0.9570962,2.0122716,1.9718292,0.7436024,0.42623827,0.31193134,0.2627255,0.23988174,0.23506063,0.23597951,0.24907066,0.28694165,0.36166528,0.54777336,1.356303,4,0,0.2
rec06,1.8157865,1.9165188,0.81067556,0.682795,0.62342656,0.610897,0.613285,0.6473076,0.74573004,0.95076054,2.0322552,1.9914111,0.75648093,0.43362027,0.31733364,0.2672756,0.24403624,0.23913161,0.2400664,0.2533843,0.29191118,0.36792892,0.55726004,1.379792,4,0,0.2
rec06,1.7961278,1.8957694,0.8052734,0.6782449,0.61927205,0.606826,0.60919815,0.64299387,0.74076074,0.9444248,2.0522387,2.010993,0.76935846,0.4410017,0.32273558,0.2718257,0.24819069,0.24320257,0.24415328,0.25769782,0.2968806,0.37419245,0.56674665,1.4032809,4,0,0.2
rec06,1.7764695,1.8750205,0.7998712,0.67369497,0.6151178,0.60275537,0.60511154,0.6386805,0.73579144,0.9380892,2.0722222,2.030575,0.7822368,0.44838378,0.32813793,0.27637562,0.25234497,0.24727337,0.24823998,0.2620113,0.30184993,0.38045582,0.5762329,1.4267694,4,0,0.2
rec06,1.7568103,1.8542709,0.79446876,0.6691448,0.6109633,0.59868425,0.6010245,0.63436687,0.73082197,0.9317535,2.0922058,2.0501573,0.79511505,0.4557657,0.33354023,0.28092572,0.2564994,0.25134435,0.25232688,0.2663249,0.30681944,0.3867195,0.58571994,1.4502592,4,0,0.2
rec06,1.7371525,1.8335224,0.7890665,0.6645949,0.60680896,0.5946133,0.5969378,0.6300533,0.72585255,0.9254177,2.1121898,2.0697393,0.8079932,0.4631475,0.33894238,0.28547573,0.26065385,0.25541526,0.25641367,0.27063847,0.3117888,0.392983,0.59520686,1.4737487,4,0,0.2
rec06,1.7174934,1.8127728,0.7836645,0.6600447,0.60265434,0.5905423,0.5928508,0.6257397,0.720883,0.9190819,2.1321733,2.0893216,0.82087153,0.4705293,0.34434453,0.29002568,0.26480818,0.2594861,0.2605005,0.27495193,0.31675816,0.3992464,0.60469323,1.4972378,4,0,0.2
rec06,1.6978351,1.7920238,0.7782623,0.6554947,0.5985001,0.5864715,0.5887641,0.62142617,0.71591365,0.91274625,2.1521566,2.1089032,0.83374906,0.47791094,0.34974664,0.29457566,0.26896256,0.26355702,0.26458728,0.27926546,0.3217276,0.40550995,0.61417985,1.5207267,4,0,0.2
rec06,1.6781765,1.771275,0.77286005,0.65094477,0.5943456,0.5824006,0.5846773,0.61711264,0.7109443,0.90641063,1.3571966,2.1284852,0.84662753,0.48529288,0.3551489,0.29912576,0.273117,0.26762795,0.26867414,0.28357902,0.326697,0.41177344,0.6236665,1.5442164,4,0,0.2
rec06,1.6585183,1.7505257,0.7674579,0.6463947,0.59019125,0.57832974,0.5805904,0.6127991,0.7059748,0.9000748,1.3477101,2.1480668,0.85950536,0.49267462,0.36055103,0.30367574,0.2772714,0.27169883,0.27276093,0.28789255,0.3316664,0.41803697,0.633153,1.567705,4,0,0.2
rec06,1.6388595,1.7297766,0.7620559,0.6418447,0.5860368,0.5742588,0.57650363,0.6084856,0.70100546,0.8937392,1.3382237,2.1676493,0.87238365,0.50005656,0.36595333,0.30822575,0.28142577,0.27576968,0.2768477,0.29220608,0.33663577,0.42430052,0.6426397,1.5911942,4,0,0.2
rec06,1.6192012,1.7090275,0.75665355,0.63729453,0.58188236,0.57018775,0.5724167,0.604172,0.6960359,0.8874034,1.3287368,2.1872308,0.8852618,0.5074383,0.37135547,0.3127758,0.28558016,0.27984062,0.28093454,0.2965196,0.34160522,0.43056396,0.6521262,1.6128963,4,0,0.2
rec06,1.5995426,1.6882782,0.75125134,0.6327447,0.57772815,0.566117,0.56833,0.5998585,0.6910666,0.8810679,1.3192501,2.2068124,0.89813954,0.51482004,0.37675756,0.31732577,0.2897345,0.2839115,0.2850213,0.30083314,0.34657452,0.4368274,0.66161287,1.5933142,4,0,0.2
rec06,1.5798838,1.6675291,0.7458492,0.6281946,0.5735735,0.562046,0.5642432,0.59554493,0.68609726,0.8747322,1.3097631,2.2263951,0.9110179,0.52220196,0.38215986,0.3218758,0.29388896,0.28798243,0.28910816,0.30514666,0.35154396,0.44309095,0.6710998,1.573732,4,0,0.2
rec06,1.5602251,1.64678,0.740447,0.62364465,0.56941926,0.5579752,0.56015646,0.59123164,0.68112797,0.8683968,1.3002759,2.2459772,0.923896,0.5295838,0.38756207,0.32642576,0.2980433,0.29205328,0.29319495,0.3094601,0.3565133,0.44935438,0.6805863,1.5541497,4,0,0.2
rec06,1.5405667,1.6260309,0.73504484,0.61909485,0.565265,0.5539045,0.5560697,0.5869181,0.67615855,0.862061,1.2907903,2.2655592,0.93677413,0.53696567,0.39296427,0.3309759,0.30219772,0.29612425,0.2972818,0.31377372,0.36148277,0.455618,0.6900727,1.534568,4,0,0.2
rec06,1.5209081,1.6052817,0.7296426,0.61454475,0.5611105,0.5498335,0.5519829,0.5826045,0.6711891,0.8557252,1.2813032,2.2851412,0.9496524,0.54434747,0.39836645,0.3355259,0.30635217,0.30019516,0.30136868,0.3180873,0.36645228,0.46188152,0.6995596,1.5149859,4,0,0.2
rec06,1.5012499,1.5845329,0.72424054,0.60999465,0.5569561,0.5457625,0.54789597,0.5782909,0.66621965,0.84938943,1.271817,2.3047228,0.96253055,0.55172926,0.4037686,0.3400758,0.31050643,0.30426598,0.30545536,0.32240075,0.37142152,0.46814486,0.7090459,1.4954042,4,0,0.2
rec06,1.4815912,1.5637835,0.7188382,0.60544455,0.55280167,0.5416916,0.54380906,0.5739773,0.6612502,0.84305376,1.2623299,2.324305,0.9754086,0.559111,0.40917078,0.3446259,0.3146609,0.3083369,0.3095422,0.32671434,0.37639096,0.4744084,0.71853286,1.4758221,4,0,0.2
rec06,1.4619328,1.5430346,0.71343625,0.60089463,0.54864734,0.5376208,0.5397223,0.5696639,0.65628093,0.83671826,1.2528436,2.3438866,0.9882858,0.5664925,0.41457275,0.34917587,0.31881532,0.31240782,0.31362906,0.33102784,0.38136038,0.48067194,0.728019,1.45624,4,0,0.2
rec06,1.4422741,1.5222853,0.708034,0.5963446,0.54449296,0.53354985,0.5356356,0.56535035,0.6513115,0.8303825,1.2433568,2.3634694,1.0011643,0.5738746,0.41997516,0.35372594,0.32296973,0.31647876,0.3177159,0.3353414,0.38632983,0.48693547,0.73750573,1.4366581,4,0,0.2
rec06,1.4226156,1.5015363,0.70263165,0.59179455,0.5403385,0.5294789,0.53154874,0.56103677,0.64634204,0.8240467,1.2338701,2.383051,1.0140425,0.58125645,0.42537734,0.35827592,0.3271241,0.32054964,0.3218027,0.33965498,0.39129922,0.493199,0.7469925,1.4170761,4,0,0.2
rec06,1.4029571,1.4807874,0.6972295,0.58724445,0.5361841,0.5254079,0.52746177,0.5567232,0.6413725,0.81771094,1.2243838,2.402633,1.0269204,0.5886381,0.4307794,0.36282578,0.33127835,0.32462037,0.32588935,0.3439683,0.39626843,0.49946228,0.7564791,1.3974941,4,0,0.2
rec06,1.3832985,1.4600381,0.69182736,0.58269453,0.5320298,0.52133715,0.5233751,0.55240977,0.6364033,0.8113755,1.2148975,2.4222147,1.0397972,0.5960195,0.43618143,0.36737594,0.33543286,0.32869136,0.32997632,0.34828195,0.40123796,0.5057259,0.7659656,1.3779123,4,0,0.2
rec06,1.3636401,1.439289,0.6864252,0.57814455,0.52787536,0.5172663,0.51928836,0.54809624,0.6314339,0.8050398,1.2054107,2.4417968,1.0526767,0.60340166,0.44158372,0.37192592,0.33958724,0.33276227,0.3340631,0.3525955,0.40620735,0.5119894,0.77545214,1.3583302,4,0,0.2
rec06,1.3439815,1.4185399,1.6342279,0.57359445,0.5237209,0.5131953,0.51520145,0.5437826,0.6264645,0.7987041,1.1959236,2.461379,1.0655546,0.6107837,0.44698614,0.37647596,0.34374166,0.33683318,0.3381499,0.35690904,0.4111768,0.51825297,0.7849389,1.3387482,4,0,0.2
rec06,1.324323,1.3977907,1.6103238,0.5690446,0.51956654,0.5091244,0.51111466,0.5394692,0.62149507,0.7923683,1.1864376,2.4809606,1.0784327,0.61816543,0.45238823,0.38102588,0.34789598,0.34090403,0.34223667,0.36122245,0.416146,0.52451634,0.79442585,1.3191662,4,0,0.2
rec06,1.3046643,1.3770417,1.5864198,0.5644945,0.5154122,0.5050536,0.5070278,0.5351556,0.6165256,0.7860327,1.176951,2.500543,1.0913105,0.62554705,0.4577902,0.38557598,0.35205036,0.3449749,0.34632346,0.36553603,0.42111546,0.53077984,0.8039123,1.2995842,4,0,0.2
rec06,1.2850058,1.3562925,1.562516,0.5599445,0.5112578,0.50098264,0.502941,0.53084207,0.61155623,0.779697,1.1674643,2.520125,1.1041888,0.63292885,0.46319237,0.3901259,0.3562049,0.34904587,0.35041034,0.3698496,0.4260849,0.5370434,0.8133989,1.2800022,4,0,0.2
rec06,1.2653472,1.3355432,1.5386118,0.5553945,0.50710344,0.49691176,0.49885425,0.52652854,0.6065869,0.7733614,1.1579778,2.539707,1.1170663,0.6403106,0.46859458,0.39467603,0.36035922,0.35311678,0.3544971,0.37416312,0.4310543,0.5433069,0.8228851,1.2604201,4,0,0.2
rec06,1.2456889,1.3147943,1.514708,0.5508444,0.50294894,0.49284074,0.49476737,0.52221495,0.6016174,0.7670256,1.1484909,2.559289,1.1299444,0.6476924,0.4739968,0.3992261,0.3645136,0.35718772,0.35858396,0.3784767,0.43602377,0.54957044,0.8323719,1.2408384,4,0,0.2
rec06,1.2260301,1.2940452,1.4908038,0.5462945,0.4987947,0.48877004,0.49068072,0.51790166,0.5966482,0.76069015,1.1390046,2.5788708,1.1428231,0.6550742,0.47939894,0.40377596,0.36866796,0.36125854,0.36267072,0.38279012,0.44099307,0.5558339,0.8418589,1.2212561,4,0,0.2
rec06,1.2063715,1.2732961,1.4669001,0.5417446,0.49464038,0.48469913,0.4865939,0.5135881,0.5916788,0.7543544,1.1295176,2.5984528,1.1557016,0.6624562,0.4848012,0.40832597,0.37282237,0.3653294,0.36675748,0.38710362,0.44596252,0.5620974,0.85134554,1.2016742,4,0,0.2
rec06,1.1867131,1.2525469,1.4429959,0.5371943,0.4904858,0.48062807,0.48250693,0.50927436,0.5867092,0.74801856,1.120031,2.6180348,1.1685796,0.6698379,0.4902033,0.41287604,0.37697676,0.3694003,0.37084433,0.39141718,0.45093188,0.56836087,0.8608317,1.1820923,4,0,0.2
rec06,1.1670544,1.2317977,1.4190919,0.53264433,0.48633143,0.4765572,0.47842014,0.5049609,0.58173984,0.7416828,1.1105444,2.6376169,1.1814572,0.6772196,0.4956054,0.4174261,0.3811312,0.37347126,0.3749312,0.3957307,0.4559013,0.5746244,0.87031823,1.16251,4,0,0.2
rec06,1.1473961,1.2110487,1.3951879,0.5280945,0.48217714,0.47248638,0.47433347,0.5006474,0.5767706,0.73534733,1.1010582,2.6571991,1.1943343,0.6846011,0.5010075,0.42197618,0.38528565,0.37754223,0.37901807,0.40004438,0.46087083,0.58088803,0.87980515,1.1429282,4,0,0.2
rec06,1.1277376,1.1902997,1.3712841,1.6412745,0.47802275,0.46841556,0.47024664,0.496334,0.57180125,0.7290118,1.0915716,2.676781,1.2072124,0.69198287,0.50640965,0.42652604,0.38943985,0.381613,0.38310477,0.40435776,0.46584004,0.5871513,0.88929176,1.1233466,6,0,0.2
rec06,1.1088872,1.1728103,1.3548567,1.6303723,0.47310388,0.4643242,0.46647346,0.4933639,0.569945,0.72947425,1.1001998,2.696379,1.1921809,0.69124055,0.5083859,0.42943683,0.39300412,0.38571092,0.3874963,0.4098339,0.47344932,0.59895545,0.913929,1.103778,6,0,0.2
rec06,1.0926149,1.1640975,1.358196,1.6043798,0.4663145,0.45995912,0.46350786,0.4938322,0.5761725,0.7480135,1.1592842,2.7158763,1.115714,0.671649,0.5023795,0.4286452,0.39545867,0.3900689,0.3930785,0.41879487,0.48862368,0.62658614,0.98313296,1.0842495,6,0,0.2
rec06,1.0806135,1.1659977,1.384531,1.5670693,0.45815295,0.4549579,0.46167073,0.49814934,0.59151334,0.7882211,1.2880559,2.5517612,1.0046849,0.6389104,0.49066406,0.42551115,0.39785635,0.39508182,0.40091115,0.43258893,0.51366544,0.67524713,1.0723796,1.0649012,6,0,0.2
rec06,1.0723898,1.1741064,1.4235649,1.5307097,0.4499771,0.44899923,0.4604203,0.5040914,0.611194,0.8413654,1.4781408,1.9437314,0.9097398,0.60886836,0.48020238,0.42363125,0.40189877,0.40102538,0.41122615,0.45023113,0.5458901,0.74012315,1.0480659,1.0457883,6,0,0.2
rec06,1.067297,1.1863607,1.4711579,0.4594201,0.44209835,0.44209522,0.4593899,0.51063776,0.63322103,0.9046289,1.7439605,1.5859101,0.8373934,0.5852176,0.47286016,0.4239885,0.40800253,0.40799963,0.42396048,0.47125602,0.58438545,0.82068306,1.0271236,1.0271163,5,0,0.2
rec06,1.0627508,1.1974002,1.5161209,0.44600374,0.43417072,0.43489492,0.45745158,0.5154102,0.65260077,0.9669013,2.7914822,1.3846327,0.79079443,0.57077765,0.47012034,0.4271959,0.41586182,0.4165555,0.4381609,0.49367544,0.62508065,0.90862685,1.0086648,1.0103474,5,0,0.2
rec06,1.0539933,1.1980169,1.5381826,0.43445706,0.4255606,0.42713842,0.45279038,0.51466227,0.660796,1.0043848,2.8095248,1.2977967,0.7723101,0.56779313,0.47301948,0.43334284,0.4244692,0.42604297,0.45162907,0.51334226,0.65910095,0.9814953,0.99060863,0.9942814,5,0,0.2
rec06,1.0453476,1.1982231,1.5589739,1.4388535,0.4164553,0.41909257,0.44751626,0.5129627,0.66765213,1.0415465,2.8273149,1.2328078,0.7589337,0.56697696,0.47718307,0.44041583,0.43356848,0.4363141,0.46590582,0.5340415,0.69508725,0.9881559,0.9727927,0.9789531,6,0,0.2
rec06,1.0410125,1.206813,1.5254576,1.4213104,0.4068761,0.4112588,0.44340116,0.514021,0.6817249,1.10429,2.8449244,1.1560953,0.73999196,0.5636878,0.4805013,0.4476963,0.44316486,0.44793838,0.48294747,0.5598657,0.7425269,0.9650272,0.9552595,0.9655491,6,0,0.2
rec06,1.0465621,1.2348986,1.4847646,0.3982768,0.396592,0.40440258,0.44245762,0.5220812,0.7139343,1.2355496,2.6776469,1.0556856,0.71006316,0.5553992,0.48204544,0.4553523,0.45342612,0.46235594,0.50586444,0.59689856,0.81624526,0.9420595,0.93807447,0.95654905,5,0,0.2
rec06,1.0520147,1.261946,1.4512402,0.3859189,0.3854901,0.39695203,0.44009924,0.52792174,0.7438147,1.382374,2.1841204,0.99056625,0.69135374,0.55230117,0.4865824,0.4650721,0.46455535,0.47836813,0.53036493,0.6362001,0.8963731,0.92250204,0.92147684,0.9488754,5,0,0.2
rec06,1.0500265,1.2734067,1.4271156,1.3740231,0.37372816,0.3876528,0.43349373,0.5257141,0.7561356,1.4828218,1.9863621,0.9654309,0.6880171,0.55653286,0.49479142,0.47638386,0.4762884,0.49403423,0.55245495,0.6699829,0.9404276,0.9054415,0.90525997,0.93898886,6,0,0.2
rec06,1.0517808,1.2923206,1.402627,1.3615514,0.36170676,0.37849915,0.4275317,0.52530706,0.77509546,1.6343229,1.8061494,0.93815327,0.68338144,0.5603235,0.50322324,0.48848662,0.48872417,0.5114134,0.57766426,0.7097745,0.9162427,0.8894111,0.8898436,0.93115485,6,0,0.2
rec06,1.0680188,1.3410829,1.3744032,0.42743814,0.34988216,0.3712257,0.42615905,0.5351167,0.82567143,2.01588,1.5789983,0.8918845,0.6698527,0.56018484,0.5107906,0.50126565,0.5028891,0.53356636,0.61252254,0.7691282,0.8906348,0.8740271,0.87685764,0.9303477,5,0,0.2
rec06,1.0848503,1.3916358,1.3502303,0.38790995,0.33785972,0.3630645,0.42323408,0.5429206,0.87807196,2.9408658,1.4331886,0.8606302,0.6625313,0.5633844,0.5205564,0.51479614,0.51881427,0.55751854,0.6499144,0.83370376,0.86892366,0.8593083,0.86601555,0.93062145,5,0,0.2
rec06,1.0907863,1.4196217,1.3309351,0.4139911,0.3260094,0.35203546,0.41452906,0.53949577,0.90247744,2.9550078,1.3733968,0.85264057,0.66586536,0.5719231,0.5327695,0.5288648,0.535084,0.57971597,0.6826275,0.88841665,0.85132504,0.8450856,0.8550232,0.92634165,5,0,0.2
rec06,1.0967627,1.3985146,1.31263,1.3067261,0.31501117,0.34029675,0.404643,0.53425866,0.9257936,2.9688413,1.3280939,0.8481729,0.67087203,0.5814976,0.5457872,0.54333234,0.55213034,0.60286146,0.71685576,0.88966954,0.8350338,0.83127785,0.8447389,0.9223558,6,0,0.2
rec06,1.1135943,1.3651075,1.2941747,1.2918909,0.30432552,0.32962683,0.39737874,0.53570515,0.9801228,2.8868928,1.2655404,0.83647585,0.6724287,0.58981156,0.55916417,0.5581774,0.5712127,0.6304194,0.7599965,0.8642286,0.8193223,0.81787634,0.8369765,0.9237299,6,0,0.2
rec06,1.1520661,1.3274401,1.2765405,1.2765691,0.293101,0.32129875,0.3956376,0.5515751,1.112072,2.3581822,1.1793463,0.8141578,0.6688699,0.5964333,0.5735636,0.5735765,0.5943249,0.66653043,0.82074565,0.8372028,0.80510104,0.8050717,0.8342431,0.93559694,6,0,0.2
rec06,1.2008964,1.2932514,1.2604889,0.36414653,0.281702,0.31281272,0.39439356,0.5721035,1.3182726,2.007709,1.1094649,0.79600596,0.6674964,0.6048806,0.5895569,0.59073704,0.62058926,0.7080474,0.8927045,0.81370586,0.7930918,0.79422855,0.8348378,0.95248944,5,0,0.2
rec06,1.2481574,1.2645954,1.2439172,0.35170588,0.2718095,0.3020781,0.38925937,0.58711964,1.5843012,1.8054491,1.0663869,0.78752285,0.67115617,0.6162512,0.6061745,0.609686,0.6481489,0.7508659,0.8657862,0.7949591,0.7819603,0.7857033,0.83610713,0.96861124,5,0,0.2
rec06,1.2761796,1.2414283,1.2269114,2.2474935,0.26139048,0.28695318,0.37525338,0.5819046,1.7959424,1.7220722,1.0541897,0.79163533,0.68123865,0.6305809,0.62320703,0.6289489,0.673728,0.78833324,0.8433104,0.7806007,0.7714727,0.7775883,0.83401316,0.9758841,5,0,0.2
rec06,1.3050559,1.2194024,1.2095566,2.2387884,0.25294954,0.2706444,0.35913885,0.5731524,2.089158,1.6586118,1.0464461,0.79753596,0.692389,0.64570004,0.6404863,0.6489528,0.7002068,0.8272853,0.8231157,0.7676115,0.7614134,0.77029544,0.83240914,0.98348063,5,0,0.2
rec06,1.2753193,1.1981003,1.1920594,2.2312896,0.24277326,0.2534727,0.3416038,0.56281894,3.04841,1.6043192,1.0403094,0.8040621,0.70404655,0.66141737,0.6580825,0.6698365,0.728075,0.8688598,0.8043976,0.7556925,0.7518822,0.7639382,0.83185077,0.99270225,5,0,0.2
rec06,1.244306,1.1774844,1.1741984,2.2250032,0.24101396,0.23535502,0.32245368,0.5505208,3.0573769,1.5576049,1.0356201,0.81118727,0.7162113,0.6777494,0.67585796,0.69164115,0.75742245,0.8914598,0.78708535,0.7448174,0.7427388,0.75851953,0.83237463,1.0036718,5,0,0.2
rec06,1.2144585,1.1575223,1.1561642,2.2199397,0.24683484,0.23019564,0.3014562,0.5357389,3.0660274,1.517229,1.0322418,0.81889,0.7288854,0.6947138,0.6938987,0.7144118,0.7883486,0.86633533,0.771116,0.7349646,0.7341023,0.754047,0.834024,1.0165306,5,0,0.2
rec06,1.1857053,1.1381831,1.1379067,2.216114,0.25180638,0.22244312,0.2783324,0.5177529,2.913833,1.4822133,1.0300592,0.8271518,0.7420724,0.71233064,0.71215767,0.7381972,0.8209617,0.8431577,0.75643206,0.72611475,0.7259384,0.75052977,0.83684826,1.0314412,5,0,0.2
rec06,1.1579827,1.1194395,1.1199496,2.2135472,0.25600418,0.21778473,0.25274366,0.49553183,2.7089658,1.4517733,1.0289716,0.83595717,0.7557782,0.7306224,0.73095524,0.76305157,0.8553842,0.821806,0.7429841,0.71825415,0.7185815,0.74798316,0.8409039,1.0485895,5,0,0.2
rec06,1.13123,1.1007762,1.1025373,2.2122648,0.25949317,0.21674955,0.22427496,0.46754685,2.5414917,1.4252777,1.0288954,0.84529525,0.77001023,0.7492808,0.75047964,0.7890338,0.89175004,0.8021707,0.7307266,0.7110547,0.7121925,0.7464245,0.8462553,1.0681899,5,0,0.2
rec06,1.1053916,1.0820228,1.0856473,2.2122958,0.2623299,0.21785071,0.21324843,0.4314297,2.4023962,1.4022045,1.0297542,0.8551549,0.784777,0.7681862,0.7707596,0.8162077,0.93020797,0.78415424,0.7196194,0.70440614,0.7067658,0.745875,0.8529756,1.0904907,4,0,0.2
rec06,1.0820382,1.0629406,1.0683655,2.2068758,2.530091,0.22284795,0.21220392,0.36575532,2.336417,1.3983248,1.0385538,0.8687316,0.80127686,0.7871346,0.7911518,0.8420379,0.92110723,0.7704896,0.71066296,0.6981202,0.701683,0.74410605,0.8561918,1.104744,4,0,0.2
rec06,1.0622689,1.04387,1.0493704,2.1878915,2.509747,0.22928031,0.21292174,0.25732562,2.381652,1.4286296,1.0621648,0.8890808,0.82043463,0.8062245,0.81047285,0.86301374,0.9118543,0.7632641,0.704332,0.6921328,0.6957798,0.73818463,0.8498757,1.0975666,4,0,0.2
rec06,1.0428436,1.0247811,1.0301808,2.1674583,2.4863074,0.23586532,0.21765408,0.21557146,2.4380424,1.4624549,1.0873134,0.9101314,0.8398599,0.8253134,0.8296622,0.8834472,0.9039878,0.75667924,0.6982558,0.68616176,0.6897772,0.7318162,0.8425434,1.0880977,4,0,0.2
rec06,1.0234181,1.0056921,1.0109915,2.1470246,2.462868,0.24244994,0.22373028,0.2199947,2.4944334,1.4962807,1.1124625,0.93118227,0.8592854,0.84440225,0.8488516,0.90388066,0.896121,0.7500945,0.6921794,0.6801905,0.6837748,0.72544783,0.8352117,1.078629,4,0,0.2
rec06,1.0039927,0.9866033,0.99180204,2.1265912,2.4394286,2.4546888,0.22980654,0.22582623,2.550823,1.5301064,1.1376113,0.952233,0.87871087,0.86349124,0.8680412,0.9243143,0.8882544,0.7435099,0.6861033,0.67421967,0.6777723,0.71907955,0.82787997,1.0691603,8,0,0.2
rec06,0.98332155,0.9674863,0.97331166,2.1116903,2.4278135,2.4535463,0.23556703,0.23177351,0.23316905,1.5485594,1.1560453,0.9702422,0.8970106,0.8825655,0.88787955,0.94723827,0.87532216,0.7346378,0.67918897,0.6682516,0.67227525,0.7145511,0.8245891,1.0635995,8,0,0.2
rec06,0.959559,0.9483237,0.9571532,2.113692,2.451994,2.4312615,0.24030124,0.23748758,0.23969871,1.5244868,1.1556515,0.97980183,0.9124204,0.90173703,0.9101328,0.9782576,0.8491028,0.7198991,0.6703914,0.6625419,0.66871065,0.71587676,0.8338048,1.0304215,8,0,0.2
rec06,0.9342939,0.9289802,0.9446622,2.1368024,2.5198786,2.4360218,0.24396957,0.24258202,0.24667706,1.465882,1.1392227,0.98246783,0.9263421,0.9210737,0.9366223,1.020292,0.81315476,0.7012663,0.6612047,0.6574441,0.6685424,0.7249466,0.8588241,0.99090135,8,0,0.2
rec06,0.9101381,0.9094177,0.9383342,2.1892781,2.6480594,2.4336145,3.1492949,0.24666794,0.25451118,1.3860682,1.1121064,0.9813178,0.9414133,0.94066817,0.9705784,0.9627419,0.77245224,0.6816084,0.6538912,0.65337366,0.67414874,0.74509966,0.9061036,0.9487168,8,0,0.2
rec06,0.8896067,0.89092636,1.9964786,2.275383,2.8474348,2.4291785,0.26443157,0.24972051,0.26344576,1.3068234,1.0845253,0.9818772,0.9604943,0.96191907,1.0147885,0.8853234,0.7347248,0.6651846,0.6506984,0.65166366,0.6874806,0.7784902,0.9805042,0.9094115,8,0,0.2
rec06,0.8696279,0.8775878,2.0374272,2.3869345,2.4464734,2.4198196,0.25508684,0.25273755,0.2729164,1.2460979,1.0658144,0.9886786,0.98045135,0.98942584,1.0684227,0.82559633,0.70615023,0.6550442,0.6495933,0.6555392,0.70787823,0.8230109,0.945342,0.8769252,8,0,0.2
rec06,0.84962857,0.8696252,2.0948398,2.5299728,2.4175794,2.909689,0.25499815,0.25582412,0.2830718,1.2001112,1.0549794,1.0016431,1.0004357,1.0239816,0.973381,0.7798402,0.6855325,0.65087414,0.65008956,0.66538984,0.7362602,0.8812554,0.8959504,0.8506539,8,0,0.2
rec06,0.8306226,1.91231,2.1715283,2.713847,2.3977816,3.14793,0.25784895,0.25902322,0.29413456,1.1659575,1.051196,1.020319,1.0214087,1.0663471,0.8993055,0.74527574,0.67192066,0.6521841,0.65288067,0.68160516,0.77399844,0.94817156,0.8548462,0.8297365,8,0,0.2
rec06,0.8165729,1.9452044,2.2714784,3.451542,2.392661,0.81342816,0.2608371,0.26238516,0.30639565,1.1416141,1.0539399,1.0399889,1.0483115,1.1175923,0.84310657,0.71996325,0.6646712,0.65587294,0.6611214,0.7048137,0.8230339,0.8892502,0.8209572,0.8100902,7,0,0.2
rec06,0.80769736,1.9924059,2.3978984,2.3803053,2.4634285,0.5795098,0.2638769,0.26582527,1.2839817,1.1261348,1.0630333,1.0593473,1.0819403,1.0251642,0.80133814,0.7028249,0.66344315,0.66114247,0.67524284,0.73552066,0.8852131,0.84068966,0.79358286,0.7908311,7,0,0.2
rec06,0.8040624,2.0564804,2.5593882,2.370322,3.1323152,0.48333323,0.26644328,0.2694725,1.2437886,1.117944,1.0781187,1.078342,1.1229566,0.95018184,0.7704664,0.69251174,0.6678419,0.6679802,0.6956168,0.7750589,0.890581,0.8004733,0.7719575,0.7721172,7,0,0.2
rec06,1.8753542,2.140836,2.7679062,2.3496356,2.0078692,0.4305766,0.2677926,0.2734437,1.213787,1.116271,1.0963873,1.1018082,1.1723803,0.8936312,0.7484404,0.6883102,0.6760495,0.67939204,0.722908,0.82524544,0.8344399,0.7674003,0.75373095,0.7574576,6,0,0.2
rec06,1.9125456,2.2355697,3.34423,2.3368194,1.1447722,0.40421537,0.27054158,0.27609947,1.1960652,1.1217681,1.1139042,1.1302567,1.1094763,0.85613924,0.736172,0.6904423,0.6856022,0.695667,0.7552491,0.8828088,0.7904457,0.7413448,0.7361478,0.7469547,6,0,0.2
rec06,1.945443,2.3190424,2.3205996,2.440751,0.9198899,0.39790827,0.27406383,0.2747899,1.1907431,1.1331388,1.1308007,1.1599001,1.0556382,0.836849,0.7332135,0.6977428,0.69630307,0.71422136,0.7878982,0.86442995,0.7573787,0.7207391,0.71925193,0.73776084,6,0,0.2
rec06,1.9847229,2.4147654,2.3077583,2.8777926,0.7960476,0.39389938,0.2823233,0.27796954,1.1890045,1.147171,1.147121,1.1925019,1.0141219,0.8231861,0.73375463,0.7079386,0.70790774,0.73591304,0.82500774,0.8174414,0.72863394,0.70299774,0.7029671,1.7703872,6,0,0.2
rec06,2.0329285,2.5290751,2.2884648,3.0798085,0.71406305,0.3903943,0.289619,0.27900675,1.1898887,1.1627766,1.1648451,1.2287476,0.9806233,0.8134846,0.73712313,0.7203274,0.7216088,0.7611956,0.86786735,0.7761741,0.70331496,0.68728936,0.6885121,1.7830564,6,0,0.2
rec06,2.0912776,2.6660378,2.2703805,3.0665514,0.65539646,0.3872607,0.29612514,0.2823169,1.1933011,1.1777638,1.1852118,1.247381,0.9538299,0.8073592,0.74322975,0.73355234,0.738191,0.79039246,0.8741663,0.7399287,0.6811554,0.6722863,0.6765376,1.8018944,6,0,0.2
rec06,2.1613114,3.2851467,2.2533948,1.6744953,0.6110445,0.38440815,0.3019779,0.28652734,1.1991867,1.1920707,1.2083704,1.1873459,0.93273824,0.8045109,0.75202686,0.7475644,0.75778604,0.8239048,0.8210066,0.70813954,0.66194236,0.65801436,0.6670116,1.8273795,5,0,0.2
rec06,2.2302337,2.262346,2.233349,1.351387,0.5845845,0.38485166,0.3087815,0.2919594,1.2080611,1.2055862,1.2326185,1.1478577,0.920971,0.80666524,0.7638213,0.7622565,0.779348,0.8589907,0.77863425,0.68199456,0.6457722,0.64444923,0.65889937,1.8531598,5,0,0.2
rec06,2.2725558,2.225285,2.2984319,1.2382406,0.58061,0.39201212,0.3184431,0.29771817,1.2193161,1.2185651,1.2539301,1.1350576,0.922041,0.81512266,0.77799016,0.777511,0.80007577,0.8896127,0.748899,0.66205776,0.6318981,0.63150895,1.6788994,1.8667858,5,0,0.2
rec06,2.314648,2.2003708,2.4809604,1.1597457,0.5788478,0.3993204,0.32794014,0.30175987,1.2311233,1.231129,1.2753631,1.126831,0.92540497,0.82495147,0.79312116,0.7931249,0.82162154,0.87944204,0.7222377,0.64383835,0.618996,0.6189679,1.6772403,1.8804667,5,0,0.2
rec06,2.3612926,2.1846476,2.7085273,1.0953258,0.5768115,0.4059476,0.33688977,0.3090322,1.2431909,1.2439983,1.2975525,1.1202278,0.92966026,0.83552897,0.80900395,0.8095294,0.8443792,0.84031516,0.6973647,0.62675416,0.60685694,0.60706633,1.677147,1.8963748,5,0,0.2
rec06,2.4129457,2.1689484,2.9748602,1.0412524,0.57453346,0.4119533,0.34532878,0.3146246,0.37686303,1.257324,1.3205448,1.1151183,0.93477213,0.8468532,0.8252261,0.82683283,0.8684072,0.80423355,0.6741661,0.6107581,0.59516037,0.595986,1.6786537,1.9146405,5,0,0.2
rec06,2.470136,2.1440272,2.9583578,0.9950084,0.5720413,0.4173901,0.35329068,0.32257533,0.33731923,1.2711271,1.3443944,1.1113898,0.94071156,0.8589253,0.84175813,0.84506243,0.8937712,0.770934,0.6525402,0.5958078,0.58389944,0.58571446,1.6818022,1.9354116,5,0,0.2
rec06,2.5334773,2.1281695,2.9415176,0.9548263,0.5693552,0.4223024,0.3608043,0.33197492,0.3299273,1.2854277,1.3691553,1.1089444,0.94745344,0.87174904,0.8585659,0.8642487,0.9205421,0.7401852,0.63239497,0.5818647,0.5730654,1.5818055,1.6866418,1.9588556,5,0,0.2
rec06,3.189327,2.1123047,2.9245417,0.91943216,0.56649363,0.42673108,0.36789688,0.34106627,0.3388746,1.300251,1.394891,1.1076975,0.9549773,0.88533115,0.87569296,0.88442624,0.9449062,0.71178347,0.61364865,0.56889534,0.56270206,1.5762538,1.6932304,1.9851637,5,0,0.2
rec06,3.135753,2.0872602,2.907116,0.8878835,0.5634707,0.43071097,0.37459266,0.3498656,0.3474423,1.3156226,1.4216679,1.1075746,0.9632661,0.8996803,0.8930318,0.90563285,0.8968589,0.6855494,0.5962275,0.55687016,0.55275494,1.5722053,1.7016317,2.0145469,5,0,0.2
rec06,3.0851555,2.062439,2.8894954,0.8594671,0.5602981,0.43427315,0.38091335,0.35838774,0.35675582,1.3315693,1.4301968,1.1085101,0.9723057,0.91480774,0.9106421,0.9279099,0.8532358,0.6613218,0.58006424,0.5457617,0.543769,1.5696701,1.7119212,2.04725,5,0,0.2
rec06,3.03738,2.0461383,1.8416479,0.8336351,0.55698603,0.43744546,0.38687897,0.36664703,0.3657783,1.348123,1.4139001,1.1104482,0.9820862,0.9307276,0.9285224,0.95130384,0.81356883,0.63896024,0.56509966,0.53554755,1.5343423,1.5686666,1.724183,2.0835478,4,0,0.2
rec06,3.0010586,2.0263283,1.7386868,0.8244833,0.5591642,0.44280508,0.39368734,0.37484872,0.37433523,1.3622869,1.4139234,1.1196932,0.9954923,0.94785625,0.9465577,0.97366583,0.78524715,0.62184113,0.55286396,0.5279907,1.5257126,1.5658183,1.7299334,2.1052108,4,0,0.2
rec06,2.980735,2.0067902,1.7674721,0.8408289,0.5708585,0.45233607,0.40231544,0.3831951,0.3826955,1.3713014,1.4390644,1.140284,1.0141879,0.9659879,0.96472836,0.9926561,0.77168775,0.6114689,0.5438506,0.52204263,1.5173547,1.5576906,1.7216089,2.0961742,4,0,0.2
rec06,2.9616258,1.9879415,1.8060001,0.85915744,0.58330214,0.46219617,0.41108513,0.391548,0.39103746,1.3798851,1.4661796,1.1617696,1.0332977,0.9841895,0.9829062,1.0113603,0.75924397,0.6016087,0.535081,0.5158518,1.509013,1.5491267,1.7121444,2.0846505,4,0,0.2
rec06,2.942516,1.9690924,1.8445268,0.8774855,0.59574544,0.4720561,0.41985467,0.39990076,0.39937937,0.41094103,1.4932954,1.1832554,1.0524074,1.002391,1.0010841,1.0300643,0.7468006,0.59174883,0.52631146,0.51161325,1.5006708,1.5405632,1.7026793,2.0731258,4,0,0.2
rec06,2.9234061,1.9502436,1.8830541,0.8958139,0.6081889,0.48191604,0.42862427,0.4082536,0.4077213,0.41952443,1.5204105,1.204741,1.071517,1.0205925,1.0192618,1.0487683,0.7343571,0.5818889,0.51754177,0.50712174,1.4923292,1.5319996,1.6932144,2.061602,4,0,0.2
rec06,2.9042962,1.9313946,2.7626607,0.91414213,0.6206325,0.49177596,0.4373939,0.4166064,0.41606325,0.42810777,1.5475259,1.226227,1.090627,1.0387943,1.03744,1.0633214,0.7219137,0.572029,0.50877225,0.50630635,1.4839871,1.523436,1.6837499,2.0500782,4,0,0.2
rec06,2.885187,1.9048389,2.7444837,0.93246984,0.63307565,0.50163573,0.44616333,0.4249591,0.42440504,0.4366911,1.5594449,1.2477126,1.1097367,1.0569957,1.0556177,1.044993,0.7094702,0.5621691,0.5025788,0.52960205,1.475645,1.5148721,1.6742848,2.038554,4,0,0.2
rec06,2.866077,1.8860657,2.726305,0.9507985,0.64551914,0.51149565,0.45493293,0.43331188,0.43274692,0.44527435,1.56891,1.2691983,1.1288465,1.0751973,1.0737954,1.0266649,0.6970267,0.55230916,0.4992913,0.59147495,1.4673034,1.5063087,1.6648201,2.02703,4,0,0.2
rec06,2.8469675,1.8672931,2.7081282,0.9691264,0.65796256,0.5213556,0.46370247,0.4416647,0.44108886,0.45385784,1.5783747,1.290684,1.1479563,1.0933987,1.0919732,1.0083367,0.68458325,0.54244924,0.49971807,1.4608662,1.4589614,1.4977449,1.6553555,2.015506,4,0,0.2
rec06,2.827857,1.8485197,2.689949,0.98745424,0.67040586,0.53121537,0.47247195,0.45001745,0.4494307,0.46244118,1.5878396,1.3121699,1.1670661,1.1116004,1.1101512,0.9900084,0.6721398,0.5325893,0.4975748,1.4525135,1.4506197,1.4891815,1.6458907,2.0039818,4,0,0.2
rec06,2.8087475,1.829747,2.671772,1.005783,0.68284947,0.5410754,0.48124158,0.45837027,0.4577726,0.4710246,1.5973043,1.3336557,1.186176,1.1298021,1.128329,0.97168064,0.6596966,0.52272964,0.49986947,1.4441607,1.4422778,1.4806178,1.6364257,1.9924576,4,0,0.2
rec06,2.7896373,1.8109741,2.6535935,1.0241108,0.695293,0.5509354,0.49001125,0.46672308,0.4661146,0.47960806,1.606769,1.3551414,1.2052855,1.1480036,1.1465067,0.9533521,0.64725304,0.5128695,0.4995915,1.435808,1.4339358,1.472054,1.6269611,1.980934,4,0,0.2
rec06,2.770528,1.7922014,2.6354163,1.0424391,0.7077363,0.5607952,0.49878076,0.47507584,0.47445643,0.48819137,0.538324,1.3766271,1.2243955,1.1662053,1.1646847,0.93502396,0.63480973,0.50300974,0.50893265,1.4274552,1.4255941,1.4634906,1.6174963,1.9694098,4,0,0.2
rec06,2.751418,1.7734284,2.617238,1.0607672,0.72017974,0.57065505,0.5075503,0.4834286,0.4827983,0.49677476,0.54778874,1.3981128,1.2435052,1.1844069,1.1828624,0.9166959,0.6223662,0.506223,0.543888,1.4191021,1.4172517,1.4549267,1.608031,1.9578856,4,0,0.2
rec06,2.7323086,1.7480485,2.5990608,1.0790954,0.7326232,0.580515,0.51631993,0.49178144,0.49114025,0.5053581,0.5572535,1.4195986,1.2626151,1.2026083,1.2010403,0.89836764,0.6099228,0.50906026,0.57884336,1.4107494,1.4089102,1.4463632,1.5985664,1.9463619,4,0,0.2
rec06,2.713199,1.7293463,2.5808828,1.0974237,0.7450666,0.59037495,0.5250895,0.50013417,0.49948215,0.5139415,0.5667183,1.4410841,1.2817247,1.2208098,1.2192181,0.8800396,0.59747946,0.5154154,2.3445075,1.4023968,1.4005682,1.4377996,1.5891014,1.9348376,4,0,0.2
rec06,2.6940887,1.710644,2.5627048,1.1157515,0.7575099,0.6002347,0.533859,0.5084869,0.50782394,0.52252483,0.57618326,1.4625701,1.3008345,1.2390114,1.237396,0.8617113,0.5850359,0.5178926,2.379464,1.3940439,1.3922265,1.4292358,1.579637,1.9233136,4,0,0.2
rec06,2.6749787,1.691942,2.5445266,1.1340799,0.7699535,0.6100947,0.5426286,0.51683974,0.5161659,0.53110826,0.58564806,1.4840556,1.3199444,1.257213,1.2555739,0.8433831,0.5725925,0.52717024,2.41442,1.385691,1.3838843,1.420672,1.5701721,1.9117895,4,0,0.2
rec06,2.6558692,1.6732396,2.526349,1.1524082,0.78239685,0.6199546,0.55139816,0.5251926,0.5245078,0.5396917,0.5951129,1.5055417,1.3390543,1.2754147,1.2737517,0.8250551,0.5601492,0.53026277,2.4447947,1.3773384,1.3755426,1.4121087,1.5607071,1.9002653,4,0,0.2
rec06,2.6367595,1.6545376,2.508171,1.1707361,0.79484016,0.6298145,0.5601677,0.5335453,0.53284967,0.54827505,0.60457766,1.527027,1.3581638,1.293616,1.2919294,0.80672675,0.54770565,0.54140455,2.4360244,1.3689854,1.3672005,1.4035448,1.5512424,1.8887415,4,0,0.2
rec06,2.6176498,1.6301013,2.4899936,1.1890643,0.80728364,0.63967437,0.5689373,0.5418981,0.5411916,0.5568584,0.6140424,1.5485128,1.3772734,1.3118174,1.310107,0.7883986,0.5462376,0.56651646,2.4272554,1.3606327,1.3588585,1.3949811,1.5417776,1.8772174,4,0,0.2
rec06,2.5985403,1.6114647,2.4718158,1.2073927,0.8197272,0.6495343,0.5777069,0.5502509,0.5495334,0.5654417,0.62350726,1.5699986,1.3963834,1.3300194,1.3282852,0.7700705,0.55521744,0.5916285,2.4184854,1.3522799,1.3505168,1.3864176,1.5323126,1.8656931,4,0,0.2
rec06,2.57943,1.5928283,2.4536378,1.2257205,0.83217055,0.6593943,0.58647645,0.5586037,0.55787545,0.5740252,0.632972,1.5914847,1.4154934,1.3482211,1.3464632,0.75174254,0.5682371,0.6167405,1.4109852,1.3439271,1.3421751,1.3778541,1.5228479,1.8541694,4,0,0.2
rec06,2.5603206,1.5741915,2.43546,1.2440491,0.844614,0.6692542,0.59524596,0.56695646,0.5662173,0.5826086,0.64243674,1.6129699,1.434603,1.3664224,1.3646408,0.73341423,0.5726915,1.8852053,1.4022156,1.3355742,1.3338327,1.3692902,1.513383,1.8426455,4,0,0.2
rec06,2.5412104,1.5555545,2.4172819,1.2623769,0.8570572,0.679114,0.6040155,0.5753092,0.5745592,0.5911919,0.65190166,1.6344557,1.4537126,1.3846239,1.3828186,0.71508616,0.5845635,1.9103168,1.3934463,1.3272218,1.3254911,1.3607268,1.5039182,1.8311212,4,0,0.2
rec06,2.522101,1.5369182,2.3991039,1.2807051,0.86950076,0.6889739,0.6127851,0.58366203,0.58290106,0.5997753,0.66136634,1.6559416,1.4728225,1.4028257,1.4009966,0.69675773,0.5932605,1.9354291,1.3846767,1.3188689,1.3171493,1.3521631,1.4944533,1.8195972,4,0,0.2
rec07,2.142322,0.85403764,1.0428201,1.6418226,1.6514071,0.8309468,0.6339355,0.5357474,0.49257573,0.48583263,0.48866874,0.5225906,0.6056282,0.7704902,1.223145,2.1583471,1.32761,1.35351,1.8453772,1.5595528,1.433881,1.4142526,1.4225087,1.5212547,0,0,0.2
rec07,2.1840255,0.8334487,0.93736655,1.6282091,1.6329013,1.7304194,0.6713356,0.56049675,0.5104153,0.5004864,0.50192857,0.5319041,0.60973966,0.76413745,1.1741601,2.1719563,1.3337213,1.3517615,1.877372,1.5674138,1.4273626,1.3995966,1.4036297,1.4874555,8,0,0.2
rec07,2.2464063,0.8175091,0.83359665,1.6151441,1.6162103,1.6940613,0.71714884,0.58946663,0.53038836,0.5156229,0.51596326,0.54081666,0.61205196,0.7539364,1.118095,2.1850502,1.3918,1.3477905,2.5936868,1.582748,1.4241198,1.3844743,1.3853883,1.4521208,8,0,0.2
rec07,2.273057,0.81224835,0.7945338,1.5712059,1.6027657,1.670699,0.7534159,0.61413944,0.54913384,0.5311661,0.53124464,0.5537614,0.6227265,0.760705,1.1096112,2.1975524,1.435017,1.3527293,2.576358,1.5827059,1.415179,1.3688751,1.3690778,1.4271059,8,0,0.2
rec07,2.2552757,0.7979207,0.77528024,1.5049169,1.5904232,1.6578882,0.77564377,0.6322903,0.56538504,0.54690266,0.5469848,0.57018775,0.64122283,0.7833385,1.1427367,2.2098954,1.3731731,1.3656461,2.5910194,1.5644019,1.3988658,1.3531373,1.3533405,1.4107488,8,0,0.2
rec07,2.193702,0.7746613,0.75855595,1.569265,1.5788625,1.655081,0.78219527,0.6430274,0.57864624,0.5625878,0.5629651,0.5901419,0.667952,0.8229216,1.2207778,2.2224019,1.36619,1.3871187,1.8596159,1.528754,1.3756921,1.3375155,1.3384124,1.4030235,8,0,0.2
rec07,2.0963242,0.7440721,0.7581486,1.5649406,1.5696502,1.6641105,0.77415365,0.6467232,0.58921003,0.5779183,0.5796575,0.61454076,0.7048301,0.88392407,1.3602346,2.2351882,1.380221,2.376831,1.7710876,1.4795557,1.3479787,1.322146,1.3261251,1.4059302,8,0,0.2
rec07,1.975968,0.7221747,0.8313943,1.5514017,1.5662457,1.689498,0.7548385,0.6449194,0.59817654,0.5926501,0.5983201,0.6454036,0.75588024,0.9761059,2.2696438,2.2486746,1.3862162,2.4488373,1.6651763,1.4226944,1.3195795,1.3073881,1.3198977,1.4237642,8,0,0.2
rec07,1.8500516,0.70400745,0.989707,1.536987,1.5732875,1.7370147,0.73002064,0.6405864,0.60751015,0.60648704,0.6208108,0.6854166,0.8267019,1.1153157,2.2670014,1.5088744,1.3953375,2.5577195,1.5570879,1.3663303,1.2957804,1.2935982,1.3241503,2.300144,8,0,0.2
rec07,0.71218354,0.68497264,1.2806995,1.5227405,1.590317,0.8533532,0.7095239,0.6386319,0.61912006,0.61964136,0.6471397,0.732895,0.9145712,1.3035153,2.27862,1.4101298,2.3817446,1.7655329,1.4679595,1.3212883,1.2809194,1.2815477,1.3388909,2.097077,2,0,0.2
rec07,0.6682315,0.66352314,1.5050286,1.5146596,1.6124916,0.8156463,0.6964049,0.6404081,0.6305142,0.634549,0.6755343,0.7840359,1.0130353,2.3310783,2.2950647,1.4216512,2.4589388,1.6422933,1.4022022,1.2894536,1.2695323,1.2763131,1.3601806,1.9469359,7,0,0.2
rec07,0.6433388,0.7426934,1.4878765,1.5121126,1.6396327,0.78767556,0.68780214,0.6446199,0.6407698,0.6512073,0.7061249,0.83989626,1.1261188,2.3261702,1.628861,1.4378014,2.5481174,1.5480216,1.35174,1.2668732,1.2593067,1.277632,1.3877496,1.828994,7,0,0.2
rec07,0.6236858,0.91129214,1.4700084,1.5202191,1.6862803,0.75859267,0.67880416,0.6500708,0.64976263,0.6719564,0.74535745,0.9152366,1.2921375,2.331231,1.4553695,2.4097157,1.825023,1.4597208,1.3061877,1.2508972,1.2503045,1.2897723,2.1457167,0.6654432,7,0,0.2
rec07,0.6032653,1.2236233,1.4554832,1.5376261,1.7475001,0.73495585,0.6728308,0.6573442,0.65914017,0.69634026,0.7913853,1.0074213,1.5163801,2.3486636,1.4709837,2.4879942,1.6790646,1.3894755,1.2720244,1.242746,1.2461414,1.3120812,1.9611337,0.6165861,7,0,0.2
rec07,0.65457904,1.4325788,1.449297,1.5652092,0.83913916,0.71589017,0.6696606,0.66349244,0.6712354,0.72491974,0.8458265,1.1225133,2.389901,1.8828071,1.4880369,2.5871103,1.5641439,1.3344092,1.2482386,1.2367411,1.2511739,1.345554,1.8118259,0.58577543,6,0,0.2
rec07,0.7899188,1.4129932,1.4493171,1.5985156,0.80248,0.7022563,0.6694387,0.66803885,0.68521214,0.7557506,0.9053422,1.2564422,2.3921466,1.5055295,2.4485106,1.8655956,1.479973,1.2951351,1.2346115,1.2320299,1.2637017,2.139618,1.6973546,0.56921405,6,0,0.2
rec07,0.94894946,1.3932799,1.4493409,1.6256553,0.77925926,0.69446295,0.67137545,0.6713508,0.6983636,0.78332067,0.9592312,1.3853927,2.406976,1.5250276,2.5037324,1.7541541,1.4262314,1.2710336,1.228778,1.2287331,1.2781729,1.989063,0.5725203,0.5443186,6,0,0.2
rec07,1.1926748,1.375674,1.4524428,1.6568707,0.75947326,0.68818843,0.67358667,0.6747022,0.7123536,0.8126157,1.0182121,1.5373616,2.4267497,1.5436734,2.5664167,1.6644793,1.382873,1.2530755,1.2264879,1.2285191,1.2970759,1.8638538,0.5337207,0.52659243,6,0,0.2
rec07,1.3534245,1.3616568,1.4596204,1.6949759,0.74162084,0.6828626,0.674777,0.67888147,0.7277231,0.84506434,1.0859354,2.476012,2.3834734,1.5656224,2.6386738,1.5887444,1.3466601,1.2399647,1.2252827,1.2327355,2.3084216,1.7548971,0.51099324,0.5768349,5,0,0.2
rec07,1.3334247,1.3495102,1.4658564,1.7296944,0.7277604,0.67901784,0.6749501,0.68309236,0.7419843,0.87553316,1.1520178,2.4815586,1.6224647,1.5855638,1.9703314,1.5336891,1.3209649,1.2324917,1.2251086,1.2398874,2.1445363,1.6692878,0.48961082,0.6446831,6,1,0.19307387
rec07,1.3140783,1.3398956,1.4742384,1.7676792,0.71555096,0.67584544,0.6743225,0.6875708,0.75650907,0.9070891,1.2233064,2.4917102,1.6041359,1.617215,1.8735892,1.4885743,1.3007082,1.2285322,1.225764,1.2498463,2.0085778,0.5028087,0.47455943,0.7296712,6,1,0.18303962
rec07,1.295716,1.3369689,1.4955157,1.831773,0.7019255,0.6729322,0.67285645,0.69427884,0.77661103,0.95122725,1.327658,2.5046802,1.6227334,2.5841327,1.7710892,1.4403714,1.280219,1.2273391,1.2272009,1.266272,1.8699703,0.46442214,0.4589953,0.8766091,6,1,0.17266352
rec07,1.2802885,1.3388711,1.5237054,0.7635576,0.6897742,0.6705991,0.67151725,0.7022441,0.79919064,1.0017811,1.4546695,2.5216627,1.639004,2.6406574,1.6849153,1.3999342,1.2646568,1.2295005,1.2311838,2.2824016,1.7521169,0.44259974,0.49772096,1.1018001,5,1,0.19848064
rec07,1.2657369,1.3392749,1.5480496,0.742127,0.67949134,0.6670992,0.67028695,0.7092299,0.81978923,1.0501064,1.586203,2.5404747,1.6576078,2.7009184,1.622869,1.3716708,1.2559012,1.2329967,1.2388886,2.2520964,0.47339988,0.42854723,0.5538911,1.2597175,4,0,0.2
rec07,1.2496642,1.3311334,1.552625,0.728495,0.67193586,0.6626867,0.6677338,0.7112653,0.8296151,1.0765829,1.6671127,2.2089942,1.6797398,2.747554,1.5946968,1.36025,1.2546424,1.237372,1.246796,2.1379366,0.43843022,0.4170067,0.59707564,1.2402188,4,0,0.2
rec07,1.2310047,1.3132944,1.5350716,0.72132415,0.66643965,0.6579157,0.663396,0.70774233,0.82725954,1.0768455,1.6776352,2.1384196,1.696924,2.7747397,1.5933555,1.3619186,1.2582922,1.2421983,1.2525454,2.0874345,0.41146347,0.402228,0.61743426,1.2208357,5,0,0.2
rec07,1.2127755,1.296685,1.520226,0.71336484,0.66063803,0.65306646,0.6591913,0.70479953,0.8263029,1.0803504,1.6978517,2.0353649,1.7186253,2.804808,1.5892192,1.3623042,1.2616124,1.2471532,1.2588495,2.0312655,0.39036438,0.40352634,0.64225227,1.201507,5,0,0.2
rec07,1.1976818,1.2890637,1.5252595,0.70038706,0.6531645,0.6478605,0.6564103,0.70649374,0.8359449,1.108006,1.7904748,1.7365366,1.7406862,2.04919,1.5658926,1.3537269,1.262454,1.2522022,1.2687272,1.9344419,0.38179383,0.4255643,0.69691336,1.182082,5,0,0.2
rec07,1.1836951,1.2831874,1.5337629,0.6871427,0.6455382,0.64223325,0.6537158,0.70866203,0.8470468,1.1401724,2.6508315,1.7633357,1.7682816,1.9915591,1.543135,1.3458061,1.2643213,1.2578481,1.2803376,0.4161953,0.36958486,0.45128623,0.7642918,1.1629034,5,0,0.2
rec07,1.1705416,1.2782279,1.5439413,0.6740964,0.63789237,0.636107,0.6509332,0.71081716,0.85857934,1.1747979,2.6637852,1.7769443,2.7182424,1.9396077,1.5228502,1.3394858,1.2675453,1.2639977,2.2656543,0.37415916,0.36057168,0.48025072,0.8444606,1.1438805,5,0,0.2
rec07,1.1582162,1.2742143,1.5559299,0.6612241,0.63021636,0.6294667,0.64805657,0.71296084,0.8705892,1.212242,2.6783419,1.7992179,2.7541604,1.8927597,1.5048805,1.3347112,1.2721202,1.2706072,2.2862253,0.3522314,0.3742117,0.51290023,0.9408468,1.1249923,5,0,0.2
rec07,1.1467177,1.27118,1.5698832,0.6485042,0.6224996,0.62234175,0.6450803,0.715096,0.8831302,1.2529386,2.6945148,1.8170501,2.7922559,1.850517,1.4890862,1.3314358,1.278046,1.2777219,2.3091242,0.3487853,0.39405215,0.54976547,1.0582329,1.1062969,5,0,0.2
rec07,1.1360469,1.2691641,1.5859792,0.63591546,0.61473167,0.61500525,0.6419981,0.7172247,0.896262,1.29741,2.7123213,1.8392831,2.8326263,1.8124521,1.4753433,1.3296206,1.2853279,1.2858999,0.37410954,0.34264046,0.4159543,0.59148794,1.0877976,1.0882816,5,0,0.2
rec07,1.1262081,1.2682111,1.6044213,0.62343824,0.60664135,0.6075968,0.63880354,0.71935034,0.9100542,1.3462981,2.7306116,1.8568503,2.87538,1.7781917,1.4635419,1.32923,1.2934175,1.2954545,0.3404566,0.34789503,0.44012395,0.6388513,1.0695062,1.0711906,5,0,0.2
rec07,1.1172078,1.2683734,1.6254462,0.6110534,0.59807646,0.6001061,0.6354892,0.72147506,0.92458504,1.400395,2.7486906,1.8743415,2.9206355,1.7474122,1.4535843,1.3302363,1.3019862,1.3064046,0.34130415,0.36425388,0.46679878,0.69282275,1.0514352,1.0550035,5,0,0.2
rec07,1.1090574,1.26971,1.6493285,0.5987426,0.58904815,0.5925226,0.63204765,0.7236028,0.93994623,1.4606944,2.7665691,1.8963566,2.9685245,1.7198294,1.4453844,1.3326168,1.3110398,0.38357964,0.3402096,0.38203284,0.49625334,0.75460786,1.0336062,1.0397028,5,0,0.2
rec07,1.1017705,1.2722878,1.6666503,0.5864876,0.5795399,0.5848346,0.62846947,0.7257355,0.9562412,1.5284522,2.784133,1.9135877,2.2398045,1.6951959,1.4388661,1.3363533,1.3205225,0.34132966,0.34754795,0.40133673,0.52880806,0.8257312,1.015992,1.0252743,5,0,0.2
rec07,1.0953653,1.2761858,1.6378067,0.57427114,0.5695768,0.5770308,0.62474567,0.7278773,0.9735938,1.605293,2.4694645,1.9307399,2.1792853,1.6732934,1.4339621,1.3414332,1.3304676,0.34615684,0.36245087,0.42228344,0.5648375,0.9081465,0.9986378,1.0117068,5,0,0.2
rec07,1.0898621,1.28149,1.6101944,0.56207633,0.5591904,0.5690991,0.6208663,0.7300318,0.99214673,1.6933419,2.1342266,1.9525805,2.1249027,1.6539283,1.4306142,1.3478485,1.340928,0.35235864,0.3784614,0.4450053,0.6047825,0.9866631,0.98159707,0.9989907,5,0,0.2
rec07,1.0852889,1.2883033,1.5837392,0.54988605,0.54832107,0.56102675,0.61681974,0.7322023,1.012069,1.7954394,1.9694939,1.9801694,2.076005,1.6369328,1.4287711,1.355596,0.35791656,0.35985667,0.3956437,0.46965286,0.64916617,0.9675197,0.9647663,0.98712164,5,0,0.2
rec07,1.081675,1.2967407,1.558374,0.5376837,0.5370527,0.55280024,0.6125937,0.73439336,1.0335622,1.915476,1.9863329,2.9355924,2.0320337,1.6221553,1.4283884,1.3646772,0.3670434,0.3736522,0.4140681,0.49639568,0.69861174,0.9494045,0.94829005,0.97609603,5,0,0.2
rec07,1.079057,1.3069336,1.5340354,0.52545273,0.5253145,0.54440546,0.60817474,0.7366098,1.0568689,2.8688128,2.01136,2.9722893,1.9925127,1.609464,1.4294285,1.3750973,0.37629232,0.38832682,0.4338137,0.5254271,0.75386924,0.9322871,0.9320417,0.965914,5,0,0.2
rec07,1.0774758,1.3190341,1.5106678,0.5131763,0.513304,0.53582716,0.6035475,0.73885643,1.0822814,2.883946,2.0247192,3.0112393,1.9570274,1.5987422,1.43186,1.3868672,0.38719472,0.40391904,0.45496818,0.5569672,0.81584877,0.9161416,0.91636956,0.95657885,5,0,0.2
rec07,1.0769802,1.3332181,1.4882176,0.50062543,0.5012189,0.5270494,0.5986959,0.7411393,1.1101578,2.8995063,2.0413017,3.0525477,1.9252204,1.5898858,1.435657,0.39946723,0.39986435,0.42047146,0.47762987,0.59126866,0.88566536,0.9005635,0.90163106,0.948097,5,0,0.2
rec07,1.0776242,1.3496852,1.4666395,0.48818403,0.4890428,0.51805526,0.5936015,0.7434645,1.1409405,2.9148514,2.0578303,3.0963311,1.8967781,1.582802,1.4407983,0.41235766,0.41350034,0.4380312,0.50190777,0.62862134,0.9031492,0.8853553,0.8878086,0.94047767,5,0,0.2
rec07,1.0794722,1.3686726,1.4458863,0.47555622,0.47675803,0.5088257,0.5882436,0.74583936,1.1751838,2.9296362,2.0743098,2.4625723,1.8714294,1.5774117,1.447269,0.42568812,0.42787004,0.45664945,0.52792346,0.66935885,0.8835915,0.870426,0.8748877,0.93373436,5,0,0.2
rec07,1.0825955,1.3904507,1.4259195,0.46282026,0.46434718,0.49934137,0.58259964,0.7482722,1.21359,2.9443285,2.095937,2.3986833,1.8489342,1.5736419,1.4550573,0.43944207,0.44299906,0.47638458,0.55581486,0.7138706,0.8651733,0.8559287,0.8628568,0.92788357,5,0,0.2
rec07,1.0870761,1.4153383,1.4067024,0.45051616,0.45179194,0.48958072,0.57664424,0.7507724,1.2570637,2.9583707,2.1123369,2.3412988,1.8290843,1.5714319,0.45683905,0.45352933,0.45891482,0.4972993,0.5857355,0.762609,0.84785503,0.8417125,0.8517075,0.9229459,5,0,0.2
rec07,1.093008,1.443711,1.3882,0.4526358,0.43907332,0.47952044,0.57034874,0.7533514,1.3067917,2.9376624,2.128727,2.2897127,1.8116943,1.5707269,0.4700901,0.46800977,0.47564858,0.51946485,0.61785924,0.8161059,0.8316016,0.82792145,0.8414342,0.9189462,5,0,0.2
rec07,1.1004988,1.4489192,1.3703804,0.46207052,0.42617178,0.46913534,0.56368107,0.7560209,1.3643563,2.608508,2.15065,2.2433236,1.796601,1.5714793,0.4839542,0.4828325,0.4932331,0.5429573,0.65238047,0.8631693,0.81638104,0.8144888,0.83203375,0.9159132,5,0,0.2
rec07,1.1096716,1.4202785,1.3532163,0.46761706,0.41512647,0.45839804,0.556605,0.75879765,1.431929,2.3629158,2.166828,2.2016146,1.7836612,1.5736492,0.4984465,0.49801633,0.5117068,0.56786364,0.6895223,0.8419205,0.80216706,0.80147487,0.8235075,0.91388226,5,0,0.2
rec07,1.1206676,1.3927321,1.336681,0.47054815,0.404441,0.44727838,0.54907924,0.76169777,1.5125521,2.1733837,2.1835368,2.1641421,1.7727484,1.5772032,0.5135845,0.51352423,0.5311109,0.5942785,0.7295368,0.82201785,0.78893536,0.788851,0.8158586,0.9128927,5,0,0.2
rec07,1.1336491,1.3662163,1.3207408,0.47163165,0.3911585,0.43574327,0.54105693,0.76474345,1.6106454,2.194479,2.2122138,2.1305208,1.7637494,1.5821118,0.5293834,0.5295959,0.55149055,0.62230784,0.7727117,0.8034023,0.7766606,0.77678305,0.8090944,0.9129908,5,0,0.2
rec07,1.1488018,1.3406727,1.3045394,0.47135946,0.3817694,0.42375675,0.5324846,0.7679612,1.7328749,2.2110558,3.1876218,2.100417,1.756566,0.56062484,0.54551524,0.5463709,0.57289547,0.65206856,0.8193768,0.7860204,0.7648359,0.76565415,0.80322427,0.91422844,5,0,0.2
rec07,1.1663437,1.3160486,1.288144,1.2924505,0.36857632,0.41127867,0.5233006,0.7713822,1.8897822,2.2277293,3.2277749,2.073538,1.7511101,0.5741704,0.56199604,0.56387484,0.5953804,0.68369144,0.8446891,0.76982474,0.7535021,0.7554519,0.7982625,0.9166668,6,0,0.2
rec07,1.2008525,1.2900966,1.2713151,1.280213,0.35996765,0.40105167,0.5195833,0.7915534,3.0575407,2.2397273,3.2824,2.0337396,1.7395614,0.58728373,0.5787339,0.58278453,0.6212955,0.7224079,0.81819165,0.7535297,0.74255985,0.7469329,0.79716957,0.92690426,6,0,0.2
rec07,1.2685947,1.2631395,1.2541248,0.42653203,0.35022223,0.3952268,0.5267532,0.84810877,3.067769,2.2573154,2.5824287,1.9762857,1.7200063,0.60021985,0.5959363,0.604569,0.65369296,0.77453166,0.7892746,0.7376207,0.73235655,0.7417706,0.80333495,0.95183605,5,0,0.2
rec07,1.3102273,1.2398859,1.2364315,0.40787497,0.3388756,0.38703972,0.5302934,0.90544,3.0770915,2.2640018,2.4724383,1.9366858,1.7099653,0.61533946,0.6136251,0.627963,0.6876998,0.82924366,0.7661784,0.72504514,0.72302514,0.738396,0.8103061,0.977085,5,0,0.2
rec07,1.278991,1.2197049,1.2184044,0.40429005,0.327082,0.3723292,0.51989347,0.9270189,2.8592837,2.2799938,2.4219074,1.9231781,1.7128608,0.63235193,0.6316776,0.65066963,0.7184387,0.8420145,0.7499324,0.71517015,0.71440756,0.734161,0.8125319,0.99117905,5,0,0.2
rec07,1.2497895,1.2003578,1.2001313,1.2446926,0.3177532,0.35606086,0.5066707,0.9461051,2.6380417,2.2940419,2.3814707,1.9141157,0.67684674,0.65007603,0.6499533,0.6740864,0.7501213,0.8193362,0.7355053,0.7064145,0.7062811,0.7305899,0.8151297,1.0055633,5,0,0.2
rec07,1.2216656,1.1816467,1.1822492,1.234841,0.31012213,0.3388536,0.49209362,0.9690753,2.4605248,2.30154,2.3450577,1.9068555,0.691071,0.6684331,0.668774,0.6985241,0.7835384,0.798449,0.7222941,0.6986335,0.6989896,0.7279748,0.8189391,1.0221449,5,0,0.2
rec07,1.1945585,1.1629653,1.1649537,1.225481,0.3007701,0.32060355,0.47593328,0.997352,2.3153443,2.3273659,2.312315,1.9013106,0.7057709,0.68710494,0.6882798,0.72404057,0.8188203,0.779246,0.7102548,0.69147015,0.6926525,0.7263328,0.82402277,1.0411339,5,0,0.2
rec07,1.1684121,1.144167,1.1482238,1.216612,0.29144245,0.3011904,0.4579047,1.0331393,2.3336518,2.3556933,2.282929,1.8974009,0.7209568,0.70599663,0.7084997,0.75069815,0.85611165,0.7616325,0.6993484,0.68483657,0.68726474,0.72568613,0.8304524,1.0627741,5,0,0.2
rec07,1.1431735,1.1250739,1.1320384,1.2082347,0.2896356,0.28336206,0.43765113,1.0800658,2.3509755,3.352212,2.256631,1.8950595,0.73664135,0.7249783,0.72946614,0.7785657,0.887766,0.7455225,0.68954057,0.6786233,0.68282413,0.7260603,0.8383093,1.0873488,5,0,0.2
rec07,1.1187953,1.1058966,1.1163806,1.2003527,0.29073653,0.27640563,0.41471848,1.1445341,2.3527832,3.3942566,2.233181,1.8942251,0.75283796,0.7441585,0.7512132,0.8077181,0.86161816,0.73084015,0.6808011,0.67295206,0.6793317,0.727485,0.84768665,1.1151896,4,0,0.2
rec07,1.096359,1.0866685,1.0998541,1.1887944,0.29313335,0.26946634,0.38060912,1.1573719,2.3735013,3.4270067,2.2256362,1.9007493,0.7703429,0.7635341,0.77279866,0.8352915,0.8427494,0.7197292,0.6737685,0.6678133,0.6759163,0.72747624,0.8532821,1.1342759,4,0,0.2
rec07,1.0765457,1.067264,1.0805432,1.1685251,0.29895929,0.26587233,0.32812762,1.0083728,2.3803072,3.4351616,2.2469885,1.9202524,0.7897077,0.7828989,0.79264003,0.8571798,0.83535504,0.7138855,0.6686195,0.66285473,0.6711022,0.72265285,0.848179,1.1286662,4,0,0.2
rec07,1.05699,1.0478768,1.0609149,1.1472987,0.30515954,0.26327634,0.27383935,0.84153956,2.385541,3.4405482,2.271421,1.9411318,0.80926347,0.80228615,0.8122684,0.8784065,0.82915497,0.70858693,0.663657,0.65793496,0.6661213,0.71728927,0.8418835,1.1202888,4,0,0.2
rec07,1.0374339,1.0284892,1.041286,1.1260715,1.3160392,0.26608422,0.2601497,0.67470527,2.4001603,3.4459345,2.2958539,1.9620119,0.8288195,0.82167345,0.83189696,0.8996332,0.8229552,0.7032887,0.65869457,0.6530154,0.6611404,0.7119258,0.835589,1.1076686,7,0,0.2
rec07,1.0168241,1.0090401,1.022984,1.1088349,1.2995774,0.2704978,0.2599156,0.5451596,2.4099936,3.4637797,2.3061988,1.9766288,0.8475088,0.84102076,0.85264283,0.9241983,0.81182486,0.6958099,0.6530845,0.6480849,0.65704066,0.7090795,0.8346907,1.0833458,7,0,0.2
rec07,0.99415123,0.98958963,1.0083436,1.1018878,1.304563,0.2725992,0.25980484,0.49151844,2.4253342,2.9222326,2.283406,1.9767398,0.8644517,0.8604852,0.8767924,0.95813257,0.7897169,0.68365633,0.64642966,0.64346355,0.6556579,0.71312827,0.84826976,1.0514026,7,0,0.2
rec07,0.9710983,0.9699797,0.99887496,1.1072997,1.3351729,0.27244952,0.26135713,0.6110427,2.4312088,2.7941763,2.233916,1.9660293,0.8810943,0.8800794,0.90629655,0.95038795,0.75982577,0.668709,0.64022285,0.6394853,0.65853536,0.7261718,0.8802492,1.0143063,7,0,0.2
rec07,0.9502023,0.9507833,0.9974418,1.1295156,1.4010886,0.2705139,0.26347828,3.1655152,2.4550302,2.633223,2.168027,0.9239484,0.8998716,0.90042186,0.94460887,0.8822697,0.7264042,0.6536033,0.6365712,0.6369605,0.6682185,0.75204474,0.93863446,0.97562563,7,0,0.2
rec07,0.93026334,0.93630403,1.0047703,1.1683179,1.5041908,0.26797625,0.26495862,2.604848,2.446459,2.4816756,2.1064363,0.93029374,0.91981804,0.92579097,0.9934884,0.82092625,0.6967989,0.64231396,0.635081,0.6392049,0.68594605,0.79179823,1.0206672,0.94085807,7,0,0.2
rec07,0.91026694,0.92734843,1.0189463,1.2196745,1.6404613,0.26556706,0.2648878,2.4573338,2.980239,2.3629475,2.0616999,0.9422287,0.9398189,0.95745486,0.9757951,0.7736802,0.6750454,0.6367827,0.63515407,0.6470729,0.7109866,0.8437862,0.96743685,0.9126011,7,0,0.2
rec07,0.89053977,0.92400825,1.040931,1.2869947,1.8248338,0.26324928,0.2633079,2.463281,2.766245,2.2703204,0.9949911,0.95975643,0.95997024,0.996048,0.89883244,0.73769224,0.66017646,0.6367983,0.6369402,0.6608777,0.7445043,0.9113094,0.92302763,0.89034146,7,0,0.2
rec07,0.875013,0.9265632,1.0721108,1.3753381,2.0832295,0.2600478,0.26136827,2.4646027,2.5989814,2.1990566,0.9971298,0.97948873,0.9844625,1.0424607,0.8402623,0.71096474,0.6515181,0.6399915,0.6432413,0.68113697,0.7881323,0.96713835,0.88627195,0.8705922,7,0,0.2
rec07,0.86500907,0.93551123,1.1144658,1.4924582,2.4647436,0.25530568,0.25946298,2.4789023,2.4673903,2.1457887,1.0049672,0.9989022,1.0151678,1.0316491,0.79581296,0.69208604,0.6486339,0.64471936,0.6552177,0.70862085,0.8441735,0.9136823,0.85631734,0.8511494,7,0,0.2
rec07,0.8605893,0.95162046,1.1708488,1.6507938,3.0748446,0.24983102,0.25756907,2.9490438,2.3639128,2.1081197,1.0183992,1.0179092,1.052684,0.95133764,0.76257914,0.6800624,0.65128666,0.65097326,0.67321247,0.74442315,0.9159187,0.8693458,0.8325609,0.83216023,7,0,0.2
rec07,0.86199796,0.9760119,1.2454499,1.8715447,0.7707498,0.2443529,0.25566292,2.754201,2.2832522,1.0607754,1.0363547,1.0391763,1.0978571,0.8908738,0.73854077,0.6742117,0.6586903,0.6604837,0.69778013,0.79007334,0.9123516,0.83288294,0.81370854,0.81592405,6,0,0.2
rec07,0.8667835,1.0043005,1.3307667,2.1516602,0.45959088,0.2392146,0.25289655,2.6161134,2.2287524,1.0651876,1.0541563,1.0652765,1.1174706,0.8504935,0.72456324,0.67480314,0.6678148,0.6748595,0.72727716,0.842661,0.8635487,0.80424374,0.79591507,0.8043111,6,0,0.2
rec07,0.8697074,1.0270016,1.406306,2.4412918,0.4158361,0.23315072,0.2478787,2.5333774,2.2003906,1.0756469,1.071307,1.0928637,1.0591617,0.8293265,0.72032,0.68081826,0.67807126,0.6917153,0.7572785,0.894239,0.8272618,0.7818953,0.7787405,0.7944101,6,0,0.2
rec07,0.8751548,1.053995,1.4961426,2.8338265,0.3944913,0.2295334,0.24203342,2.466158,2.180099,1.0886567,1.0878918,1.1231763,1.0143018,0.8141013,0.71967065,0.68972427,0.68923986,0.71159434,0.7914351,0.9002188,0.79579896,0.7626845,0.76214886,0.7868681,6,0,0.2
rec07,0.88412994,1.0877651,1.6092476,3.0988522,0.37977025,0.22525646,0.23550537,2.4090822,2.1657019,1.1038847,1.1045218,1.1568048,0.97807175,0.8029876,0.7218648,0.7012706,0.7016753,0.7348895,0.83092326,0.854405,0.76808774,0.74617493,0.7466056,0.78194654,6,0,0.2
rec07,0.8970332,1.1296787,1.753997,1.7762992,0.36849862,0.22119114,0.22818984,0.28737086,2.156875,1.1192036,1.12342,1.1940892,0.9489981,0.7955597,0.7267939,0.71410745,0.7167977,0.76188797,0.87649846,0.814198,0.74382126,0.73083746,0.7335909,0.7797377,6,0,0.2
rec07,0.91437835,1.1815596,1.9434378,1.122433,0.35923997,0.21953546,0.21995619,0.28422725,1.144213,1.1338345,1.1448895,1.193886,0.925964,0.7914871,0.7343938,0.7277324,0.7348273,0.7929476,0.9112864,0.7789408,0.7227524,0.7161967,0.7231794,0.7803784,6,0,0.2
rec07,0.9368258,1.2458855,2.1990397,0.8637649,0.3512486,0.22719288,0.21665932,0.28013143,1.1516496,1.1477386,1.1690942,1.1413493,0.9081089,0.7905132,0.7446369,0.7421082,0.7559165,0.82850987,0.85938823,0.7481015,0.7046865,0.7022934,0.7153606,0.7840593,5,0,0.2
rec08,0.3002592,0.35359654,0.48185608,0.82739055,1.9695295,1.484243,1.2433888,2.5806632,1.7365264,1.6379595,1.6302017,1.6605045,1.8138381,1.1442714,1.1252142,1.8393061,1.8305949,0.6356052,0.4254032,0.33183447,0.28746137,0.2711446,0.2698604,0.27487665,8,1,0.046573587
rec08,0.308953,0.37506413,0.5405204,1.0656785,1.9668837,1.2794757,1.246027,1.9064503,1.696347,1.634329,1.6340829,1.6961625,2.6410975,1.1387427,1.2886385,1.8334739,1.8331978,0.5366768,0.3831664,0.31028718,0.27609146,0.2659977,0.26595762,0.2760615,8,1,0.043971743
rec08,0.32112598,0.40353596,0.6236555,1.9641196,1.9707518,1.2449006,2.4028478,1.8285273,1.668128,1.6375418,1.6430712,1.7441171,2.4498603,1.1360831,1.5146909,1.8359488,0.82281953,0.4659187,0.35026607,0.2931072,0.2673957,0.26249266,0.263379,0.27957636,8,1,0.04225267
rec08,0.3374112,0.4413611,0.74740005,1.9612375,1.6270506,1.2399571,2.5511224,1.7674685,1.6509504,1.6406623,1.6624255,1.8061084,1.1736586,1.1384894,1.8458827,1.8388742,0.65879494,0.41329876,0.32426882,0.2794416,0.2610197,0.2593932,0.2628339,0.2855505,8,1,0.041889258
rec08,0.35873717,0.49229467,0.9467499,1.9581224,1.3809824,1.2430261,1.9441913,1.7209053,1.6442975,1.6434714,1.6928132,1.8845607,1.1487622,1.2346203,1.8428878,1.8419617,0.5506558,0.3730197,0.30351716,0.26865885,0.25669926,0.25657028,0.26427314,0.29420775,8,1,0.042848755
rec08,0.38650325,0.56272036,1.954748,1.9592302,1.2383773,1.2704798,1.8593229,1.687166,1.6460918,1.6498663,1.7352923,2.4815435,1.1517961,1.4315513,1.845352,0.85248846,0.47454858,0.34151134,0.28685558,0.26029524,0.25395828,0.25438514,0.26771995,0.30590817,7,1,0.045146633
rec08,0.42219287,0.6623963,1.9509948,1.7429143,1.2364842,2.4893343,1.793536,1.6653863,1.6485449,1.6663868,1.7904285,1.1954272,1.1556923,1.7079947,1.8491113,0.6759394,0.41920567,0.31678897,0.27362898,0.25407794,0.25150856,0.25387904,0.27315474,0.32090726,7,1,0.04876982
rec08,0.46942157,0.8145351,1.9468719,1.4665931,1.2399849,2.6573439,1.7428235,1.654217,1.6509494,1.6935517,1.8605279,1.15952,1.2259716,1.8571242,1.8534559,0.5615553,0.37706977,0.29695368,0.26308274,0.2497074,0.24921416,0.25509045,0.2808503,0.34015983,7,1,0.053900193
rec08,0.533853,1.941912,1.9435748,1.273606,1.2334566,1.8799918,1.7050934,1.6530176,1.6544331,1.7322292,2.5889866,1.1625694,1.4111453,1.8581918,0.88146895,0.48182043,0.34418818,0.28095403,0.2548165,0.24703403,0.24724557,0.25809938,0.29118243,0.36493173,6,1,0.060788285
rec08,0.6144281,1.9362962,1.8846866,1.2274659,1.2813058,1.8171182,1.6812625,1.6550287,1.6655105,1.7782545,2.4355805,1.1705886,1.642457,1.8638194,0.7050444,0.42819875,0.3201962,0.26902658,0.24891295,0.24502897,0.24658082,0.26228487,0.30296862,0.3932391,8,1,0.06864574
rec08,0.722834,1.9298098,1.6036398,1.2301455,2.514298,1.7693666,1.6669066,1.6568729,1.6838658,1.8326119,1.2028418,1.1769198,1.8816521,1.8703259,0.59375083,0.3885503,0.30148128,0.25970703,0.24466795,0.2431952,0.24715719,0.26777464,0.31685257,0.42718613,8,1,0.077901706
rec08,0.9281746,1.9225237,1.3688594,1.2245095,2.6922357,1.7249987,1.6591537,1.6585822,1.7156638,1.9124078,1.1880405,1.3115358,1.8786483,1.8780011,0.5024351,0.35224232,0.2839032,0.25135761,0.24176304,0.24167973,0.24999736,0.27713466,0.33844006,0.48139492,8,1,0.09229337
rec08,1.9134648,1.9175404,1.2129396,1.2289776,1.8637528,1.6928296,1.6595075,1.6630422,1.7596976,2.5426922,1.1941803,1.5291488,1.8866738,0.78264165,0.43778542,0.32420695,0.27016827,0.2453914,0.24056105,0.24107343,0.25508454,0.28981027,0.36682567,0.55780077,8,1,0.11121711
rec08,1.9028242,1.7255903,1.2056005,2.449651,1.7966126,1.6717285,1.6599762,1.6776304,1.8172145,2.3919892,1.197424,1.8444687,1.8973485,0.6278401,0.39073136,0.30270657,0.25987363,0.24180962,0.24010967,0.24266326,0.2628536,0.30671313,0.4046567,0.6710926,8,1,0.13643779
rec08,1.889824,1.4491417,1.1893842,2.610374,1.7439528,1.6607087,1.659508,1.7024897,1.8900095,1.2112763,1.2509778,1.9117815,1.9103998,0.5287267,0.3561304,0.286654,0.25284657,0.2407774,0.24060333,0.24683504,0.27402255,0.32931104,0.45642528,0.8531354,8,1,0.17095017
rec08,1.8769251,1.2530575,1.1779733,1.8834239,1.7034322,1.6575953,1.6602389,1.7379509,2.630173,1.2233531,1.4371556,1.9262158,0.8481894,0.46207902,0.33109823,0.27551594,0.2491859,0.24248068,0.2428674,0.25423542,0.28971356,0.35991937,0.52996653,1.8739363,8,0,0.2
rec08,1.8083575,1.1613897,1.2081969,1.8070292,1.673258,1.6539799,1.6693821,1.7846748,2.4794717,1.2399822,1.6981292,1.9451293,0.6810484,0.41655573,0.31389788,0.26903737,0.24912097,0.2462508,0.24854392,0.26570916,0.3114659,0.4020128,0.6395348,1.8553326,8,0,0.2
rec08,1.4908361,1.1455622,2.4840677,1.7452556,1.6527308,1.6484022,1.6878304,1.8444864,1.2798492,1.2559544,1.9693694,1.964212,0.5786889,0.38500735,0.3026764,0.2664584,0.2523321,0.25167122,0.25769094,0.28160846,0.34051773,0.45978898,0.8117703,1.8359348,7,0,0.2
rec08,1.271592,1.1268228,2.657554,1.6967068,1.6414578,1.6423151,1.715743,1.918453,1.2678393,1.3610266,1.9829751,0.9358282,0.5127261,0.36364403,0.29637593,0.26733294,0.25862792,0.258763,0.27033228,0.30227116,0.37822977,0.5390246,1.8171959,1.8181448,7,0,0.2
rec08,1.1093489,1.1066589,1.7979869,1.6590617,1.6330283,1.6432105,1.7542452,2.618664,1.274085,1.5800799,2.001093,0.7609683,0.46798238,0.34944212,0.29400572,0.27128845,0.2670315,0.26869652,0.28685278,0.32871366,0.4276498,0.65212035,1.7990258,1.8038704,7,0,0.2
rec08,1.0860872,2.3316443,1.7299896,1.6311761,1.6232378,1.6529499,1.8048396,2.4845853,1.2828312,1.9029522,2.0185416,0.6539984,0.43714994,0.34075603,0.29504526,0.2781928,0.27683896,0.2819062,0.3078106,0.3623066,0.49328724,0.8223532,1.781612,1.4722272,6,0,0.2
rec08,1.0611697,2.4665937,1.6778706,1.6126497,1.6121173,1.6691273,1.8626559,1.3317051,1.2917138,2.0358388,2.0351665,0.5906138,0.41887662,0.33783853,0.29971424,0.2880638,0.28796867,0.29815227,0.3327218,0.4024364,0.575905,1.7655867,1.7650034,1.2553375,6,0,0.2
rec08,1.0461801,2.5872242,1.6415981,1.5998622,1.6016988,1.6838721,1.9122854,1.3081452,1.3281162,2.0509508,1.0479487,0.5612572,0.41326526,0.34117407,0.30800307,0.3001721,0.30051664,0.3159343,0.35878995,0.44400224,0.66461116,1.7491182,1.7511257,1.1215781,6,0,0.2
rec08,1.0336351,1.7563132,1.6110321,1.5868106,1.5948181,1.7017053,1.9667758,1.3080459,1.4512476,2.0661035,0.93168664,0.54161614,0.41142014,0.34667978,0.3180027,0.31322122,0.3148018,0.33590034,0.38822266,0.49204558,0.77465254,1.7339604,1.7427106,1.0222409,6,0,0.2
rec08,1.0577077,1.70111,1.5846237,1.5729983,1.5914792,1.7241942,2.6196625,1.3173385,1.6098373,2.0805717,0.8494358,0.52731395,0.41178998,0.35368544,0.32946622,0.32704914,0.33089158,0.35848495,0.4221135,0.54934794,1.7322309,1.7195226,1.4881679,1.0028037,8,0,0.2
rec08,2.31974,1.6475216,1.5613196,1.5584254,1.5943645,1.7588907,2.525252,1.3216078,1.8671696,2.09427,0.7767106,0.512739,0.41193435,0.36116117,0.34226438,0.3416299,0.34950837,0.385575,0.46457607,0.62577415,1.7090085,1.7058406,1.2695386,0.9926794,8,0,0.2
rec08,2.4874904,1.5936471,1.5429741,1.5439636,1.6103443,1.8207179,2.4214811,1.3242751,2.1069663,2.1083174,0.7027997,0.4945408,0.41037905,0.36880356,0.3570768,0.35730577,0.37266758,0.42135248,0.5246035,0.74484235,1.6931353,1.6937089,1.0686309,0.96142995,8,0,0.2
rec08,1.6836342,1.5496721,1.5265732,1.5369004,1.6375666,1.9027094,1.3437428,1.334353,2.1184096,1.0869232,0.6491943,0.48188803,0.41189393,0.37912068,0.37346968,0.37599623,0.40062347,0.4654894,0.6024326,1.7071218,1.6816761,1.5324408,0.9469733,0.97424996,8,0,0.2
rec08,1.6099107,1.5158521,1.5093226,1.5387808,1.6764258,2.586177,1.3348191,1.5273122,2.1285238,0.93575263,0.61164904,0.4747383,0.41676787,0.3924183,0.390728,0.398354,0.43398708,0.519549,0.70369655,1.6788085,1.6715767,1.2197106,0.9286469,2.2226884,8,0,0.2
rec08,1.5496976,1.4914358,1.4914544,1.5499734,1.7287381,2.4685001,1.3431325,1.9112344,2.137421,0.8361464,0.5853729,0.47209412,0.4247394,0.40877104,0.4087761,0.42481497,0.4738103,0.58644485,0.8392764,1.6630197,1.6630402,1.005016,0.9086873,2.3858576,8,0,0.2
rec08,1.5012271,1.4726713,1.4791712,1.5711845,1.7970736,2.3747597,1.3330251,2.144452,1.2944729,0.76731294,0.56740505,0.47328505,0.43567246,0.4273852,0.42927152,0.45597485,0.5215301,0.6704697,1.687765,1.6556606,1.4315463,0.8932606,0.9220865,1.6308317,8,0,0.2
rec08,1.4632324,1.4535286,1.4757396,1.6035203,1.8850739,1.337818,1.3301785,2.1501985,1.1038463,0.71841127,0.5558364,0.4778685,0.44953766,0.44655645,0.45338017,0.49263728,0.5791365,0.77819455,1.6609869,1.6499715,1.1209698,0.8793452,2.1398394,1.555448,7,0,0.2
rec08,1.4349084,1.434011,1.4809382,1.647458,2.541234,1.3333848,1.6274422,2.1544318,0.9807566,0.6841471,0.5498167,0.48574007,0.4664206,0.4661289,0.48138267,0.53551036,0.64867073,1.7150931,1.646878,1.6458482,0.91302395,0.8666883,2.2903838,1.4943436,7,0,0.2
rec08,1.4141376,1.4164511,1.4953555,1.7056391,2.4324203,1.3340123,2.1569808,2.1605093,0.8952007,0.65967035,0.54799247,0.496507,0.48593965,0.48673457,0.5138484,0.58610815,0.7342867,1.6789066,1.6431737,1.3813115,0.85742575,0.8905376,1.5947183,1.4448898,7,0,0.2
rec08,1.394164,1.4071231,1.5199213,1.7812968,2.3449333,1.3193287,2.1580322,1.3537409,0.8333917,0.64248085,0.5497244,0.5100906,0.50590914,0.5106117,0.55154353,0.64639044,0.84188986,1.6556854,1.642113,1.0546236,0.844776,2.0821278,1.5149084,1.405687,7,0,0.2
rec08,1.3741685,1.4063673,1.5559344,2.5889153,1.326242,1.3149531,2.1575143,1.1809113,0.7878345,0.631055,0.55465657,0.5265458,0.5258998,0.5382226,0.5954625,0.7190172,1.7324433,1.6446406,1.6426231,0.84011656,0.8408154,2.2257845,1.4493096,1.3758562,6,0,0.2
rec08,1.3551584,1.4111737,1.5971587,2.4768345,1.3059101,1.5791593,2.156864,1.0758238,0.75979716,0.6271695,0.5637215,0.54581493,0.5461484,0.56872326,0.643678,0.8008248,1.6987046,1.6447453,1.3301387,0.8264348,1.9396437,2.388416,1.3987625,1.354331,6,0,0.2
rec08,1.3400137,1.4150993,1.6314157,2.4029825,1.2966164,1.9525746,2.1609135,1.0223281,0.74912864,0.63143116,0.57687247,0.56550735,0.5678227,0.5996399,0.6913028,0.88224643,1.681131,1.6480107,1.051874,0.8228157,2.0146055,1.4901241,1.36137,1.3345495,6,0,0.2
rec08,1.328541,1.422616,1.6713592,2.3404362,1.2879444,2.1477664,2.1697605,0.98157656,0.74224114,0.63751584,0.5913492,0.5850342,0.5910252,0.6328759,0.74353397,1.800687,1.6702875,1.6524503,0.85785407,0.8247163,2.1001382,1.4330456,1.3292696,1.3150742,6,0,0.2
rec08,1.3208308,1.4347403,1.7198528,2.2858639,1.2793119,2.142297,2.1837072,0.94831413,0.7375393,0.6447674,0.60695654,0.6042718,0.6159523,0.6690725,0.802031,1.7689136,1.6651798,1.6550117,0.8166207,0.839051,2.2003644,1.382621,1.3015407,1.2957836,6,0,0.2
rec08,1.3169417,1.4518745,2.51816,2.2384858,1.2701415,2.135884,1.3477298,0.92100716,0.73475754,0.65315294,0.62375826,0.62321544,0.64279026,0.7086501,0.8680116,1.7441665,1.6656711,1.2037796,0.81539804,1.8923643,2.3179197,1.3381728,1.2779493,1.2768371,6,0,0.2
rec08,1.3169897,1.4745342,2.4332497,1.2683928,1.2565631,2.129967,1.2629122,0.8985317,0.7336915,0.6626578,0.641799,0.6422435,0.6717577,0.7521166,0.94303435,1.7259444,1.6716158,0.9203678,0.81579506,1.9589467,1.4384117,1.2991492,1.2582552,1.2591267,5,0,0.2
rec08,1.3182603,1.4972306,2.3655338,1.2462748,1.3001094,2.1275814,1.2053231,0.88476056,0.7363607,0.6741205,0.6599834,0.66228914,0.7015854,0.79683423,1.8743912,1.7159605,1.6799748,0.8164373,0.8291028,2.028326,1.3836017,1.2666541,1.2400912,1.2444237,5,0,0.2
rec08,1.31362,1.5059217,2.3230155,1.2322406,1.4242461,2.1245365,1.1857711,0.88606167,0.74584585,0.6884541,0.6777973,0.6821206,0.728464,0.83510435,1.8586037,1.715587,1.689031,0.82191455,0.84798634,2.0810308,1.344964,1.241471,1.2222543,1.2300502,5,0,0.2
rec08,1.3086857,1.5133156,2.285788,1.2208142,1.5728887,2.1219153,1.1728246,0.88971317,0.7563368,0.70325404,0.69535565,0.7021135,0.75538355,0.8734976,1.8475605,1.7178907,1.6985965,0.82443005,1.8452313,2.1337574,1.3103368,1.2183723,1.2046884,1.2163966,5,0,0.2
rec08,1.30483,1.5223974,2.2504432,1.2089057,1.79945,2.1202705,1.1611254,0.89349073,0.76683176,0.7181584,0.71266127,0.7224757,0.7831492,0.91373175,1.8385056,1.7218096,1.3587102,0.83129984,1.8776275,2.1907036,1.2776425,1.1965468,1.187388,1.20374,5,0,0.2
rec08,1.3020852,1.5332874,2.2168744,1.1933132,2.0810053,2.1196136,1.150536,0.89739245,0.77734506,0.7331871,0.72970253,0.7432405,0.8118304,0.95598143,1.8313637,1.7273316,1.0399922,0.83771753,1.9126089,2.2522178,1.246774,1.17595,1.1703614,1.1920747,5,0,0.2
rec08,1.3004903,1.5461222,2.1849842,1.1808459,2.070059,2.1199584,1.1409378,0.9014161,0.7878903,0.74835944,0.7464487,0.76444215,0.84150165,1.0004414,1.8260692,1.7344501,0.8453307,0.85001016,1.9503229,1.3930833,1.217636,1.1565446,1.1535918,1.1813993,5,0,0.2
rec08,1.3000876,1.5610558,2.1546814,1.1679763,2.0587325,2.1213193,1.1322289,0.90555996,0.7984802,0.763695,0.76292366,0.78611696,0.87224394,1.0473305,1.8225622,1.7431635,0.85299313,0.86694884,1.9909303,1.349745,1.1901414,1.1382943,1.1371447,1.1717143,5,0,0.2
rec08,1.3009288,1.5782669,2.1258879,1.1547344,2.0469165,2.1237202,1.1243248,0.9098249,0.8091291,0.7792143,0.7790721,0.80830413,0.90414715,1.0968976,1.820795,1.7534776,0.8618738,1.8189384,2.0346155,1.3090981,1.1642125,1.1211698,1.1209652,1.1630255,5,0,0.2
rec08,1.303073,2.3400588,2.0985289,1.1421385,2.0354338,2.127184,1.1171491,0.9142101,0.8198496,0.79492056,0.7951998,0.83104444,0.9373088,1.1494232,1.8207253,1.765363,0.87183577,1.8455871,2.0815794,1.27096,1.1397774,1.1051207,1.1055089,1.1553414,5,0,0.2
rec08,1.3065864,2.2922556,2.0725372,1.1264458,2.024921,2.1317415,1.1106364,0.9187162,0.8306548,0.8104496,0.81157047,0.85438305,0.9718376,2.0155094,1.8223174,1.7779908,0.88275135,1.8743736,2.1320493,1.2351667,1.1167725,1.0896083,1.0911152,1.1486746,5,0,0.2
rec08,1.3115443,2.2468717,2.0478525,1.1124388,2.0153654,2.1374254,1.1047295,0.92334354,0.8415575,0.8256334,0.8282069,0.878367,1.0078524,2.002956,1.8255423,1.2531892,0.89536184,1.9053915,2.1862772,1.2015702,1.0951399,1.0744177,1.0777667,1.1430413,5,0,0.2
rec08,1.3180343,2.203749,2.0244203,1.0982133,2.0067601,2.1442761,1.0993795,0.92809457,0.85257155,0.8404744,0.84513384,0.9030478,1.0454865,1.992518,1.8303783,0.9069945,0.90939665,1.9387456,1.3859763,1.170039,1.0748278,1.0595775,1.0654516,1.1384633,5,0,0.2
rec08,1.3261529,2.1627438,2.0021892,1.0828242,1.9990981,2.1523364,1.0945423,0.93297035,0.86370975,0.85498786,0.86237615,0.92848045,1.0848861,1.9841015,1.8368087,0.9201328,0.92614007,1.9745535,1.3379565,1.1404525,1.0557891,1.0451276,1.0541592,1.1349645,5,0,0.2
rec08,1.3360146,2.123729,1.0749726,1.0682801,1.9923804,2.1616597,1.0901793,0.93797314,0.8749863,0.8690683,0.8799611,0.95472556,1.1262168,1.9776238,1.8448219,0.9330945,1.8553112,2.0129447,1.2932633,1.1127032,1.0379827,1.0309623,1.0438851,1.1325772,4,0,0.2
rec08,1.3394464,2.0922685,1.0581949,1.0537066,1.9840405,2.1648493,1.0918925,0.9456838,0.88702524,0.8828313,0.89676553,0.97848904,1.1624976,1.9783581,1.8556452,0.9470302,1.8760225,2.046987,1.2580932,1.0896294,1.0220422,1.0172099,1.033266,1.127429,4,0,0.2
rec08,1.3240337,2.07481,1.0432072,1.0385566,1.9698688,2.1507733,1.106933,0.9594193,0.90046346,0.8964005,0.91089267,0.99454534,1.1825386,1.9924617,1.870026,0.96156085,1.8916857,2.0654104,1.2393814,1.0742172,1.008207,1.0036579,1.0198845,1.1135465,4,0,0.2
rec08,1.3061714,2.059055,1.9325268,1.0237796,1.9549099,2.1344411,1.1236529,0.97391105,0.91406476,0.9099404,0.9246513,1.0095675,1.2004002,2.008217,1.8848133,0.9762813,1.9066436,2.0817418,1.2226614,1.0597253,0.99460566,0.9901179,1.0061256,1.098524,5,0,0.2
rec08,1.296914,2.0373912,1.9163796,1.0090374,1.9426779,2.125975,1.1340941,0.98553425,0.92699814,0.9234574,0.9397191,1.0283843,1.226353,2.0181549,1.8982859,0.9910127,1.9243364,2.1059027,1.1993458,1.0422384,0.98033416,0.97658974,0.99378794,1.0875546,5,0,0.2
rec08,1.3073559,2.0039184,0.99610674,0.9941199,1.936945,2.1354206,1.131203,0.9910739,0.9386525,0.9367803,0.957951,1.0561107,1.2714174,2.0164046,1.9097502,1.0059221,1.949014,2.1487265,1.1631776,1.0190877,0.9651847,0.9632596,0.9850287,1.0859632,8,0,0.2
rec08,1.3321424,1.9658296,0.9792795,0.97886175,1.9365447,2.1576645,1.1216525,0.9936623,0.9501167,0.94971126,0.9788588,1.0906278,1.3312813,2.0101027,1.0216119,1.021176,1.9801576,1.3778763,1.1223772,0.9943043,0.95073044,0.9503247,0.97949225,1.0913334,8,0,0.2
rec08,2.131397,1.920307,0.96311444,0.9640471,1.9493384,1.3220164,1.1005517,0.9915549,0.9620374,0.9629689,1.0065453,1.1411221,2.2158597,1.9964044,1.0369462,1.9388486,2.0265856,1.2890127,1.0730766,0.96680087,0.93802017,0.93856966,0.98141724,1.1126343,4,0,0.2
rec08,2.0501604,1.8793862,0.9467155,1.8563576,1.9705087,1.2705557,1.0806794,0.9906611,0.9734706,0.97852206,1.0386933,1.2009567,2.168611,1.9879704,1.0534152,1.9636108,2.0843575,1.2094506,1.0287058,0.9430169,0.92665315,0.9305807,0.98873985,1.1431993,8,0,0.2
rec08,1.9833474,1.8461596,0.92966384,1.8519083,1.9945157,1.2312279,1.0665649,0.99279064,0.9839381,0.99588215,1.0725698,1.2641091,2.1359146,1.9881735,1.0704117,1.9943647,2.1479414,1.1463822,0.99306625,0.924376,0.9161337,0.92589325,0.99865806,1.1769983,8,0,0.2
rec08,1.9113526,1.8154644,0.9121692,1.8600404,2.0449684,1.1817899,1.0478303,0.995263,0.99343264,1.0197002,1.12108,1.3592674,2.0969691,1.0900558,1.0880512,2.0406737,1.3678694,1.0785927,0.9563308,0.9083538,0.90668327,0.92861354,1.0231847,1.2405728,4,0,0.2
rec08,1.8522695,0.89382404,0.8943942,1.8773352,2.1089377,1.1416367,1.034188,1.0015459,1.0022365,1.048183,1.1774945,1.4729029,2.0717022,1.1062845,2.0076964,2.0997372,1.256945,1.0241929,0.9277975,0.8985134,0.89913285,0.9375884,1.0563626,2.0447142,8,0,0.2
rec08,1.8057404,0.8755853,0.87979114,1.9014015,1.3265406,1.1111579,1.0258731,1.0084369,1.0139472,1.0802197,1.2398641,2.2313988,2.060132,1.1252847,2.0361829,2.1692696,1.1729099,0.98247105,0.9070633,0.8916465,0.8965187,0.951615,1.0962722,1.9558586,8,0,0.2
rec08,1.7655133,0.85665053,1.7860171,1.946558,1.252477,1.080812,1.0195385,1.0139289,1.0313789,1.1240872,1.3264531,2.179166,2.055625,1.1443946,2.0794976,1.4072208,1.0946082,0.9445805,0.89103025,0.88612765,0.9013781,0.9779055,1.1592604,1.8716192,7,0,0.2
rec08,1.736794,0.8366821,1.7980143,2.00662,1.1930045,1.0576004,1.0182449,1.017955,1.0541369,1.1764379,1.4310535,2.1444223,1.1642878,1.6542181,2.1374,1.2805892,1.0339197,0.91657126,0.8824638,0.88221264,0.9135697,1.0139093,2.034877,1.8039216,3,0,0.2
rec08,0.8166635,0.81778055,1.8164374,2.0735097,1.149215,1.0420161,1.0203376,1.0221578,1.0798355,1.2326599,1.5459913,2.1280422,1.1839231,2.087487,2.2052782,1.1916424,0.9908408,0.8984152,0.8797241,0.8812934,0.9310225,1.0558908,1.9331436,1.7528199,7,0,0.2
rec08,0.7967794,0.80268455,1.8413523,2.1501167,1.1148049,1.0312992,1.0215414,1.0295589,1.1087298,1.2946455,2.2960298,2.124043,1.2042418,2.1204588,1.4670441,1.1248568,0.95893073,0.887101,0.8787074,0.8856039,0.9537049,1.1053255,1.851442,1.7127576,2,0,0.2
rec08,0.77688396,1.7078671,1.8765559,1.2439139,1.0853276,1.0238076,1.0211886,1.0403504,1.1431077,1.3682917,2.257155,1.2268621,1.2241007,2.1636157,1.3502742,1.0705909,0.9341015,0.88115346,0.8788994,0.8953911,0.9838303,1.1675893,1.781703,1.6807102,6,0,0.2
rec08,0.7566961,1.7074823,1.9075533,1.1997111,1.0649846,1.0198619,1.0196853,1.0510995,1.1742604,1.435902,2.2389212,1.2438707,2.1436882,2.2097309,1.2757893,1.0358162,0.9194947,0.8805363,0.88038385,0.9075066,1.0138419,1.9488976,1.7300379,1.6567374,2,0,0.2
rec08,0.7372435,1.7085935,1.937887,1.1646345,1.0488619,1.0171542,1.0180739,1.0618925,1.2043988,1.5027514,2.2309678,1.2637022,2.1654806,2.2586846,1.2215889,1.0109285,0.91043526,0.8829124,0.88371074,0.92174625,1.0454447,1.873906,1.6876268,0.73684716,6,0,0.2
rec08,0.7193101,1.7098497,1.9658915,1.1363752,1.0358049,1.0138003,1.0172467,1.0720685,1.2326055,1.5670836,2.2306583,1.2835563,2.1906924,2.308754,1.1820549,0.99345213,0.9055306,0.88629353,0.8893064,0.9372331,1.0775791,1.8124132,1.6520128,0.7170236,6,0,0.2
rec08,0.7036894,1.7223833,2.017561,1.1039855,1.0216972,1.009628,1.0187614,1.0885608,1.2751157,2.4088616,2.2293115,1.3029006,2.2229056,1.5104958,1.1369876,0.9738398,0.9012523,0.8906058,0.8986626,0.96023345,1.1247958,1.7467895,1.6165881,0.6973808,1,0,0.2
rec08,1.6036218,1.7341444,2.0655677,1.0782449,1.0104417,1.0043017,1.0205858,1.1036537,1.3145801,2.3856742,2.2356553,1.3221836,2.2581,1.4340136,1.1059772,0.96170247,0.9012276,0.8957513,0.91027516,0.98436457,1.9483885,1.6942205,1.5876827,0.67807806,5,0,0.2
rec08,1.5928494,1.7358359,2.0904913,1.0607169,1.0017344,0.99841785,1.0200391,1.1116056,1.3387223,2.381213,2.2488024,1.3412776,2.2898953,1.3955964,1.0917857,0.9580743,0.9047994,0.90180373,0.92133284,1.0040388,1.8875377,1.6563698,1.5642656,0.65898126,5,0,0.2
rec08,1.5827497,1.7376417,1.180208,1.0443614,0.9934103,0.991839,1.01935,1.1191062,1.3623449,2.3797617,1.3622077,1.3600531,2.3227687,1.3639364,1.0807048,0.95631176,0.90965647,0.9082176,0.9334091,1.0247548,1.8325146,1.6215854,1.5424732,0.6400065,1,0,0.2
rec08,1.5709277,1.7342153,1.1577903,1.0306882,0.9855473,0.98487407,1.0170102,1.1227217,1.3779511,2.384838,1.379746,1.3788035,2.3531902,1.3456883,1.0758663,0.95775825,0.9158113,0.91518575,0.945048,1.0432794,1.7883828,1.5920553,1.5223283,0.62125987,1,0,0.2
rec08,1.5514587,1.7124645,2.1012893,1.0232977,0.9783423,0.9776537,1.0094208,1.1141754,1.3671556,2.4047437,1.398438,1.3974534,2.372133,1.357064,1.0847014,0.9654677,0.92305285,0.92240304,0.9523748,1.0512093,1.7670238,1.5727875,1.503692,0.60260636,5,0,0.2
rec08,1.5291188,1.6839705,2.0593624,1.0183407,0.97151935,0.9705276,1.0000583,1.1013329,1.3468431,2.430297,1.4176003,1.4161531,2.3866658,1.3793354,1.098484,0.97534406,0.93049973,0.9295498,0.9578337,1.0548321,1.753658,1.5570732,0.5845254,0.58392876,5,0,0.2
rec08,1.5141933,1.6729804,2.055858,1.0073465,0.96398085,0.9634341,0.99560034,1.1000049,1.3517516,2.4413207,1.4356718,1.4348576,2.412853,1.3729757,1.0991337,0.97934294,0.93718284,0.93665135,0.9679233,1.0694253,1.7194564,1.5320582,0.56555265,0.5652319,5,0,0.2
rec08,1.5055182,1.6759326,2.0828996,0.9921841,0.95605314,0.9561731,0.9949118,1.1075289,1.3764706,2.442467,1.4534665,1.4536489,2.4491818,1.3473264,1.091036,0.97974455,0.94406664,0.9441852,0.982438,2.0646844,1.671937,1.5013907,0.54665995,0.54672855,5,0,0.2
rec08,1.4981967,1.6809436,1.079786,0.97724736,0.94815594,0.9490744,0.99456316,1.1158777,1.4036818,2.4446175,1.4718128,2.3741424,2.4879339,1.3237278,1.0840616,0.9811178,0.9519112,0.95283335,0.9985022,1.9861803,1.6265745,1.4721125,0.52825785,0.52876955,0,0,0.2
rec08,1.4883673,1.6796932,1.0594984,0.96425253,0.9398679,0.94169974,0.991986,1.1195033,1.4211435,2.4521463,1.4900627,2.394793,2.5226746,1.3114225,1.0825135,0.9851986,0.9602844,0.96215606,1.0135347,1.9258134,1.5896626,1.4467564,0.5100976,0.51109177,0,0,0.2
rec08,1.468937,1.6573958,1.0502299,0.95561683,0.93128955,0.9330692,0.98270065,1.1087772,1.4070346,2.4710965,1.5081238,2.4127915,2.5411315,1.3240157,1.092586,0.99415755,0.96884924,0.9707007,1.0223336,1.9024079,1.5698789,1.4284526,0.49202228,0.4929625,0,1,0.19468151
rec08,1.44051,1.6150433,2.029299,0.95188636,0.9229868,0.92379266,0.9674369,1.0846524,1.3628641,2.501734,1.5257556,1.5270879,2.5426035,1.3618811,1.1141775,1.0076582,0.97706527,0.9779183,1.0241197,1.9155989,1.5671833,1.4173553,0.47429913,0.4747132,5,1,0.18286608
rec08,1.4119349,1.5709974,1.9510516,0.950627,0.9156082,0.91568327,0.9523627,1.0596517,1.316002,2.536286,2.4428556,1.542911,2.5409172,1.4074035,1.1388698,1.0221964,0.9845412,0.9846219,1.0240628,1.9404684,1.5702256,1.4093616,0.45737326,0.45741084,5,1,0.17158218
rec08,1.392994,1.5473044,1.9167116,0.9452428,0.9090206,0.9089566,0.943909,1.0484713,1.2987862,2.5570655,2.4590774,1.5588288,2.5534573,1.4252701,1.1504148,1.0307713,0.99127156,0.99120164,1.0293165,1.9288458,1.5568787,1.3949629,0.44136846,0.4413373,5,1,0.16089152
rec08,1.382978,1.5427012,1.9233528,0.9350099,0.90264106,0.9029213,0.9412649,1.0499738,1.3090483,2.5625877,2.4738746,1.5743387,2.5797315,1.4135636,1.1481419,1.0331776,0.9974103,0.9977199,1.0400892,1.8795767,1.5266527,1.3737876,0.42620444,1.3266407,5,1,0.15080296
rec08,1.3795139,1.5510155,1.9573842,0.9225041,0.8965426,0.8977114,0.94249564,1.0596671,1.3373019,2.5598893,1.5879225,1.5898939,2.615365,1.3863578,1.1386131,1.0325669,1.003508,1.0048162,1.0549437,1.8128928,1.4889257,0.42416632,0.4123807,1.3139638,5,1,0.14158712
rec08,1.3780658,1.5620037,1.9965925,0.9108059,0.8904862,0.89314896,0.9444704,1.070534,1.368384,2.5578618,1.6012536,2.5082753,1.8620336,1.3612243,1.1300123,1.0325981,1.0095613,1.0125802,1.0707642,1.751886,1.4543178,0.40838686,0.3995641,1.3031836,5,1,0.13304271
rec08,1.3785502,1.5756224,2.0273886,0.8999111,0.8845426,0.88923246,0.9471896,1.0825964,1.4024727,2.5566459,1.6129166,2.5263076,1.8006755,1.3380994,1.122344,1.0332816,1.0156354,1.02102,2.1049447,1.6961128,1.4226315,0.39401743,0.38793597,1.2941985,0,1,0.12529063
rec08,1.3767662,1.5832939,2.0033882,0.89086443,0.8785438,0.8851437,0.94784176,1.0900272,1.4264163,2.5594242,1.6247848,2.542989,1.7628326,1.3247263,1.1191804,1.0358503,1.0215245,1.0291986,2.1270714,1.6548755,1.3981036,0.38135082,0.37709913,1.2856956,0,1,0.11806608
rec08,1.3649664,1.5692486,1.99792,0.88517904,0.87280583,0.8792592,0.9412963,1.0821716,1.4154277,2.5704358,1.6352097,2.5532465,1.7750396,1.3331864,1.1259362,1.0418345,1.0272717,1.0348672,2.1324728,1.6425512,1.3872082,0.37079522,0.3666294,1.2750069,0,1,0.11108625
rec08,1.3432848,1.5338477,1.9839703,0.883096,0.8675077,0.8718618,0.927917,1.0595545,1.3704909,2.5901582,1.6447012,2.5572078,1.8388474,1.3639982,1.1427487,1.0511835,1.0326279,1.0378109,2.120762,1.658832,1.3897585,0.36216286,0.3573871,1.2621373,0,1,0.10492472
rec08,1.3138419,1.481026,1.8766755,0.8858609,0.862686,0.86419713,0.90941447,1.0251359,1.2989963,2.6224554,1.6546617,1.6567032,2.6921823,1.4217294,1.1717703,1.0652738,1.0374051,1.0392224,1.0935975,1.7080581,1.4077582,0.35559207,0.34855455,1.2485158,5,1,0.09903636
rec08,1.2857556,1.4292575,1.7724912,0.8922224,0.85861933,0.858617,0.8922445,0.991827,1.2300127,1.7574282,2.5631416,1.6634835,2.6635187,1.4937763,1.2070678,1.0823659,1.0416015,1.0415987,1.0823925,1.774431,1.433855,0.35039258,0.33985597,1.2372972,5,1,0.09323731
rec08,1.2675531,1.3980643,1.713623,0.895639,0.8556992,0.8550092,0.882219,0.973055,1.1926847,1.6710492,2.5737185,1.6722555,2.6534832,1.5417441,1.2308676,1.0947013,1.0458845,1.0450411,1.0782986,1.8123379,1.4468994,0.34404168,0.3317154,1.2284584,5,1,0.08781027
rec08,1.2568791,1.3836086,1.6910444,0.89423305,0.8527953,0.8518771,0.87748826,0.9659642,1.1806003,1.6463504,2.5827723,1.6819255,2.657557,1.557782,1.2397916,1.1003338,1.0493456,1.0482157,1.0797296,1.813365,1.4432025,0.33606896,0.32425195,1.2201949,5,1,0.082834624
rec08,1.253069,1.384719,1.7020757,0.8874488,0.8493852,0.8489244,0.8774038,0.9695857,1.1918002,1.6776375,2.5891929,1.6886923,2.6746025,1.5398242,1.2330487,1.0988698,1.0517383,1.0511675,1.0864319,1.7760036,1.4221746,0.32652697,0.31687778,1.2123959,5,1,0.077918515
rec08,1.2544516,1.3968618,1.7368467,0.8777517,0.84601575,0.8461444,0.88066345,0.9806399,1.2193198,1.749925,2.5951114,1.6959133,2.7013915,1.5028257,1.2174903,1.09363,1.0540886,1.0542489,1.0972577,1.7181212,1.3919086,0.3164915,0.30988508,1.2052815,5,1,0.073256716
rec08,1.2573446,1.4111421,1.7759377,0.86874163,0.8430946,0.843945,0.88463616,0.99284446,1.2495055,1.8313409,2.6018512,1.7035315,2.7300513,1.4684123,1.2030572,1.0891349,1.0569816,1.0580475,2.1059108,1.6647409,1.3639076,0.30733827,0.30457294,1.1995099,0,1,0.06971529
rec08,1.258271,1.4202311,1.8033261,0.8619017,0.840203,0.8418622,0.8869354,1.0010989,1.2711366,1.8929136,1.7093457,1.7116476,1.9968165,1.446884,1.1945673,1.0873328,1.0599589,1.0620521,2.121839,1.627088,0.32896516,0.29943442,0.2981564,1.1943268,5,1,0.0654376
rec08,1.2578957,1.4258599,1.8227044,0.85638374,0.83730453,0.8398178,0.88811094,1.0066985,1.2868822,2.6737273,1.7153493,1.719283,1.9596745,1.4327402,1.1894512,1.0869592,1.062743,1.0659331,2.1348982,1.5988221,0.32000118,0.29304206,0.3287455,1.1894948,5,1,0.08583034
rec08,1.2622311,1.4426458,1.8688445,0.8482266,0.8337316,0.8381459,0.8927579,1.0203627,1.3218074,2.6671605,1.7235826,2.635463,1.8909358,1.405119,1.1785289,1.084989,1.066448,1.0720944,2.0901067,1.5531194,0.30798113,0.28757092,0.40156588,1.1850178,5,1,0.13437726
rec08,1.2643883,1.457549,1.914957,0.83882093,0.82819796,0.8351938,0.8961876,1.0330985,1.3573058,2.6653876,1.7338887,2.653863,1.8310834,1.3817725,1.1705633,1.085599,1.071851,1.0809047,1.996133,1.5063219,0.29316396,0.27936843,0.5154231,1.1783351,5,0,0.2
rec08,1.262659,1.4684707,1.9115862,0.82719135,0.8198879,0.82991165,0.8971954,1.0434375,1.3914309,2.6698833,1.7499261,2.6786635,1.7813326,1.363926,1.1666503,1.0898198,1.0801973,1.0934036,1.9028095,1.4569385,0.27413496,0.2675253,0.7069101,1.167968,5,0,0.2
rec08,1.2589891,1.4776229,1.8809901,0.8142024,0.8095751,0.823129,0.89663976,1.0523486,1.4255737,2.6786914,1.7659951,2.7080598,1.7392462,1.3501719,1.1657434,1.0967621,1.0905288,1.1087865,1.8129474,0.2930444,0.25500908,0.26281467,1.0359145,1.1557713,5,0,0.2
rec08,1.25641,1.4885838,1.8518019,0.80139786,0.7988216,0.81639445,0.8961948,1.0618043,1.4626149,2.6890066,1.7844552,2.7393262,1.7016529,1.3383814,1.1661156,1.1048607,1.1013087,2.0965006,1.730377,0.2671602,0.24251921,0.3168127,1.1198989,1.144535,5,0,0.2
rec08,1.2549608,1.5014949,1.823938,0.788757,0.7875946,0.8096975,0.89586246,1.0718526,1.502965,2.7008278,1.801432,2.772531,1.6680977,1.328434,1.1677331,1.1141185,1.1124766,2.1203938,1.6543303,0.2427188,0.23451628,0.3816229,1.1032948,1.1342572,5,0,0.2
rec08,1.2546881,1.5165176,1.7973297,0.7762625,0.7759794,0.8030302,0.8956475,1.0825523,1.5471216,2.7141664,1.8198787,2.8077586,1.6381874,1.3202208,1.170565,1.124543,1.1241328,2.1464953,0.27250588,0.22551022,0.24737385,0.4603448,1.0870482,1.1249429,5,0,0.2
rec08,1.2556441,1.5338373,1.7719101,0.76389647,0.7640089,0.7963837,0.8955548,1.0939685,1.5956851,2.7290337,1.8365273,2.8450959,1.6115841,1.313647,1.1745869,1.1361442,1.1363114,2.1053262,0.24259797,0.21992059,0.28434357,0.55739486,1.0712053,1.1165975,5,0,0.2
rec08,1.257888,1.5536641,1.7476176,0.7514336,0.75213766,0.78974956,0.8955905,1.1061773,1.6493915,2.7446887,1.8512356,2.1627264,1.5879947,1.3086286,1.1797785,1.1486183,1.1496943,0.29258326,0.21518837,0.21873906,0.32615602,0.67928684,1.0564034,1.1092308,5,0,0.2
rec08,1.2614895,1.5762452,1.7243997,0.73855907,0.74034953,0.78311855,0.8957604,1.1192627,1.709143,2.759988,1.8674796,2.0999832,1.567165,1.3050913,1.1861243,1.1614875,1.1643033,0.25327122,0.21483086,0.24469191,0.3736507,0.8360462,1.0426261,1.1028572,5,0,0.2
rec08,1.2665263,1.6018625,1.7022058,0.72529227,0.72862846,0.77648115,0.89607185,1.1333237,1.7760711,2.2934706,1.8835611,2.044077,1.5488727,1.30297,1.1936133,1.1747595,1.1801631,0.21770492,0.2158753,0.27303228,0.42787832,1.0251427,1.0298582,1.0974945,5,0,0.2
rec08,1.2730874,1.6308461,0.71991354,0.7116368,0.71695894,0.7698289,0.8965343,1.1484758,1.8516088,1.8994905,1.9036819,1.9941899,1.5329227,1.302208,1.202238,1.1884167,2.1544366,0.21871167,0.23733552,0.30403087,0.49016798,1.0105313,1.0180887,1.0931644,4,0,0.2
rec08,1.2752473,1.6506735,0.70368385,0.6976055,0.7047327,0.7612,0.8929599,1.1558428,1.9087092,1.9160587,1.9232396,1.9643246,1.5260543,1.3059527,1.2129027,1.2024258,0.25629023,0.22508864,0.25909135,0.3353665,0.55380976,0.99625903,1.0064375,1.0870793,4,0,0.2
rec08,1.260247,1.6337867,1.6469818,0.683378,0.6906499,0.7466372,0.87681806,1.1367087,1.8839724,1.9308578,1.9382644,1.9800154,1.5405623,1.3197621,1.2267852,1.2166699,0.23218267,0.23669907,0.277969,0.36035955,0.59725714,0.9822169,0.99266833,1.0731387,5,0,0.2
rec08,1.2491342,1.6252227,1.6311928,0.669106,0.6769143,0.7332559,0.86324716,1.1231531,1.8774934,1.9465543,1.9544152,1.9859368,1.5504751,1.3314669,1.2401148,1.2309453,0.24127969,0.25305754,0.2979195,0.3876169,0.64795107,0.9682081,0.9795071,1.0610343,5,0,0.2
rec08,1.2560489,1.6556782,1.6123962,0.65465564,0.6649182,0.7253818,0.86159545,1.1357242,1.9599978,1.9617676,2.8903167,1.9509243,1.5409786,1.3343581,1.2513742,0.34899622,0.25184864,0.27187017,0.32292244,0.42566466,0.73459876,0.95436835,0.9693295,1.0574744,5,0,0.2
rec08,1.2671332,1.6870725,1.5939909,0.63988334,0.65316796,0.7182213,0.8617374,1.1532718,2.8665488,1.977469,2.9185817,1.9143137,1.5305971,1.3371892,1.2634119,0.26408544,0.26554877,0.29199645,0.35034364,0.46886835,0.8412892,0.9409097,0.9604444,1.0561013,5,0,0.2
rec08,1.2801828,1.6561984,1.5763974,0.6247451,0.6413844,0.71097046,0.8620119,1.1724247,2.875241,1.9930993,2.9487617,1.8816171,1.5220284,1.3412415,1.2766162,0.27698538,0.28260478,0.31326553,0.3798169,0.51658994,0.9287779,0.9278157,0.9525266,1.0558693,5,0,0.2
rec08,1.2953662,1.6266214,0.60939246,0.60927784,0.6295507,0.7036156,0.86242914,1.1934178,2.885481,2.0086794,2.9809313,1.8524656,1.5151694,1.3464887,1.2910007,0.2913368,0.30041313,0.33575585,0.41153958,0.5694829,0.9153057,0.9151752,0.94558334,1.0568285,4,0,0.2
rec08,1.3037405,1.6011742,0.59349674,0.59361184,0.6164943,0.6933466,0.8570275,1.2022958,2.8972266,2.022073,3.0094938,1.8384917,1.5157795,1.3553466,1.3065403,0.3065804,0.31839877,0.35809043,0.44262597,0.6209453,0.9028482,0.9028932,0.9378334,1.0547438,4,0,0.2
rec08,1.2896016,1.5835642,1.5275677,0.5776858,0.6003376,0.6757086,0.83611965,1.1750346,2.9092996,2.035079,3.0241075,1.8564593,1.5320917,1.3709757,0.3224742,0.32255217,0.33519986,0.37728348,0.46684936,0.65608305,0.89078677,0.8908525,0.92593944,1.042189,5,0,0.2
rec08,1.2818103,1.5639831,1.5116506,0.56198394,0.5849224,0.65988576,0.8191225,1.1571828,2.9214504,2.0496614,3.0428455,1.8658216,1.5442007,1.3848801,0.3384735,0.33860257,0.352538,0.39771912,0.49369243,0.69744426,0.87880385,0.8789306,0.9153206,1.0326276,5,0,0.2
rec08,1.2980632,1.5379195,1.4954827,0.5465045,0.5722878,0.650761,0.81665665,1.1751395,2.9332073,2.0706058,3.0775907,1.8457807,1.5419481,1.3930887,0.35460213,0.35509738,0.37205696,0.42307436,0.5309265,0.76398396,0.86696744,0.86776984,0.90964276,1.0343748,5,0,0.2
rec08,1.3199278,1.51205,1.4790759,0.5311069,0.55990434,0.6423293,0.81615466,1.2001203,2.9446537,2.0831776,3.116555,1.8245776,1.5392592,1.4016522,0.37102917,0.3721911,0.392689,0.45049772,0.57241005,0.84170425,0.8555613,0.85761815,0.9055068,1.0388087,5,0,0.2
rec08,1.3448042,1.4871981,1.462373,0.51570684,0.54736835,0.63367397,0.81573147,1.2280818,2.9556634,2.0918267,2.448407,1.8059326,1.5380074,1.411375,0.3877492,0.38990664,0.41428354,0.47960517,0.61739796,0.8589253,0.84458756,0.84845364,0.9023841,1.0446664,5,0,0.2
rec08,1.3730286,1.4633166,0.5889377,0.5002834,0.5346577,0.6247698,0.81539404,1.2596029,2.9661176,2.1062834,2.3883405,1.7896538,1.5381361,0.40977165,0.4047357,0.40827313,0.4368992,0.5105347,0.6663048,0.8443999,0.8340227,0.8402705,0.900301,1.0520391,4,0,0.2
rec08,1.3902978,1.4418652,1.4280573,0.48421398,0.520036,0.61182165,0.80666494,1.270986,2.9761891,2.1247625,2.3580267,1.7858335,1.5445358,0.42606586,0.4219857,0.42680165,0.45906213,0.5400859,0.7120842,0.83186555,0.8238993,0.8321179,0.89628845,1.0544821,5,0,0.2
rec08,1.4025521,1.4214649,1.4106585,0.46940085,0.50440747,0.59678614,0.7936218,1.272034,2.9860566,2.1336832,2.340537,1.7874506,1.5537024,0.44276476,0.43939862,0.44547707,0.48115936,0.5692803,0.7570439,0.8202968,0.81406045,0.8240258,0.89142936,1.0546882,5,0,0.2
rec08,1.4394536,1.3996711,1.3930799,0.4539487,0.4910302,0.58681875,0.7926347,1.3121558,2.6694682,2.1471772,2.293096,1.7757437,1.5566999,0.45916668,0.45700446,0.46551,0.5065114,0.6053199,0.81762487,0.8083772,0.8045707,0.818044,0.8917287,1.0656842,5,0,0.2
rec08,1.4554627,1.3786976,0.5307169,0.43838426,0.47739494,0.57649523,0.79173666,1.358959,2.4112408,2.160124,2.2503543,1.7658874,1.5609246,0.47603777,0.47484612,0.48631772,0.53313667,0.64380825,0.8419331,0.79752713,0.7955306,0.8130424,0.8931878,1.0786008,4,0,0.2
rec08,1.4275136,1.3590457,1.3571532,0.42392647,0.46151873,0.56153667,0.78074014,1.3782322,2.29381,2.1734514,2.2311113,1.7664673,1.570318,0.4935811,0.49289384,0.5069574,0.55874157,0.6798293,0.8277131,0.7880136,0.7869162,0.8075222,0.89204335,1.0853623,5,0,0.2
rec08,1.402211,1.3399857,1.3389679,0.40891188,0.44421706,0.5436281,0.76316106,1.3782771,2.2383459,2.189487,2.2244294,1.7726908,1.5824786,0.51146805,0.51107955,0.52746224,0.5837097,0.7143377,0.8153667,0.77918357,0.77859175,0.8016021,0.88923866,1.0882405,5,0,0.2
rec08,1.3723787,1.3207427,1.3207549,0.3930821,0.4295799,0.5316733,0.7608252,1.4411389,2.2013955,2.21316,2.1906478,1.7666334,1.5893726,0.529462,0.52946705,0.5502245,0.6136628,0.7595049,0.8008035,0.7706731,0.7706803,0.7987379,0.89323354,1.105518,5,0,0.2
rec08,1.3436332,1.3020942,1.3031297,0.3795707,0.4145963,0.51923853,0.75863385,1.5189953,2.212695,3.1810255,2.1599593,1.7619852,1.5973649,0.547955,0.54839075,0.57394075,0.64527214,0.8081358,0.7874443,0.7631001,0.76370686,0.7969169,0.8986268,1.1254361,5,0,0.2
rec08,1.3159891,1.2833692,1.2861717,0.36333704,0.39917803,0.5061551,0.75632787,1.6163248,2.2232354,3.215713,2.1325,1.7588723,0.58108747,0.5666839,0.56792134,0.5986452,0.67860574,0.8488155,0.7752986,0.756081,0.757732,0.79613113,0.9054094,1.1480528,5,0,0.2
rec08,1.2893873,1.264471,1.2698598,0.34951714,0.3832807,0.4923445,0.7538856,1.7415602,2.239846,3.252724,2.1079993,1.7572277,0.597131,0.585592,0.58808744,0.6243972,0.7137988,0.8306766,0.764327,0.74955714,0.7527515,0.7964057,0.9136618,1.1736475,5,0,0.2
rec08,1.2637752,1.2454171,1.2541766,0.33548456,0.3668555,0.4777166,0.75127625,1.9087918,2.249095,3.2921772,2.0862248,1.7569938,0.613582,0.6046688,0.60892165,0.6512628,0.7510041,0.81409276,0.75449544,0.74353534,0.7487649,0.7977705,0.9234769,1.2025447,5,0,0.2
rec08,1.2391027,1.226194,1.2391044,0.3227489,0.3498491,0.46216697,0.74846524,2.1435616,2.254822,3.334199,2.0669696,1.7581196,0.6304568,0.6238889,0.6304577,0.6793133,0.7903892,0.7989859,0.74577355,0.7380044,0.7457746,0.8002589,0.9349588,1.235124,4,0,0.2
rec08,1.2165012,1.2068386,1.2230208,0.30678394,0.33009765,0.44070292,0.7298689,3.0672076,2.2675254,2.6805522,2.0621557,1.7659268,0.6483908,0.6432407,0.6518658,0.70608574,0.82684577,0.7876572,0.73882264,0.73295414,0.7427823,0.80108315,0.94216734,1.2578577,4,0,0.2
rec08,1.1966583,1.187413,1.203702,0.2945127,0.3055832,0.40840605,0.6779263,2.1813045,2.2738104,2.7059605,2.0836854,1.7855327,0.66781145,0.66265184,0.67174226,0.727993,0.8530448,0.7819474,0.7338183,0.7281489,0.73813766,0.7964702,0.93736005,1.2527632,4,0,0.2
rec08,1.1770849,1.1679906,1.1840132,0.2875046,0.28058058,0.3749905,0.62245923,2.0028377,2.2870321,2.7375693,2.1080253,1.8063899,0.68738514,0.68207425,0.691431,0.7493304,0.87804776,0.7768191,0.7290057,0.7233734,0.7332967,0.7912466,0.9312121,1.2445468,4,0,0.2
rec08,1.1575115,1.1485686,1.1643245,0.295276,0.2712299,0.34157512,0.56699157,1.8243624,2.2920492,3.3853912,2.1323652,1.8272471,0.7069584,0.7014964,0.7111196,0.7706678,0.90055,0.77169114,0.7241934,0.71859825,0.728456,0.7860235,0.9250652,1.2334293,4,0,0.2
rec08,1.1379378,1.1291462,1.1446359,0.30304742,0.26015565,0.30815935,0.5115238,1.6458905,2.3142896,3.3906372,2.1567056,1.8481046,0.72653204,0.7209188,0.73080844,0.7920053,0.8945657,0.7665631,0.719381,0.713823,0.7236153,0.7808002,0.9189179,1.2125721,4,0,0.2
rec08,1.1183645,1.1097238,1.1249471,0.31081888,0.24937727,0.27474383,0.45605612,1.4674145,2.319344,3.3958836,2.181045,1.8689617,0.74610543,0.74034095,0.75049716,0.81334263,0.8885814,0.76143515,0.71456856,0.7090479,0.7187746,0.77557707,0.91277105,1.1917148,4,0,0.2
rec08,1.0987909,1.0903016,1.1052583,1.1978112,0.24532592,0.24132814,0.4005884,1.288941,2.324399,3.4011292,2.205386,1.8898194,0.76567906,0.7597634,0.77018595,0.8346803,0.8825971,0.75630707,0.7097562,0.7042727,0.71393377,0.77035356,0.90662366,1.1708575,4,0,0.2
rec08,1.0792176,1.0708796,1.0855699,1.176474,0.2513101,0.23537616,0.3451209,1.1104659,2.347681,3.4063752,2.2297256,1.9106764,0.7852524,0.7791855,0.78987443,0.8560176,0.8766127,0.7511791,0.7049439,0.69949746,0.7090932,0.7651306,0.9004764,1.1500002,4,0,0.2
rec09,1.38574,2.0231202,0.8614954,0.854785,1.7286955,1.7918185,1.0190375,0.8233532,0.73139566,0.70370716,0.70353025,0.7292197,0.81479067,0.9870981,2.1534398,2.0719175,1.1896479,2.1470337,2.3989797,1.4003019,1.2439069,1.1968167,1.1965158,1.2402066,4,0,0.2
rec09,1.3672355,2.0090415,0.8489889,0.83855814,1.7166654,1.7793492,1.042181,0.84205246,0.74800634,0.7196892,0.7195082,0.7457811,0.83329546,1.0095162,2.1659467,2.0839508,1.2002696,2.1595032,2.4129128,1.3816026,1.2272962,1.180835,1.180538,1.2236454,4,0,0.2
rec09,1.3487303,1.9949621,0.83648217,0.82286316,1.704635,1.7668797,1.0653244,0.8607517,0.7646173,0.7356709,0.73548603,0.7623424,0.8518002,1.0319341,2.1784532,2.0959842,1.2070662,2.1719728,2.4268453,1.3629036,1.2106855,1.1648526,1.1645598,1.2070838,4,0,0.2
rec09,1.330226,1.980883,0.8239753,0.8076455,1.6926047,1.7544101,1.0884677,0.8794508,0.7812279,0.7516528,0.75146383,0.77890354,0.8703048,1.0543522,2.1909602,2.1080172,1.2172786,2.1844423,1.6636786,1.3442044,1.1940747,1.148871,1.1485821,1.1905224,4,0,0.2
rec09,1.3117211,1.9668041,0.8114688,0.79285675,1.680575,1.7419409,1.9463509,0.89814997,0.7978387,0.76763463,0.7674417,0.7954649,0.8888096,1.0767702,2.2034667,2.1200504,1.2294066,2.1969116,1.6405349,1.3255049,1.1774638,1.1328892,1.1326042,1.1739614,8,0,0.2
rec09,1.2980465,1.9452732,0.797531,0.7776607,1.6685312,1.732477,1.9396014,0.9133457,0.81299424,0.7835099,0.7834099,0.8134338,0.9106831,1.1060755,2.212058,2.1318338,1.2375637,2.2132528,1.6067973,1.3018416,1.158805,1.1167796,1.1166369,1.1594318,8,0,0.2
rec09,1.3000451,1.9021245,0.7794962,0.76420337,1.6569914,1.7328985,1.9560606,0.91785395,0.8237722,0.79922706,0.79956657,0.836195,0.94388,1.15871,2.209621,2.1437838,1.2503095,2.2429435,1.5431969,1.2641971,1.1346145,1.1008084,1.101276,1.151726,8,0,0.2
rec09,2.2069108,1.8417312,0.7584876,0.7485181,1.648198,1.7460688,1.0938883,0.91288173,0.831028,0.8146839,0.8169541,0.8654653,0.99173456,1.2422168,2.1998475,1.5399886,1.2600362,2.291008,1.4574045,1.2162466,1.1071912,1.0854162,1.0884408,1.1530728,4,0,0.2
rec09,2.0953364,1.7827752,0.73809457,0.73372173,1.6431798,1.7665536,1.0661696,0.9071291,0.8385502,0.8294724,0.8360983,0.8988747,1.048416,1.3459427,2.1938148,1.2722796,1.2801584,2.3516366,1.3761556,1.1708744,1.0823561,1.0706395,1.0791919,1.1602204,4,0,0.2
rec09,2.0263295,1.7437297,0.72078025,0.7186502,1.636347,1.7756408,1.0578227,0.9102946,0.84928983,0.8435955,0.85423696,0.92695355,1.093659,1.4274521,2.1988437,1.286211,2.211653,2.3999193,1.3247138,1.139964,1.0635673,1.0564362,1.0697633,1.1608267,4,0,0.2
rec09,1.9906735,1.7200507,0.7052788,0.70343626,1.6248126,1.7692647,1.065747,0.9208637,0.86205214,0.85738504,0.8698759,0.947211,1.1224406,1.4744232,2.2105744,1.3003812,2.230637,1.6457498,1.2960461,1.1198547,1.0483345,1.0426587,1.0578488,1.1518954,4,0,0.2
rec09,1.9724272,1.7043275,0.6905993,0.68795115,1.6100249,1.7531998,1.0826879,0.9355249,0.8757951,0.8710599,0.88376105,0.9623514,1.1404126,1.4980905,2.225232,1.3137199,2.245472,1.6240215,1.2789795,1.1051357,1.034577,1.0289832,1.0439876,1.1368265,4,0,0.2
rec09,1.9542807,1.6886477,0.67592067,0.6727523,1.595213,1.7370708,1.0996794,0.9502067,0.8895396,0.88473004,0.89763063,0.9774543,1.1583102,1.5216018,2.2399106,1.3278813,2.2602842,1.6024458,1.2619879,1.0904536,1.0208323,1.0153128,1.0301181,1.1217235,4,0,0.2
rec09,1.9361347,1.672968,0.66124207,0.6576668,1.5804008,1.7209411,2.0393617,0.96488875,0.9032844,0.8984005,0.9115005,0.99255764,1.1762079,1.5451131,2.254589,1.3424817,2.2750962,1.5808702,1.2449962,1.0757717,1.0070877,1.0016425,1.0162485,1.1066204,8,0,0.2
rec09,1.9070008,1.6522512,0.6460378,0.6430525,1.5677245,1.7111404,2.0337489,0.9765853,0.9162898,0.9120555,0.92662424,1.0113921,1.2020743,1.5860229,2.2674997,1.3569984,2.2930753,1.5445989,1.2210051,1.0578953,0.9925796,0.9879928,1.0037751,1.0956007,8,0,0.2
rec09,1.8521694,1.6198524,0.6297265,0.6282491,1.5610462,1.7181935,2.0641139,0.98096603,0.92767996,0.9255033,0.9453535,1.0405202,1.2500062,2.4079547,2.2771542,1.3717926,2.3205376,1.4750409,1.1810802,1.0329376,0.97682834,0.9745364,0.99543834,1.0956471,8,0,0.2
rec09,1.7776873,1.5790436,0.61314213,0.61300915,1.5627742,1.7458161,1.1026096,0.979401,0.93865734,0.9384539,0.9693097,1.0828414,1.326425,2.3868368,1.3873311,1.3870301,2.3622448,1.3821323,1.1297847,1.0035393,0.9617917,0.961615,0.9932,1.10953,4,0,0.2
rec09,1.7072676,1.5409037,0.5971666,0.59788233,1.5692557,1.7824814,1.0840315,0.9783984,0.95066947,0.95180887,0.99640024,1.1317881,1.4181489,2.3702211,1.4029803,2.3058069,2.4138317,1.2976314,1.0826635,0.9771638,0.94946975,0.9501912,0.9951435,2.0462532,4,0,0.2
rec09,1.6607139,1.5131613,0.5807575,0.5826603,1.5683471,1.8004756,1.078981,0.98311484,0.96210593,0.9652582,1.0189689,1.1697851,1.4878163,2.3701108,1.4193939,2.3270614,2.45655,1.24606,1.0519894,0.9585212,0.93803775,0.9404101,0.9934792,1.9670814,4,0,0.2
rec09,1.632559,1.4925833,0.5640253,0.5664737,1.5570108,1.7945619,1.0850589,0.9920259,0.9730581,0.97728205,1.034847,1.1927326,1.5256324,2.3815734,1.4360178,2.3461778,1.6662506,1.2192602,1.0336796,0.9450518,0.9269824,0.93020827,0.98584574,1.9256583,4,0,0.2
rec09,1.6138009,1.475458,0.5472437,0.5496221,1.5391948,1.7740625,1.097162,1.0031079,0.98393923,0.98821557,1.0464401,1.206118,1.542797,2.3986554,1.4527994,2.3630447,1.6465541,1.2048907,1.0215181,0.9339485,0.91610146,0.9192937,0.97429377,1.903494,4,0,0.2
rec09,1.5950848,1.4583462,0.5304589,0.53276443,1.5213441,1.7534877,1.1092894,1.0141958,0.99481547,0.9991391,1.0580066,1.2194494,1.5598502,2.4157674,1.4695842,2.3799026,1.6270057,1.1905862,1.0093905,0.9228606,0.9052256,0.9083799,0.96272683,1.8814182,4,0,0.2
rec09,1.5763683,1.4412344,0.51379836,0.51590663,1.5034931,1.732913,1.121417,1.0252837,1.0056914,1.0100623,1.0695738,1.2327814,1.5769036,2.4328792,1.486729,2.3967602,1.6074581,1.1762815,0.99726295,0.9117728,0.8943495,0.897466,0.95115983,1.8593421,4,0,0.2
rec09,1.557652,1.4241225,0.49759743,0.4990488,1.485642,1.7123382,2.1903253,1.0363716,1.0165673,1.0209856,1.0811406,1.2461133,1.5939572,2.4499903,1.5035179,2.4136178,1.5879103,1.1619773,0.98513573,0.900685,0.8834737,0.8865522,0.93959296,1.8372658,8,1,0.19839826
rec09,1.5327785,1.4048365,0.4811281,0.4826928,1.4724195,1.7020556,2.186356,1.0456561,1.0273803,1.0326498,1.0959593,1.2668836,1.6273618,2.4629915,1.5203089,2.4323554,1.5492302,1.139696,0.9691535,0.88825756,0.8727328,0.87638485,0.93098974,1.8025024,8,1,0.18741874
rec09,1.4950283,1.3815534,0.46596438,0.46801028,1.4712639,1.7179235,2.1782348,1.0507247,1.037454,1.0462412,1.1189523,1.3065462,1.7032593,2.467162,1.5367476,2.456634,1.4708344,1.1007775,0.9453896,0.87363315,0.862599,0.8688463,0.93036216,1.7407564,8,1,0.17730959
rec09,1.4483498,1.3569099,0.45114082,0.45576668,1.4852401,1.7657048,1.1238681,1.0529139,1.0464636,1.0632603,1.1524936,1.3701242,1.8355768,2.4666412,1.5523107,2.4908793,1.3659889,1.0503114,0.9167392,0.85886186,0.85360026,0.86583054,0.9400895,1.6593797,4,1,0.16742721
rec09,1.4053658,1.3358474,0.43766966,0.44529387,1.5070912,1.8293184,1.1109389,1.0559847,1.0541929,1.082767,1.1913526,1.4460725,2.5993526,1.5692039,1.7001244,2.533436,1.272307,1.0045484,0.89141977,0.8473244,0.84588647,0.8668831,2.0058525,1.5837183,3,1,0.15844643
rec09,1.3758546,1.3194213,0.42356503,0.43384823,1.517369,1.8672714,1.1065832,1.0611947,1.0608346,1.0985576,1.2204013,1.5018235,2.5881243,1.5823424,2.4811254,1.7582736,1.2184501,0.9768238,0.8754059,0.8394994,0.8392146,0.86683476,1.9150087,1.5352507,3,1,0.14904335
rec09,1.3564599,1.3052237,0.41192582,0.42093354,1.5122819,1.8712204,1.1086941,1.0668168,1.0668107,1.1084657,1.2360538,1.5294297,2.5931735,1.5973561,2.4952102,1.7068007,1.1942873,0.9628813,0.86612284,0.8334077,0.83340293,0.86361754,1.8704077,1.5079962,3,1,0.14128387
rec09,1.3456602,1.2922124,0.3996123,0.40639064,1.4905105,1.8382132,1.1167935,1.0724361,1.0722153,1.1118351,1.2370074,1.525574,2.6124928,1.6100272,2.5082116,1.7186649,1.195673,0.9607473,0.8622832,0.8280344,0.82786393,0.85621536,1.8659406,1.4993207,3,1,0.13307486
rec09,1.3427409,1.2809333,0.38761675,0.39113396,1.4563811,1.7775153,1.1306548,1.0786098,1.0775176,1.1102597,1.2263448,1.496756,2.6448169,1.6232727,2.5205188,1.7871752,1.219242,0.9687388,0.8631243,0.82339394,0.82256,0.84555626,1.8967439,1.5070425,3,1,0.12507783
rec09,1.3423332,1.2713933,0.42110592,0.3778032,1.4235578,1.7187865,2.1517346,1.0855603,1.0828086,1.1088717,1.2154833,1.4675599,2.680081,1.6361138,1.8465886,2.5929544,1.2475687,0.9787906,0.86507547,0.81935775,0.8172809,0.8352026,1.9358451,1.5187839,8,1,0.14740394
rec09,1.3379816,1.2606173,0.50052845,0.36741906,0.3952218,1.6727526,2.1730983,1.0935131,1.0890311,1.1108,1.2109566,1.4510165,1.9681354,1.6513883,1.647983,2.5955071,1.2660624,0.9838312,0.86432976,0.8143527,0.8110149,0.8256556,1.9582012,1.5229698,3,0,0.2
rec09,1.3277258,1.2463548,0.58913505,0.35364565,0.37526926,1.6328285,2.1925864,1.1030486,1.0971841,1.1161741,1.2122536,1.4450849,1.9442081,1.6694065,1.6638291,2.6049309,1.273749,0.9830406,0.8599829,0.80727804,0.802986,0.81544137,1.9369297,1.5177144,3,0,0.2
rec09,1.322395,1.2323493,0.7650023,0.3403488,0.35161623,1.5751803,2.0872297,1.1158987,1.1065336,1.1207031,1.2083718,1.4263343,1.8899976,2.5999131,1.6830409,2.6111064,1.3006822,0.98993003,0.8587036,0.80023205,0.79351616,0.8024648,1.9040062,1.5244821,3,0,0.2
rec09,1.3182938,1.2193857,1.0275687,0.32641277,0.3289541,1.5208973,1.9862049,1.1300963,1.1164236,1.1263503,1.2057136,1.4095296,1.8407649,2.6273224,1.7005807,2.6186137,1.3301829,0.9974331,0.85760117,0.7932578,0.78366023,0.7896402,1.8723619,1.5332414,3,0,0.2
rec09,1.3153034,1.2074237,1.1875153,0.37821272,0.31591168,0.35587367,1.8936236,1.1456484,1.1267585,1.133182,1.2044123,1.3948957,1.7967404,2.656499,1.7197539,2.627592,1.3620323,1.0053632,0.85656744,0.7863127,0.77334774,0.7769845,1.8421745,1.5437868,3,0,0.2
rec09,1.3134606,1.1964599,1.170673,0.44313067,0.3046041,0.3288373,1.8085597,1.1625948,1.137538,1.1411961,1.2044252,1.3822898,1.7573696,2.6875045,1.7351222,2.6380384,1.3965507,1.0137585,0.8556027,0.77938706,0.76258934,0.7644781,0.8074296,1.5562505,4,0,0.2
rec09,1.3070303,1.1842033,1.1540393,0.50722116,0.2950252,0.3049479,1.7462298,2.1535473,1.14867,1.1509267,1.2088914,1.378974,1.7381061,2.715211,1.7526612,2.6512475,1.4153649,1.0150523,0.85098326,0.77101296,0.75137377,0.75242716,0.79076606,1.5590246,4,0,0.2
rec09,1.2895298,1.1677724,1.1375953,0.5490055,0.30224705,0.28750744,1.718169,2.16605,1.1600559,1.1622202,1.2202251,1.3911396,1.7520936,2.7331119,1.7714138,2.6674516,1.3975552,1.0011528,0.8388142,0.75961316,0.73998356,0.74095964,1.7776608,1.5390967,3,0,0.2
rec09,1.2759339,1.1529052,1.1212039,0.6026736,0.32767168,0.2801218,0.33129793,2.1815333,1.1715074,1.1731739,1.2293441,1.3981138,1.7548769,2.7547047,1.7892798,2.6827698,1.3923203,0.99233145,0.8291199,0.7491741,0.7285741,0.72926426,1.7614883,1.5271002,3,0,0.2
rec09,1.2744888,1.1431144,1.1049671,0.70072037,0.36432287,0.27626157,0.2989751,2.206891,1.1831763,1.1836352,1.2324562,1.3905598,1.7263734,2.788353,1.8081758,2.6963465,1.4265254,0.9990543,0.82695246,0.7417101,0.716958,0.7170639,1.73646,1.53973,3,0,0.2
rec09,1.275698,1.1348556,1.0890778,0.8270376,0.4067245,0.279108,0.2725715,2.144783,1.1953055,1.195157,1.235976,1.3828238,1.697304,2.8254616,1.8224646,2.711152,1.4692425,1.0082431,0.8257801,0.73461056,0.7049779,0.7049001,0.72896534,1.5575739,4,0,0.2
rec09,1.2719376,1.1248327,1.0739115,0.9525573,0.44788277,0.30267343,0.2718801,0.33089384,1.2083045,1.207598,1.242975,1.3825396,1.6837963,2.8578138,1.8423718,2.726845,1.4942045,1.009764,0.8206343,0.72572464,0.6928709,0.6924657,0.71275216,1.5650783,4,0,0.2
rec09,1.2550675,1.1092397,1.0584679,1.0191318,0.47686067,0.321739,0.27258092,0.3003599,1.2210273,1.2202461,1.255404,1.3955402,1.6983058,2.8757682,1.858471,2.7423835,1.4722494,0.9933296,0.8066305,0.7129071,0.6802761,0.6798409,1.6768461,1.5455595,3,0,0.2
rec09,1.2435511,1.0960166,1.0433507,1.0422943,0.51275706,0.3434024,0.2778352,0.2751137,1.2341415,1.2328919,1.2658715,1.4034245,1.7019141,2.8999312,1.876278,2.757788,1.4689957,0.9838122,0.7959689,0.7015355,0.6678252,0.667149,1.6604288,1.5370207,3,0,0.2
rec09,1.2457117,1.0890169,1.0295047,1.0270061,0.56888425,0.3724989,0.29809842,0.27716523,1.2488178,1.2457871,1.2721779,1.3997215,1.6807132,2.9405284,1.8923666,2.7730882,1.5144645,0.9916538,0.79358757,0.69376445,0.6558517,0.65426,1.6382697,1.5566204,3,0,0.2
rec09,1.2504611,1.0835258,1.0167131,1.0120448,0.6344944,0.4048219,0.32005644,0.28340638,0.33725256,1.2590604,1.2792381,1.3963864,1.659838,2.1903615,1.9058394,2.7880561,1.570086,1.0017503,0.79199415,0.6862636,0.64394706,0.6409903,1.6165137,1.5816398,3,0,0.2
rec09,1.2567122,1.0790547,1.0049108,0.9974363,0.709735,0.44015527,0.34357634,0.29500607,0.2904666,1.2727212,1.2874966,1.3945034,1.6414934,2.1352842,1.9231526,2.663286,1.6327604,1.0125864,0.79040456,0.67866766,0.632035,0.6273339,0.63461703,1.609972,4,0,0.2
rec09,1.2573173,1.0722456,0.9930419,0.9831932,0.7821515,0.47431415,0.36665875,0.3126881,0.29860678,1.2867677,1.2981371,1.398199,1.634526,2.105196,1.9421071,2.3634827,1.6731144,1.0146142,0.78432643,0.6688768,0.61946887,0.6133252,0.6187446,1.6264803,4,0,0.2
rec09,1.241454,1.0578915,0.9791296,0.96913934,0.8254344,0.49924323,0.38549626,0.3284965,0.30971467,1.301006,1.3121012,1.4123529,1.6498011,2.1225364,1.9570545,2.437705,1.6433262,0.9939246,0.7674701,0.6539913,0.60530055,0.59912455,1.5624024,1.607765,3,0,0.2
rec09,1.2310562,1.0461068,0.96604466,0.95506936,0.8817879,0.5282517,0.40625182,0.345218,0.3210639,1.3152086,1.3251798,1.423259,1.6580206,2.124875,1.9738295,2.405175,1.6362871,0.9802484,0.7538597,0.64060247,0.59157497,0.5848542,1.5465221,1.6007503,3,0,0.2
rec09,1.2380365,1.0425689,0.95585465,0.9412101,0.94580173,0.5712788,0.43354994,0.36509883,0.33473223,0.33229998,1.336108,1.4249794,1.6460052,2.084546,1.9893214,2.1253154,1.7046189,0.98865587,0.7503021,0.63184047,0.5792879,0.57041276,1.5278474,1.6294725,3,0,0.2
rec09,1.2486602,1.0409732,0.94687647,0.9277469,0.93016493,0.620074,0.46350822,0.38641387,0.35148472,0.34560743,1.3479259,1.426904,1.6336476,2.0438092,2.013035,2.0054097,1.7932816,1.0004683,0.74785453,0.6234654,0.56710833,0.5556512,1.5096123,1.5980641,3,0,0.2
rec09,1.2612133,1.0405028,0.938856,0.91463774,0.91561514,0.6739458,0.4957186,0.40896848,0.36901632,0.36002672,1.3609692,1.4301282,1.623244,2.0073183,2.9618382,2.0179596,1.8975527,1.013307,0.7453346,0.6149021,0.5548322,0.54052025,1.4921316,1.5679555,3,0,0.2
rec09,1.2758596,1.0412043,0.9317985,0.9019466,0.90212786,0.7336279,0.5303976,0.43284717,0.38736516,0.37497053,1.3752502,1.4346217,1.6146806,1.9746681,2.9940455,2.0339057,2.0221062,1.0273231,0.742733,0.6061299,0.54243994,0.5250621,1.4753768,1.5390706,3,0,0.2
rec09,1.292786,1.0431317,0.9257131,0.8899588,0.88968205,0.80000347,0.5677908,0.45814273,0.40657264,0.3908691,0.39074758,1.4403601,1.6078559,1.9455099,3.0283346,2.0498405,2.9104643,1.0426967,0.7400388,0.5971273,0.5299125,0.5094454,1.4593236,1.5113409,3,0,0.2
rec09,1.3122096,1.0463462,0.92061275,0.87898326,0.877834,0.8741492,0.60818005,0.48495835,0.42668372,0.40738937,0.4068567,1.4473244,1.602682,1.91954,3.0647998,2.0657885,2.9223838,1.0596511,0.73724097,0.58787054,0.51722944,0.4938408,1.4432501,1.4847035,3,0,0.2
rec09,1.3343791,1.0509181,0.9165141,0.86900806,0.86638427,0.8859817,0.65188944,0.51340914,0.4477482,0.42453998,0.4232581,1.4554982,1.5990791,1.8964936,3.10354,2.081772,2.9337876,1.0784565,0.73432636,0.578334,0.5043697,0.47822657,0.57549226,1.4591004,4,0,0.2
rec09,1.3462706,1.0508243,0.91071016,0.85931075,0.8553419,0.87146086,0.6924408,0.5404809,0.46841466,0.44197792,0.43993658,1.4671003,1.6031731,1.8888177,3.135384,2.0940588,2.9447627,1.0807313,0.72415864,0.5652381,0.48987085,0.46267092,1.4101144,1.4366881,3,0,0.2
rec09,1.3505864,1.0473053,0.90356576,0.8496065,0.8445692,0.8583861,0.7304675,0.56643736,0.48869547,0.4595113,0.45678693,1.4806601,1.6118851,1.890371,3.162041,2.1112971,2.955582,1.070606,0.7088181,0.54964936,0.47421154,0.4474549,1.393287,1.4160806,3,0,0.2
rec09,1.3787395,1.0546432,0.9015129,0.8417284,0.8341057,0.844055,0.7832222,0.59911245,0.5121235,0.4781616,0.47383133,1.4914707,1.6115565,1.873086,2.4951577,2.1230614,2.9661171,1.0918424,0.70452493,0.53891426,0.46066594,0.43194458,1.3762772,1.3926936,3,0,0.2
rec09,1.4112548,1.0638658,0.90064275,0.83485234,0.82403845,0.830808,0.8410848,0.63404673,0.53676844,0.4975584,0.49111354,0.49514815,1.6123576,1.8575697,2.4380941,2.1383755,2.9760504,1.116864,0.7002982,0.5279156,0.4469204,0.41635022,1.3589299,1.3700936,3,0,0.2
rec09,1.4354564,1.0748386,0.90088135,0.8289568,0.8145053,0.8186761,0.871582,0.6712905,0.5626456,0.51772505,0.5086994,0.51130426,1.6145103,1.8442093,2.3867943,2.1532035,2.9858096,1.1455209,0.69579357,0.516467,0.43287945,0.4006226,1.3414537,1.3483231,3,0,0.2
rec09,1.4028963,1.0876966,0.90227,0.824047,0.8053425,0.8076329,0.85360235,0.7110548,0.58983666,0.53870016,0.52647245,0.5279697,1.6179761,1.8328671,2.340646,2.1674933,2.7313688,1.1787012,0.6909715,0.50452185,0.41851276,0.38652748,1.323581,1.3273455,3,0,0.2
rec09,1.3716372,1.102594,0.9048555,0.82013214,0.7966948,0.7976551,0.8370228,0.7535764,0.61843044,0.56052566,0.5445073,0.5451637,1.6227224,1.8234229,2.299128,2.181193,2.4934926,1.2176038,0.6857849,0.49202713,0.4037873,0.37057394,1.3055515,1.3071252,3,0,0.2
rec09,1.3416047,1.1197069,0.9086916,0.8172252,0.7885209,0.78872466,0.82178515,0.7991261,0.64852613,0.583247,0.562761,0.5629064,1.6287205,1.8157694,2.2617903,2.1884403,2.3078928,1.2638953,0.6801773,0.47892368,0.38866767,0.3564732,1.2872992,1.2876319,3,0,0.2
rec09,1.3127283,1.1392376,0.9138395,0.8153428,0.7811697,0.7808261,0.80783635,0.84801215,0.68023294,0.60691476,0.5814776,0.5812217,1.6359518,1.809813,2.2282455,2.2129474,2.200434,1.3199532,0.6740801,0.46514383,0.37311506,0.34203872,1.269395,1.2688366,3,0,0.2
rec09,1.2849432,1.161419,0.9203685,0.8145053,0.77482945,0.77361596,0.79512924,0.87301475,0.7136716,0.63158286,0.6008175,0.5998766,1.6443969,1.8054711,2.1981583,3.1864598,2.2116868,1.3893028,0.66740984,0.4506105,0.35708708,0.32575637,1.2521386,1.2501774,3,0,0.2
rec09,1.2581909,1.1865202,0.9283579,0.81473774,0.76949507,0.76696867,0.78362244,0.85403585,0.7489766,0.6573107,0.6208099,0.61877173,0.63220763,1.8026708,2.171236,3.222424,2.2221525,1.477392,0.6600625,0.43523523,0.34053704,0.3113171,1.2355077,1.2314513,3,0,0.2
rec09,1.2324167,1.2148535,0.9378967,0.8160705,0.76516485,0.76067686,0.77327967,0.8366609,0.7862985,0.6841633,0.6414858,0.6377233,0.648289,1.8013479,2.1472213,3.2607715,2.2390802,1.5931221,0.6519086,0.41891652,0.3234138,0.29757842,1.2194837,1.212331,4,0,0.2
rec09,1.2093112,1.2323198,0.9426734,0.8154864,0.76092046,0.7549246,0.765134,0.82394797,0.82024366,0.7095747,0.6620955,0.6568784,0.66576177,1.8083994,2.1413357,3.2894773,2.2574606,1.6472392,0.6290836,0.3969082,0.30361816,0.2837589,1.2026516,1.1931751,4,0,0.2
rec09,1.1895698,1.2253972,0.9367034,0.8099573,0.7554785,0.7494014,0.7593688,0.81744486,0.8450848,0.7307352,0.6815851,0.67610234,0.68509483,1.8283216,2.1638327,3.2972333,2.2642598,1.5306046,0.5811886,0.3661564,0.2798929,0.27051017,1.1834755,1.1739554,4,0,0.2
rec09,1.1700863,1.2163942,0.92982143,0.80400676,0.7499283,0.7438957,0.75378984,0.8114392,0.8691183,0.7515167,0.7009688,0.69533014,0.7045784,1.8492951,2.1886554,3.3031836,2.2700562,1.3991771,0.53128374,0.33471572,0.25983852,0.2637129,1.164092,1.1547277,4,0,0.2
rec09,1.1506023,1.2073919,0.9229402,0.79805624,0.74437803,0.7383901,0.74821115,0.8054338,0.8931522,0.77229846,0.7203527,0.7145582,0.72406214,1.870269,2.2134778,3.3091345,2.2839596,1.2677467,0.48137826,0.3032746,0.24607222,0.27301186,1.1447078,1.1354996,4,0,0.2
rec09,1.1311189,1.1983899,0.9160587,0.792106,0.7388281,0.7328848,0.7426326,0.7994286,0.9171855,0.79308015,0.73973674,0.7337861,0.74354583,1.8912427,2.2383006,3.3150847,2.2897766,1.1363182,0.43147323,0.27183375,0.23635167,0.28231075,1.125324,1.1162719,4,0,0.2
rec09,1.111635,1.1893874,0.90917724,0.78615546,0.7332778,0.7273792,0.73705375,0.79342294,0.93902224,0.81386197,0.75912064,0.7530141,0.7630297,1.9122168,2.2631233,3.321035,2.3124619,1.0048887,0.38156793,0.24039274,0.22781146,0.2916097,1.1059401,1.0970439,4,0,0.2
rec09,1.0921514,1.1756783,0.9022959,0.7802054,0.72772783,0.7218738,0.7314752,0.78741777,0.93191516,0.8346436,0.7785045,0.7722421,0.78251344,1.9331905,2.287946,3.3269851,2.3183217,0.87345874,0.3316626,0.22060347,0.22999147,1.1649095,1.0865563,1.077816,4,0,0.2
rec09,1.0726675,1.1547043,0.8954141,0.77425486,0.7221777,0.7163684,0.7258965,0.7814124,0.9248077,0.8554254,0.79788846,0.7914701,0.8019972,1.9541644,2.312769,3.332935,2.324181,0.74202925,0.2817574,0.21487588,0.23709895,1.1441277,1.0671723,1.0585878,4,0,0.2
rec10,0.24112889,0.2693557,0.33654052,0.48703578,2.5101578,2.4487557,1.3339281,0.94384867,0.8365039,1.6750948,1.6191444,1.470706,0.8011476,0.56686866,0.46136513,0.41575232,0.40186566,0.4020408,0.41964754,0.32572177,0.26509967,0.2388907,0.23091143,0.23101208,8,2,0.0
rec10,0.24663964,0.28127813,0.3630883,3.4620454,2.5106354,1.9858485,1.1984401,0.8868506,0.8367381,1.6495408,1.6191623,1.1926855,0.7197737,0.5326355,0.4455634,0.40940997,0.4018701,0.40374446,0.41358098,0.30605158,0.25602004,0.23524652,0.23091418,0.23199113,8,2,0.0
rec10,0.25507808,0.29878634,0.40336937,2.5141065,2.5090418,1.6284659,1.0746295,0.8384839,0.8702181,1.6294392,1.6191366,0.9780434,0.64541376,0.49959695,0.43050593,0.4044207,0.40186363,0.4081918,0.37085363,0.2870675,0.24736792,0.2323795,0.2309102,0.23454638,8,2,0.0
rec10,0.2659015,0.32086873,0.45715967,2.5098615,3.3983006,1.386968,0.9793989,0.8346399,1.6881012,1.6199853,1.6191692,0.8330024,0.5882194,0.47318053,0.41898066,0.40207443,0.40187186,0.41543543,0.33798987,0.27188873,0.24074551,0.23103121,0.23091485,0.23870845,8,2,0.0
rec10,0.27955145,0.3488852,0.53142536,2.5123823,2.1959116,1.2146146,0.90499085,0.83887845,1.6543933,1.6191245,1.3188474,0.7294882,0.54353046,0.45216447,0.41061443,0.40186104,0.40276483,0.41916248,0.31231156,0.2598128,0.23593815,0.23090844,0.2314278,0.24461377,8,2,0.0
rec10,0.29667926,0.38496056,2.5184288,2.5101724,1.7615256,1.0865433,0.84612054,0.8362623,1.6322411,1.6191512,1.0579588,0.65256935,0.50817317,0.43560356,0.4051161,0.40186727,0.40624157,0.37496513,0.29199547,0.2502971,0.23277904,0.23091222,0.23342578,0.25247476,8,2,0.0
rec10,0.31821144,0.43244234,2.5103343,3.3982098,1.4785118,0.9886253,0.8346432,1.7035805,1.6209064,1.6191264,0.88798237,0.5937603,0.48001817,0.4228222,0.40230277,0.40186098,0.41244057,0.34117374,0.27581772,0.24295302,0.23116253,0.23090872,0.236988,0.26259348,8,2,0.0
rec10,0.34549606,0.49690998,2.5100095,2.3602586,1.2809081,0.9122489,0.83555764,1.6653672,1.6191776,1.4175537,0.7693033,0.54788923,0.45759234,0.4133378,0.40187377,0.40241987,0.4215699,0.31481642,0.26293194,0.2375034,0.23091617,0.23112252,0.24223359,0.2753918,8,2,0.0
rec10,0.3805614,3.4401019,2.5116286,1.862677,1.1363094,0.851886,0.83806235,1.639086,1.6191636,1.11871,0.682459,0.5116364,0.43985707,0.40681544,0.40187076,0.4054263,0.3921396,0.29398525,0.252741,0.23375535,0.23091413,0.23266678,0.24934803,0.29146177,8,2,0.0
rec10,0.42658487,2.511635,3.3982375,1.5465329,1.0269477,0.83937025,1.7166575,1.623847,1.6191388,0.9288351,0.61677647,0.4827785,0.42606786,0.40303263,0.4018641,0.41112646,0.35439906,0.27740395,0.24481809,0.23158206,0.23091061,0.2357499,0.25859693,0.3116399,6,1,0.039064616
rec10,0.48045614,2.508693,2.5475032,1.347569,0.95029986,0.84127253,1.6790485,1.6201546,1.5363986,0.81271917,0.5731259,0.46421316,0.4188437,0.40415236,0.40426207,0.4212259,0.32602456,0.26406917,0.2382606,0.22990339,0.22996579,0.23894598,0.26804247,0.33320174,6,1,0.04536165
rec10,0.53201675,2.5054226,2.125425,1.2335358,0.9036321,0.83550996,1.6582463,1.6218098,1.291791,0.74971914,0.5492101,0.45536807,0.41743413,0.40826192,0.40950957,0.41934234,0.30719104,0.25470218,0.23348446,0.22835414,0.22905198,0.24147612,0.2757895,0.35189986,6,1,0.050526332
rec10,3.4298286,2.498811,1.8431771,1.1455576,0.8660803,0.83103305,1.6436979,1.6232754,1.1306708,0.7027264,0.531285,0.44963652,0.41817716,0.41298145,0.41655332,0.3859546,0.29179466,0.24695133,0.22967319,0.22681955,0.2287813,0.24460223,0.28441873,0.37294713,5,1,0.05627915
rec10,2.4978929,2.4938042,1.6617086,1.0832006,0.8387661,0.8413371,1.6352444,1.6247138,1.0304098,0.6716826,0.520111,0.44741052,0.42106304,0.41835147,0.42485914,0.36186987,0.28021044,0.24104293,0.22684819,0.22538735,0.22889334,0.24771485,0.2926858,0.3936635,5,1,0.061790537
rec10,2.4885879,3.1774194,1.5675031,1.0491146,0.83149755,0.8657758,1.6320415,1.6260378,0.98383546,0.65847164,0.51707286,0.44919935,0.4258526,0.42428604,0.43319356,0.3477023,0.27303746,0.23719719,0.22486907,0.22404186,0.22874542,0.24949987,0.2979212,0.40771213,5,1,0.0652808
rec10,2.4796474,3.3694828,1.4893583,1.0197316,0.82530177,0.88994145,1.6301838,1.6272732,0.9470255,0.6484071,0.5155893,0.45196548,0.4314031,0.43063286,0.4422162,0.33544654,0.2667347,0.23381956,0.22318186,0.22278337,0.22877586,0.25141338,0.3033149,0.42238283,5,1,0.068876594
rec10,2.4740174,3.3629987,1.4195892,0.9925546,0.82629156,1.6955299,1.6293412,1.6285459,0.91523284,0.6399162,0.51495856,0.45539567,0.43761835,0.43740466,0.45205444,0.32427096,0.26095,0.23076709,0.22175857,0.22165032,0.22907388,0.2536759,0.30933708,0.4388579,5,1,0.07289138
rec10,2.4680467,3.3556921,1.3569154,0.967347,0.8198228,1.6843908,1.6294966,1.6295034,0.88779515,0.63291013,0.51518065,0.4595168,0.44454104,0.44454288,0.44058174,0.3140915,0.2556664,0.22804229,0.2206104,0.2206113,0.2296598,0.25632212,0.3160652,0.4574419,5,1,0.07737679
rec10,2.461688,2.4509003,1.3002969,0.9438976,0.81998485,1.6744086,1.6303521,1.6288774,0.86418235,0.62731797,0.5162614,0.46436012,0.4521421,0.45240328,0.41994092,0.3048392,0.25087228,0.22565134,0.2197141,0.219841,0.23055772,0.25939262,0.32358962,0.47851086,5,1,0.08239308
rec10,2.4509017,2.250437,1.2488827,0.9220228,0.8132111,1.6655312,1.6310823,1.520898,0.84402424,0.6231246,0.5182463,0.46999225,0.46027124,0.46110946,0.40154785,0.296454,0.24655773,0.22360064,0.21897581,0.21937463,0.23179336,0.26293167,0.332015,3.4103866,4,1,0.08801
rec10,2.441464,2.1274188,1.2152145,0.9074676,0.8102986,1.6599898,1.6316519,1.4636841,0.83607876,0.6243463,0.5230624,0.47710696,0.4689621,0.47042963,0.38938186,0.2907731,0.24360272,0.22220017,0.21840692,0.21909036,0.2327424,0.26559556,0.33842298,3.3890133,4,1,0.09228199
rec10,2.4318254,2.1165853,1.2125447,0.9065378,0.8037954,1.659869,1.6321403,1.483634,0.8499412,0.6354437,0.5327631,0.48624918,0.47812614,0.4796957,0.38739946,0.28963253,0.24283113,0.22163028,0.21792786,0.21864323,0.23239982,0.26537412,0.33846945,3.3784523,4,1,0.092312954
rec10,2.4225686,2.1180475,1.2133825,0.90716404,0.7984216,1.6603483,1.6326115,1.512241,0.86632967,0.6476963,0.54303586,0.49562502,0.48734543,0.48894522,0.38656205,0.2890065,0.24230626,0.22115123,0.21745683,0.21817063,0.2318975,0.26480052,0.3377377,3.3690767,4,1,0.091825135
rec10,2.4133544,2.1195014,1.2142155,0.9077871,0.7989699,1.6608254,1.6330807,1.5407182,0.8826433,0.65989316,0.55326176,0.50495815,0.49652264,0.49815255,0.38572866,0.28838342,0.24178386,0.22067441,0.21698798,0.21770027,0.23139754,0.26422963,0.33700955,3.3597436,4,1,0.09133969
rec10,2.4068494,2.120949,1.2150447,0.90840703,0.7924347,1.6612995,1.6335467,1.5690494,0.8988738,0.6720273,0.56343514,0.51424336,0.5056527,0.50731254,0.3848995,0.2877635,0.24126409,0.22020002,0.21652152,0.21723227,0.2309001,0.26366162,0.3362852,3.3504584,4,1,0.0908568
rec10,2.398736,2.1223884,1.2158697,0.9090236,0.78855896,1.661771,1.6340107,1.5972346,0.9150206,0.68409914,0.5735563,0.52348083,0.51473594,0.5164256,0.3840747,0.28714687,0.24074711,0.21972819,0.21605755,0.21676677,0.23040532,0.26309663,0.33556452,3.3412209,4,1,0.09037635
rec10,2.3896563,2.12382,1.2166895,0.9096367,0.7835328,1.6622405,1.6344721,1.625253,0.9310716,0.6960992,0.5836173,0.53266346,0.5237651,0.52548444,0.3832547,0.2865338,0.2402331,0.21925908,0.21559629,0.21630402,0.22991343,0.26253498,0.33484805,3.3320377,4,1,0.0898987
rec10,2.3806202,2.1252446,1.2175056,0.9102467,0.78405815,1.6627071,1.6349308,1.6402978,0.9470444,0.70804155,0.5936299,0.5418019,0.53275096,0.53449976,0.38243872,0.2859238,0.2397217,0.21879232,0.2151373,0.2158435,0.22942394,0.261976,0.33413523,3.3228996,4,1,0.089423485
rec10,2.3716323,2.1266613,1.2183172,0.91085345,0.7738512,0.8592265,1.6353878,1.6407559,0.9629328,0.7199201,0.603589,0.55089146,0.54168856,0.54346675,0.38162702,0.28531694,0.2392129,0.21832795,0.21468069,0.21538539,0.22893701,0.26142,0.33342615,3.3138103,4,1,0.08895076
rec10,2.3626926,2.1280706,1.2191244,0.9114569,0.7716264,0.8379107,1.6358415,1.6412115,0.9787359,0.7317349,0.61349463,0.5599323,0.5505784,0.55238575,0.3808199,0.28471348,0.23870692,0.21786612,0.21422659,0.21492982,0.22845277,0.26086706,0.33272085,3.3047693,4,1,0.08848056
rec10,2.353799,2.1294725,1.2199277,0.91205734,0.7697071,0.8167051,1.6362936,1.641665,0.99445736,0.7434888,0.62334925,0.5689265,0.55942243,0.56125873,0.38001674,0.28411302,0.23820348,0.21740666,0.2137748,0.21447657,0.22797099,0.26031688,0.33201915,3.2957752,4,1,0.08801276
rec10,2.3449535,2.130867,1.2207264,0.91265476,0.76517993,0.7956127,1.6367432,1.642116,1.0100949,0.7551798,0.6331512,0.5778727,0.56821907,0.57008433,0.379218,0.2835158,0.23770279,0.21694966,0.21332543,0.21402568,0.22749174,0.25976968,0.33132115,3.286829,4,1,0.08754743
rec10,2.3361547,2.1322534,1.2215208,0.91324866,0.76567787,0.77463365,1.6371897,1.6425642,1.0256482,0.76680803,0.64290035,0.58677065,0.5769685,0.5788624,0.37842336,0.28292182,0.23720476,0.21649514,0.21287848,0.21357727,0.22701512,0.25922543,0.33062705,3.277931,4,1,0.087084696
rec10,2.3274038,2.1336339,1.2223114,0.9138395,0.76617324,0.7565239,1.6376345,1.6430104,1.0411178,0.77837366,0.6525971,0.5956209,0.58567077,0.5875934,0.37763318,0.282331,0.23670942,0.21604301,0.21243395,0.21313126,0.22654107,0.25868413,0.3299366,3.2690809,4,1,0.08662439
rec10,2.3186977,2.135006,1.2230974,0.9144272,0.76666605,0.75539464,1.6380764,1.6434538,1.0565081,0.78987986,0.6622441,0.60442555,0.5943284,0.59627944,0.376847,0.28174314,0.23621657,0.21559322,0.21199167,0.21268754,0.22606944,0.25814554,0.32924974,3.2602758,4,1,0.086166486
rec10,2.310036,2.1363704,1.2238796,0.9150119,0.7671563,0.7528809,1.6385167,1.6438955,1.0718193,0.80132705,0.6718415,0.61318505,0.6029416,0.6049207,0.3760649,0.28115845,0.23572634,0.21514578,0.2115517,0.21224613,0.22560023,0.25760978,0.3285664,3.2515163,4,1,0.08571093
rec10,2.3014226,2.137729,1.2246574,0.91559356,0.76764387,0.74889004,1.6389543,1.6443343,1.0870465,0.8127113,0.68138623,0.6218964,0.6115073,0.61351466,0.37528697,0.28057688,0.23523875,0.21470074,0.21111411,0.21180712,0.22513357,0.2570769,0.3278867,3.242805,4,1,0.0852578
rec10,2.2928545,2.1390789,1.225431,0.91617197,0.7681288,0.7450401,1.6393894,1.644771,1.102192,0.8240349,0.69087994,0.6305614,0.6200276,0.6220629,0.37451324,0.27999848,0.23475382,0.21425816,0.21067888,0.21137047,0.22466949,0.256547,0.3272108,3.2341402,4,1,0.0848072
rec10,2.2843356,2.140422,1.2262003,0.91674715,0.76861113,0.74550796,1.6398222,1.6452051,1.1172513,0.8352932,0.70031905,0.6391763,0.6284987,0.6305618,0.373744,0.27942336,0.23427165,0.21381807,0.21024616,0.21093631,0.224208,0.25601998,0.3265387,3.2255254,4,1,0.08435914
rec10,2.2758582,2.1417582,1.2269657,0.91731954,0.76909095,0.74483746,1.6402528,1.645637,1.1322373,0.84649724,0.70971274,0.6477498,0.63692904,0.6390197,0.37297845,0.27885094,0.23379171,0.21338005,0.20981546,0.2105042,0.22374874,0.25549555,0.32586983,3.2169514,4,1,0.083913215
rec10,2.2674239,2.1430879,1.2277278,0.91788876,0.7695683,0.7382297,1.6406814,1.6460674,1.1471473,0.85764486,0.71905893,0.65628004,0.6453167,0.64743507,0.37221673,0.2782815,0.23331429,0.2129443,0.20938697,0.21007434,0.2232918,0.25497377,0.32520434,3.2084217,4,1,0.08346956
rec10,2.2590358,2.1444101,1.228485,0.9184551,0.770043,0.7348105,1.6411074,1.6464944,1.1619745,0.8687301,0.72835314,0.6647628,0.6536576,0.6484092,0.37145934,0.27771524,0.23283952,0.21251102,0.20896097,0.20964688,0.22283743,0.254455,1.8777256,3.199939,4,0,0.2
rec10,2.2473176,2.1462572,1.2295431,0.9192464,0.7707065,0.7317221,1.6417024,1.6470915,1.1826899,0.8842172,0.7413375,0.6766136,0.66531056,0.64656204,0.3704011,0.27692407,0.23217621,0.21190558,0.2083656,0.20904963,0.22220255,0.25373003,1.8768009,3.1880875,4,0,0.2
rec10,2.227847,2.1493263,1.2313015,0.9205609,0.7718085,0.7291999,1.642692,1.6480842,1.2171087,0.9099502,0.7629124,0.69630486,0.6846728,0.64349324,0.36864296,0.27560958,0.2310741,0.21089971,0.20737655,0.2080573,0.22114787,0.2525257,1.875265,3.168397,4,0,0.2
rec10,2.20776,2.1524928,1.2331153,0.92191684,0.77294546,0.7224935,1.6437122,1.6491077,1.2526169,0.9364971,0.7851696,0.7166188,0.7046475,0.6403268,0.36682898,0.27425346,0.22993714,0.20986201,0.20635617,0.20703356,0.22005972,0.25128314,1.8736799,3.1480827,4,0,0.2
rec10,2.1876736,2.1556587,1.2349293,0.923273,0.7740824,0.7186483,1.6447326,1.6501316,1.2881252,0.9630441,0.8074269,0.73693293,0.7246222,0.6371604,0.36501518,0.27289736,0.22880015,0.2088243,0.20533583,0.20600985,0.21897157,0.2500406,1.8720952,3.1277688,4,0,0.2
rec10,2.1675873,2.1588244,1.236743,0.9246293,0.77521944,0.7143334,1.6457528,1.6511551,1.3236327,0.98959064,0.82968384,0.7572466,0.7445966,0.6339942,0.3632013,0.27154127,0.22766319,0.2077866,0.20431544,0.20498614,0.21788342,0.2487981,1.8705108,3.1074548,4,0,0.2
rec10,2.147501,2.1619911,1.238557,0.9259853,0.77635646,0.7129434,1.6467732,1.6521789,1.3591408,1.0161377,0.85194117,0.77756065,0.76457125,0.6308279,0.36138743,0.27018505,0.22652616,0.20674886,0.20329505,0.20396239,0.2167953,1.465316,1.8689263,3.0871406,4,0,0.2
rec10,2.127414,2.1651576,1.2403706,0.9273414,0.77749336,0.7096129,0.70768094,1.6532029,1.3946488,1.0426848,0.87419856,0.7978749,0.7845461,0.6276617,0.35957354,0.26882905,0.22538924,0.20571117,0.20227468,0.20293866,0.21570717,1.4640735,1.867341,3.0668263,4,0,0.2
rec10,2.1073272,2.168324,1.2421848,0.92869747,0.7786304,0.71065056,0.70536083,1.6542262,1.4301567,1.0692317,0.89645576,0.8181889,0.80452085,0.6244953,0.35775965,0.26747292,0.22425228,0.20467345,0.20125435,0.201915,0.21461906,1.4628313,1.8657565,3.0465124,4,0,0.2
rec10,2.0872407,2.1714904,1.2439988,0.9300538,0.7797674,0.7116883,0.7049692,1.6552501,1.4656649,1.0957786,0.91871303,0.8385029,0.82449543,0.62132925,0.35594577,0.26611674,0.22311525,0.20363572,0.20023394,0.20089121,0.21353087,1.4615883,1.8641715,3.0261986,4,0,0.2
rec10,2.0671542,2.9653723,1.2458125,0.93140984,0.7809044,0.71272606,0.7036683,1.6562741,1.5011733,1.1223259,0.9409706,0.8588173,0.84447044,0.61816275,0.35413182,0.2647606,0.22197823,0.20259799,0.1992135,0.19986744,1.2788894,1.4603459,1.8625866,3.0058842,4,0,0.2
rec10,2.0470676,2.9453318,1.2476263,0.9327659,0.7820414,0.7137637,0.70305276,1.6572976,1.5366807,1.1488725,0.96322757,0.8791311,0.8644449,0.6149966,0.35231802,0.26340452,0.22084123,0.20156026,0.19819312,0.1988437,1.2778009,1.4591032,1.8610017,2.9855704,4,0,0.2
rec10,2.0269809,2.9252915,1.2494402,0.9341221,0.7831783,0.7148014,0.7031238,1.6583215,1.5721889,1.1754194,0.98548466,0.89944506,0.8844195,0.6118304,0.3505041,0.26204842,0.21970429,0.20052256,0.19717276,1.2011396,1.276713,1.4578608,1.8594168,2.9652562,4,0,0.2
rec10,2.006894,2.9052515,1.2512541,0.93547815,0.7843153,0.71583915,0.7038808,1.6593449,1.6076969,1.2019664,1.0077422,0.9197592,0.9043942,0.6086643,0.34869024,0.26069227,0.21856728,0.19948483,0.1962259,1.2001158,1.2756249,1.4566182,1.857832,2.944942,4,0,0.2
rec10,1.9868077,2.8852115,1.2530681,0.93683434,0.78545237,0.7168769,0.7049012,1.6603688,1.643205,1.2285137,1.0299996,0.9400735,0.92436916,0.6054977,0.34687635,0.25933617,0.2174303,0.19844712,0.19696997,1.1990921,1.2745367,1.4553758,1.8562475,2.9246283,4,0,0.2
rec10,1.9667209,2.865171,1.2548821,0.93819034,0.7865892,0.7179146,0.7059216,1.6613925,1.6787131,1.2550604,1.0522567,0.9603874,0.9443438,0.6023317,0.3450625,0.25798008,0.21629335,0.19930558,0.26547524,1.1980685,1.2734486,1.4541332,1.8546627,2.904314,4,0,0.2
rec10,1.9466345,2.8451304,1.2566959,0.9395464,0.7877262,0.7189523,0.7069419,0.7092626,1.7142214,1.2816076,1.074514,0.9807015,0.96431845,0.59916526,0.34324858,0.25662395,0.21515635,0.20427316,1.1931282,1.1970447,1.2723603,1.4528906,1.8530782,2.8840003,4,0,0.2
rec10,1.9265482,2.8250906,1.2585095,0.94090253,0.7888632,0.71999,0.70796233,0.71028626,1.749729,1.308154,1.0967709,1.0010152,0.98429275,0.5959991,0.34143475,0.25526783,0.21401939,0.21003686,1.1921077,1.1960211,1.2712723,1.4516482,1.8514932,2.8636858,4,0,0.2
rec10,1.9064616,2.8050501,1.2603233,0.9422586,0.7900001,0.72102773,0.7089827,0.71131,1.7691886,1.3347011,1.1190283,1.0213294,1.0042677,0.59283274,0.33962086,0.25391173,0.21871167,0.24992985,1.1910875,1.1949974,1.2701843,1.4504056,1.8499086,2.843372,4,0,0.2
rec10,1.8863747,2.7850099,1.2621377,0.9436148,0.7911371,0.72206545,0.7100031,0.7123338,1.7702765,1.3612484,1.1412858,1.0416436,1.0242425,0.5896665,0.337807,0.2525556,0.22909005,0.29782498,1.190067,1.1939737,1.269096,1.4491632,1.8483237,2.8230577,4,0,0.2
rec10,1.8662882,2.7649698,1.2639514,0.94497097,0.79227424,0.72310317,0.71102357,0.7133575,1.771365,1.3877952,1.1635429,1.0619575,1.0442171,0.58650035,0.33599305,0.25119945,0.23887181,2.175423,1.1890466,1.1929499,1.2680078,1.4479204,1.8467388,2.8027442,4,0,0.2
rec10,1.8462017,2.7449296,1.2657651,0.9463269,0.79341114,0.7241409,0.71204376,0.7143812,1.772453,1.414342,1.1858002,1.0822715,1.0641918,0.5833341,0.3341792,0.24984337,0.25495914,2.1743853,1.1880261,1.191926,1.2669197,1.4466779,1.8451543,2.78243,4,0,0.2
rec10,1.8261149,2.724889,1.2675792,0.94768316,0.7945481,0.7251786,0.7130642,0.715405,1.7735413,1.4408894,1.2080578,1.1025858,1.0841666,0.5801679,0.33236533,0.2637744,0.28598267,2.1733475,1.1870059,1.1909022,1.2658314,1.4454354,1.8435689,2.7621155,4,0,0.2
rec10,1.8060285,2.7048492,1.269393,0.9490393,0.7956851,0.7262163,0.71408457,0.71642864,1.7746295,1.4674357,1.2303145,1.1228994,1.1041409,0.5770017,0.33055148,0.27869567,0.31700543,2.1723099,1.1859854,1.1898786,1.2647434,1.444193,1.8419845,2.741802,4,0,0.2
rec10,1.785942,2.6848087,1.271207,0.95039546,0.7968222,0.72725403,0.715105,0.71745235,1.7757171,1.4939827,1.2525716,1.1432134,1.1241157,0.5738353,0.32873756,0.29246566,0.34802863,1.2050967,1.184965,1.1888548,1.2636552,1.4429504,1.8404,2.7214875,4,0,0.2
rec10,1.7658547,2.6647682,1.2730206,0.95175153,0.7979591,0.7282918,0.71612537,0.7184762,1.7768055,1.5205301,1.2748293,1.163528,1.1440909,0.570669,0.32692373,0.30580106,1.7769166,1.204059,1.1839447,1.1878312,1.262567,1.441708,1.8388149,2.7011738,4,0,0.2
rec10,1.7457684,2.644728,1.2748345,0.9531075,0.7990959,0.72932947,0.7171457,0.7194999,1.7778937,1.547077,1.2970866,1.1838418,1.1640654,0.56750274,0.3251098,0.32371405,1.80794,1.2030213,1.1829243,1.1868074,1.2614789,1.4404652,1.8372303,2.6808598,4,0,0.2
rec10,1.725682,2.624688,1.2766483,0.9544637,0.800233,0.7303671,0.7181661,0.7205236,0.76585764,1.5736233,1.3193433,1.2041556,1.1840396,0.56433654,0.33892736,0.3482035,1.8389626,1.2019836,1.181904,1.1857835,1.2603909,1.4392229,1.8356456,2.6605456,4,0,0.2
rec10,1.7086226,2.6046479,1.2784623,0.9558199,0.8013701,0.7314049,0.71918654,0.7215473,0.7669457,1.6001709,1.3416013,1.22447,1.2040147,0.5611703,0.35567477,0.37269345,1.869986,1.2009459,1.1808838,1.1847601,1.2593027,1.4379803,1.8340608,2.6402316,4,0,0.2
rec10,1.6885009,2.5846078,1.2802763,0.95717597,0.8025069,0.7324425,0.7202069,0.72257113,0.76803386,1.6267173,1.3638579,1.2447835,1.223989,0.5580042,0.37376684,0.39718297,1.9010092,1.1999081,1.1798633,1.1837363,1.2582145,1.4367378,1.8324761,2.6199176,4,0,0.2
rec10,1.6683782,2.5645673,1.2820901,0.9585321,0.803644,0.73348033,0.7212273,0.7235948,0.7691221,1.6532645,1.3861153,1.2650979,1.2439638,0.5548379,0.38990137,0.4216727,1.9320322,1.1988704,1.1788428,1.1827124,1.2571263,1.435495,1.830891,2.5996034,4,0,0.2
rec10,1.648256,2.5445268,1.2839041,0.9598882,0.804781,0.7345181,0.7222477,0.7246185,0.77021027,1.6798117,1.4083729,1.2854122,1.2639387,0.5516714,0.40519536,0.44616267,1.9630554,1.1978326,1.1778225,1.1816888,1.2560383,1.4342529,1.8293064,2.5792897,4,0,0.2
rec10,1.6281337,2.5244865,1.2857177,0.9612444,0.80591804,0.73555577,0.72326803,0.7256423,0.7712983,1.7063586,1.4306301,1.305726,1.2839133,0.5485053,0.42496416,0.47065246,1.9940785,1.196795,1.176802,1.180665,1.25495,1.43301,1.8277215,2.5589752,4,0,0.2
rec10,1.6080116,2.5044465,1.2875317,0.96260035,0.80705494,0.7365935,0.7242885,0.726666,0.77238655,1.7329055,1.4528873,1.3260401,1.3038882,0.545339,0.44206086,1.5986183,2.025102,1.1957573,1.1757818,1.1796414,1.2538619,1.4317677,1.8261371,2.5386617,4,0,0.2
rec10,1.5878892,2.4844062,1.2893456,0.96395653,0.80819196,0.7376311,0.7253088,0.7276896,0.7734745,1.7594523,1.4751444,1.3463539,1.3238627,0.5421728,0.46139395,1.6231081,2.0561252,1.1947197,1.1747613,1.1786175,1.2527738,1.4305251,1.8245518,2.5183473,4,0,0.2
rec10,1.5677669,2.464366,1.2911596,0.9653126,0.80932885,0.7386689,0.7263292,0.72871345,0.77456266,1.7859992,1.4974017,1.3666681,1.3438375,0.5390064,0.47805643,1.647598,2.0871482,1.1936818,1.173741,1.177594,1.2516859,1.4292825,1.8229673,2.4980333,4,0,0.2
rec10,1.5476449,2.4443254,1.2929734,0.96666884,0.8104659,0.7397066,0.7273495,0.72973704,0.7756508,1.8125459,1.5196587,1.386982,1.3638121,0.5358403,0.49703473,1.6720876,2.1181717,1.1926444,1.1727204,1.17657,1.2505975,1.4280399,1.8213824,2.4777193,4,0,0.2
rec10,1.5275222,2.4242854,1.2947873,0.9680248,0.8116028,0.74074423,0.72836995,0.73076093,0.776739,1.8390934,1.5419165,1.4072965,1.383787,0.532674,0.5158787,1.6965775,2.1491947,1.1916063,1.1717001,1.1755465,1.2495095,1.4267974,1.8197975,2.457405,4,0,0.2
rec10,1.5074003,2.404245,1.2966012,0.9693809,0.8127398,0.7417819,0.72939026,0.7317846,0.777827,1.8656399,1.5641732,1.4276102,1.4037613,0.53211105,0.53717947,1.721067,2.180218,1.1905687,1.1706799,1.1745228,1.2484214,1.425555,1.8182126,2.4370909,4,0,0.2
rec10,1.487278,2.3842053,1.2984152,0.970737,0.8138767,0.74281967,0.73041064,0.73280835,0.7789152,0.89551246,1.5864307,1.4479241,1.423736,0.5507205,0.5584806,1.745557,2.2112408,1.1895311,1.1696594,1.1734991,1.2473333,1.4243125,1.8166282,2.4167771,4,0,0.2
rec10,1.4671557,2.364164,1.3002288,0.97209316,0.81501365,0.74385744,0.73143107,0.7338321,0.78000337,0.89676344,1.6086879,1.4682381,1.4437108,0.5692423,0.57978183,1.7700466,2.2422643,1.1884934,1.1686392,1.1724753,1.246245,1.4230698,1.8150431,2.3964627,4,0,0.2
rec10,1.4470335,2.3441243,1.3020426,0.9734493,0.8161507,0.7448951,0.73245144,0.7348558,0.7810915,0.89801455,1.6309452,1.4885523,1.4636854,0.59015626,0.60108304,1.7945364,2.2732875,1.1874557,1.1676189,1.1714517,1.245157,1.4218276,1.8134586,1.4608251,4,0,0.2
rec10,1.4269114,2.324084,1.3038566,0.97480553,0.8172878,0.74593306,0.7334718,0.7358796,0.7821796,0.8992656,1.6532024,1.5088663,1.4836601,0.6085159,0.62238413,1.8190259,1.2999089,1.1864177,1.1665983,1.1704277,1.2440686,1.4205847,1.8118733,1.4405112,4,0,0.2
rec10,1.4067887,2.3040435,1.3056705,0.9761615,0.8184247,0.7469706,0.7344923,0.7369033,0.7832678,0.90051657,1.6754599,1.5291806,1.503635,0.62934256,0.6436854,1.8435161,1.298772,1.1853801,1.165578,1.1694041,1.2429806,1.4193422,1.810289,1.4201968,2,0,0.2
rec10,1.3878213,2.282824,1.3204364,0.9832813,0.8222852,0.74896467,0.73552984,0.73756427,0.78246766,0.8975809,1.7033147,1.5514356,1.523606,0.64891016,0.66336787,1.8592852,1.3018938,1.1858082,1.1645368,1.1677579,1.2388517,1.4115932,1.7945507,1.4016386,2,0,0.2
rec10,1.3668612,2.2591658,1.3772168,1.0088872,0.834986,0.75434357,0.73681265,0.73766303,0.77669054,0.8832097,1.7492248,1.5802859,1.54356,0.6648751,0.67836076,1.8502492,1.3182397,1.190925,1.1632476,1.16459,1.2262051,1.3855522,1.7395362,2.3102522,2,0,0.2
rec10,1.3493968,2.236654,1.4903979,1.0580535,0.85908884,0.76481855,0.7387964,0.73873323,0.7677739,0.86031914,1.818191,1.6186757,1.5636019,0.68459374,0.68952024,1.8207948,2.226742,1.2023355,1.1614271,1.161328,1.2069814,1.3447425,1.6540016,2.315632,4,0,0.2
rec10,1.3263612,2.2168653,2.2774634,1.1143212,0.88682437,0.7778736,0.74283564,0.74159235,0.7618638,0.8420268,1.8933316,1.6607262,1.5859214,0.77995044,0.70191216,1.7976903,2.1592333,1.2151501,1.1604158,1.1584735,1.1901406,1.3085997,1.5799077,2.3253212,4,0,0.2
rec10,1.3080714,2.1972315,2.244812,1.1522459,0.90621006,0.7881209,0.74777466,0.74522835,0.76136607,0.83523345,0.9937139,1.6952231,1.6084397,0.86615777,0.7201769,1.7965608,2.1374464,1.221338,1.1588143,1.1548684,1.1798766,1.2880825,1.5399429,2.323696,4,0,0.2
rec10,1.2867008,2.0695179,2.2222564,1.1660439,0.914585,0.7938748,0.7521475,0.74921817,0.76458365,0.83739287,0.99422556,1.7192402,1.628874,0.870219,0.73935527,1.813484,2.1531258,1.2194408,1.1553448,1.1508454,1.1744477,1.2801462,1.5271918,2.307391,4,0,0.2
rec10,1.2669785,2.0136707,2.2022724,1.1723777,0.919553,0.798187,0.75623304,0.7532879,0.7687369,0.84194154,0.9996259,1.7399896,1.6485329,0.84673584,0.7573017,1.8353711,2.1791115,1.2151284,1.1512592,1.1467756,1.1702943,1.2756191,1.5217912,2.2866414,4,0,0.2
rec10,1.2472568,1.957806,2.182289,1.1787138,0.92452264,0.8025007,0.76032,0.75735897,0.7728913,0.84649175,1.0050282,1.7607385,1.6681913,0.82324517,0.7772849,1.8572574,2.2050967,1.2108148,1.1471722,1.1427047,1.1661401,1.2710909,1.5163889,2.2658925,2,0,0.2
rec10,1.2287303,1.7175605,2.1589339,1.1962981,0.9346755,0.8090852,0.7649852,0.7614602,0.77585715,0.84777975,1.0036359,1.7864394,1.6890677,0.8368902,0.79601836,1.871876,2.2160037,1.2098325,1.1438894,1.1386182,1.1601464,1.2617598,1.5007467,2.2513957,2,0,0.2
rec10,1.2085603,1.2397772,2.1283407,1.2454251,0.95931053,0.8222143,0.77172416,0.76581484,0.7763955,0.84154856,0.9863064,1.8260467,1.7139134,0.97111595,0.8136737,1.8689858,2.1904774,1.2177808,1.143,1.1342479,1.1499188,1.2409892,1.4608182,2.2539442,6,0,0.2
rec10,1.1948022,1.1873673,2.0979898,1.3116006,0.9916103,0.83921623,0.780498,0.77079964,0.77746564,0.8345365,0.9665334,1.8728784,1.7418376,1.2383033,0.8303802,1.8624351,2.1570122,1.2295343,1.1435064,1.1292973,1.1390636,1.2178309,1.4160671,2.2646232,2,0,0.2
rec10,1.1810706,1.1677334,2.0717676,1.3745366,1.0223029,0.85590774,0.7899481,0.77635026,0.7804873,0.8312177,0.9536778,1.9176568,1.769875,1.6168377,0.849498,1.8623389,2.1367095,1.238904,1.1434294,1.1237468,1.1297349,1.198772,1.3804235,2.271968,2,0,0.2
rec10,2.0982387,1.1488525,2.0449882,2.1500144,1.074606,0.88283,0.8041901,0.7825309,0.78378075,0.8240341,0.9312915,1.9837657,1.8070579,1.7583884,0.8674756,1.8516481,2.0926607,1.2607626,1.1484576,1.1175263,1.1193111,1.1730958,1.3299707,2.3034203,3,0,0.2
rec10,2.1036007,1.1284767,2.0231538,2.1012273,1.1335495,0.91324455,0.82107776,0.78971666,0.78967774,0.8201514,0.9141027,1.13025,1.8478624,1.7772831,0.8866464,1.8457776,2.057219,1.2842653,1.1546538,1.1105517,1.1104969,1.150272,1.2854722,2.3397322,3,0,0.2
rec10,2.1022217,1.1116318,2.0046284,2.0665529,1.1795655,0.9380648,0.8362838,0.7982074,0.7974602,0.8220943,0.90856653,1.1098067,1.8829049,1.7971755,0.90183425,1.8509569,2.0456502,1.2970059,1.156279,1.1036332,1.1026002,1.1339576,1.2562208,1.5344635,3,0,0.2
rec10,2.1012464,1.0915269,1.9865061,2.03516,1.2273303,0.9638278,0.8523625,0.8077447,0.8058186,0.82555497,0.90543187,1.0940611,1.9184886,1.8180633,0.918621,1.8581506,2.0379364,1.3088748,1.157505,1.0969142,1.0942985,1.1187341,1.2295731,1.485731,3,0,0.2
rec10,2.1019478,1.073374,1.2374717,2.0057492,1.27967,0.9917407,0.8698297,0.8183474,0.8146065,0.8300207,0.9035176,1.0804152,1.9558094,1.8400513,0.9363031,0.94923484,2.0315568,1.3214953,1.1590487,1.0904483,1.0854638,1.1039608,1.2039382,1.4396545,7,0,0.2
rec10,2.0989058,1.0577712,1.0537426,1.9804407,1.3261209,1.0171233,0.8864265,0.82937926,0.8238546,0.83639556,0.90540487,1.0744631,1.9898014,1.8617446,0.9524162,0.9637727,2.0324035,1.3286549,1.157927,1.0834069,1.0761902,1.0907698,1.1827188,1.4035575,3,0,0.2
rec10,2.0942817,1.0422634,1.0364323,1.9571143,2.108668,1.0417519,0.90286374,0.8407573,0.83342,0.84372985,0.90906596,1.071984,2.022497,1.8833725,0.9704365,0.9788654,2.0363903,1.3332803,1.1555251,1.0760384,1.0666479,1.0782422,1.1634635,1.3719735,3,0,0.2
rec10,2.0990806,1.9401209,1.0181231,1.9322081,2.066861,1.0756352,0.9240037,0.8540306,0.843334,0.8505474,0.9098206,1.0626034,2.0645368,1.9081931,0.98599285,0.9926851,2.0328472,1.3478038,1.1578048,1.0701264,1.0567231,1.0644575,1.1400332,1.3314745,4,0,0.2
rec10,2.0975592,1.9286425,0.99987835,1.910745,2.0339093,1.1047415,0.9430858,0.867139,0.85367423,0.85909206,0.9144683,1.0611757,2.1005507,1.9313931,1.0027279,1.0077347,2.0368097,1.3541149,1.1559687,1.0628784,1.0463743,1.0519125,1.1208915,1.3007153,4,0,0.2
rec10,2.080389,1.9119459,0.98242664,1.8933038,2.0144525,1.1199061,0.955482,0.8781194,0.86423635,0.86955714,0.9251986,1.0730075,2.1209445,1.9492177,1.0191655,1.0246422,2.0537224,1.3422537,1.1451848,1.0524625,1.035823,1.0411258,1.108889,1.2860441,4,0,0.2
rec10,2.0616221,1.8946984,0.9654391,1.8762242,1.9962803,1.133612,0.96717584,0.8888665,0.8748134,0.88019943,0.93652165,1.0861396,2.1397116,1.9664654,1.0361538,1.0417216,2.071895,1.3285478,1.1334912,1.0417156,1.0252459,1.0304947,1.0975661,1.272912,4,0,0.2
rec10,2.042855,1.877451,0.9478484,1.8591447,1.9781082,1.1473184,0.97886986,0.89961356,0.8853906,0.8908418,0.94784486,1.0992715,2.1584787,1.983713,1.0524828,1.9643703,2.0900671,1.3148413,1.1217971,1.0309683,1.0146687,1.0198631,1.0862426,1.2597797,4,0,0.2
rec10,2.0240874,1.8602028,0.9308713,1.8420647,1.9599357,1.1610249,0.990564,0.9103608,0.895968,0.9014843,0.95916843,1.1124042,2.1772459,2.0009606,1.0694606,1.9814501,2.1082397,1.3011351,1.1101029,1.020221,1.0040914,1.0092316,1.074919,1.2466469,4,0,0.2
rec10,2.0053205,1.8429557,0.9137904,1.8249857,1.9417635,1.1747311,1.002258,0.92110795,0.9065452,0.9121266,0.9704917,1.1255366,2.1960127,2.0182078,1.0862719,1.9985292,2.1264117,1.2874286,1.0984089,1.009474,0.99351424,0.99860036,1.0635957,1.2335147,4,0,0.2
rec10,1.9865537,1.8257082,0.89681554,1.8079064,1.9235914,1.1884377,1.013952,0.9318553,0.9171226,0.92276907,0.98181516,1.138669,2.2147803,2.0354555,1.1032468,2.0156088,2.144584,1.2737224,1.086715,0.9987268,0.9829369,0.98796886,1.0522726,1.2203826,4,0,0.2
rec10,1.9677868,1.8084607,0.8798408,1.7908273,1.9054191,1.2021439,1.0256461,0.94260246,0.9277,0.9334116,0.9931386,1.1518016,2.233547,2.0527034,1.1202217,2.032688,2.1627564,1.2600158,1.0750209,0.9879796,0.97235954,0.9773374,1.040949,1.20725,4,0,0.2
rec10,1.9490196,1.7912132,0.86286587,1.7737476,1.8872466,1.2158502,1.0373399,0.9533496,0.93827707,0.9440538,1.0044619,1.1649339,2.252314,2.069951,1.1371965,2.0497675,2.1809282,1.2463094,1.0633271,0.9772326,0.9617824,0.9667061,1.0296258,1.1941178,8,0,0.2
rec10,1.9231955,1.7715096,0.84587574,1.7582414,1.8747301,1.2216818,1.0451833,0.9627478,0.9488306,0.955537,1.018844,1.1849055,2.2628093,2.0843375,1.1541812,2.068726,2.2057848,1.2247623,1.0478189,0.96517545,0.9512232,0.95688516,1.0214136,1.1878939,8,0,0.2
rec10,1.8809817,1.7464833,0.8287463,1.7474296,1.8773979,1.2082961,1.0436039,0.96898156,0.9591553,0.9695065,1.0416155,1.2236179,2.2537081,2.092558,1.1713119,2.0936918,2.2494147,1.1852983,1.0237408,0.95053875,0.94089967,0.94974065,1.0217912,1.2003295,4,0,0.2
rec10,1.8379676,1.7219013,0.811311,1.7387913,1.8846875,1.1922967,1.0406479,0.97493154,0.9689523,0.98449475,1.0671003,1.2685769,2.24334,2.1016748,1.1887549,2.12229,1.4901365,1.1457326,1.0000062,0.93685645,0.9311106,0.94444203,1.0254254,1.2190337,4,0,0.2
rec10,1.8106624,1.7019738,0.7936467,1.7246381,1.8756431,1.1936926,1.0458804,0.98309934,0.97831976,0.99619067,1.0834143,1.2939113,2.2519941,2.1168134,1.2064697,2.1450021,1.4536732,1.1247193,0.985448,0.92629445,0.921791,0.9369263,1.0208138,2.0665593,4,0,0.2
rec10,1.7916197,1.684116,0.7758901,1.7065873,1.856059,1.2048507,1.0556875,0.99234265,0.9875262,1.0055835,1.0936574,1.3061905,2.2708998,2.1346376,1.2242249,2.16312,1.4389951,1.1134151,0.9755719,0.9170341,0.91258323,0.9275832,1.0106606,2.0447662,4,0,0.2
rec10,1.7726347,1.6662704,0.7582071,1.6885037,1.8363916,1.216077,1.0655239,1.0015887,0.9967275,1.0149531,1.1038481,1.3183614,2.289884,2.152483,1.2419841,2.1812038,1.424486,1.1021888,0.96573544,0.9077879,0.9033818,0.9182307,1.0004703,2.0230987,4,0,0.2
rec10,1.7536498,1.6484246,0.74044627,1.6704195,1.8167241,1.2273033,1.0753605,1.010835,1.0059289,1.0243226,1.114038,1.3305317,2.3088694,2.1703289,1.2597431,2.1992877,1.409977,1.0909626,0.9558991,0.8985418,0.89418066,0.90887815,0.9902801,2.0014315,4,0,0.2
rec10,1.7346654,1.6305794,0.72287995,1.6523361,1.797056,1.2385296,1.0851969,1.0200813,1.01513,1.0336922,1.1242281,1.3427022,2.327854,2.1881745,1.2777325,2.2173712,1.395468,1.0797364,0.94606256,0.8892954,0.88497925,0.8995256,0.9800901,1.9797643,4,0,0.2
rec10,1.7156805,1.6127335,0.70540166,1.6342524,1.777389,2.1227927,1.0950332,1.0293274,1.0243313,1.0430619,1.1344184,1.3548728,2.346839,2.20602,1.295495,2.2354553,1.3809592,1.0685103,0.93622625,0.8800494,0.87577796,0.8901731,0.96989983,1.9580972,8,0,0.2
rec10,1.6916159,1.593661,0.68882126,1.618702,1.7644919,2.1140153,1.1015453,1.0377592,1.0334755,1.0540655,1.1490012,1.3766038,2.3587701,1.3184303,1.3139435,2.2570999,1.353313,1.0514579,0.92364705,0.87016225,0.86657023,0.88215953,0.963439,1.9256953,8,0,0.2
rec10,1.6561458,1.5723072,0.6705511,1.6100892,1.7692662,2.1436324,1.1001738,1.0444801,1.0424631,1.0695784,1.1753197,1.4240102,2.3545325,1.3335285,1.3317616,2.289054,1.2964852,1.0214372,0.9051653,0.8593434,0.85768384,0.87807643,0.96699166,1.8688838,8,0,0.2
rec10,1.6127446,1.5511839,0.65426224,1.6110084,1.7956047,1.2151705,1.0925624,1.0508579,1.0508087,1.0913862,1.2164416,1.5041407,2.3386173,1.3502795,2.2492437,2.3360994,1.219118,0.9822228,0.8831186,0.8494086,0.84936893,0.87981194,0.9832509,1.7937278,4,0,0.2
rec10,1.572703,1.53245,0.63652873,1.6168464,1.8306681,1.1901612,1.0859467,1.0581522,1.0601983,1.1164278,1.2640707,1.5999942,2.327274,1.369209,2.272093,1.5866824,1.149869,0.9469612,0.8640418,0.8419268,0.843555,0.8854453,1.0057682,1.7236302,4,0,0.2
rec10,1.5430486,0.9714766,0.61699826,1.614467,1.8462577,1.179342,1.0854582,1.0647002,1.0693449,1.1356975,1.2987508,1.6692004,2.3311577,1.3904485,2.296553,1.5009599,1.109551,0.9253058,0.8516449,0.83535826,0.8390025,0.8879058,1.0189934,1.6765107,8,0,0.2
rec10,1.5162433,0.7627431,0.5987103,1.6103493,1.8576471,1.1717976,1.0863333,1.0707443,1.0784202,1.1537569,1.3309368,1.734134,2.3392363,1.4084569,2.3221967,1.4344859,1.0772256,0.90760195,0.8414065,0.82933223,0.8352775,0.89020365,1.9411968,1.6355296,3,0,0.2
rec10,1.4893296,0.61190283,0.58185995,1.6111006,1.8790141,1.1618562,1.0864757,1.0762718,1.0886474,1.1753086,1.3707533,2.509953,2.347109,1.4275562,2.3518,1.3642284,1.0430456,0.8894505,0.8317435,0.8239318,0.83340585,0.8959747,1.8676891,1.5926602,3,0,0.2
rec10,1.4673394,0.5926785,0.56337667,1.5988362,1.8729485,1.161387,1.089673,1.0811498,1.0958335,1.1873249,1.3908852,2.5182633,2.3627634,1.4472066,2.3761213,1.3341227,1.0268902,0.87969905,0.8253787,0.81892276,0.8300449,0.8954436,1.8255817,1.5639088,3,0,0.2
rec10,1.4491831,0.6639445,0.544215,1.5722088,1.8368764,1.1700379,1.0955935,1.0860324,1.099383,1.1886019,1.3886926,2.5466814,2.3846467,1.4674059,2.3928947,1.3392289,1.0267032,0.8771292,0.821321,0.8141535,0.8241618,0.8872569,1.81157,1.5476538,3,0,0.2
rec10,1.43474,0.8642018,0.52591,1.5348922,1.7782261,1.1874161,1.1046132,1.0910479,1.1006185,1.181721,1.3690649,1.7961081,2.4127038,1.4862094,2.4039788,1.3749324,1.0400374,0.88050973,0.8191085,0.8090493,0.81614625,0.87280345,1.8217163,1.5422896,3,0,0.2
rec10,1.4216634,1.2185472,0.5074173,0.5336027,1.7205603,2.225829,1.1152319,1.0965773,1.1027534,1.1753266,1.3497033,1.746064,2.4431217,1.5066813,2.415785,1.4169625,1.0555923,0.88472515,0.81716025,0.8034915,0.80801684,0.85802203,1.8364781,1.5392101,3,0,0.2
rec10,1.4095937,1.3789057,0.49011979,0.50821126,1.6663623,2.1272027,1.1272348,1.1026939,1.1061329,1.1703894,1.3325691,1.7010975,2.475364,1.5272415,2.429025,1.4624087,1.0719243,0.88909906,0.8152439,0.7974953,0.79998255,0.8435804,1.8534052,1.5372925,3,1,0.19341318
rec10,1.399101,1.3604605,0.4745773,0.48439053,1.6160347,2.0369558,1.1404605,1.1089634,1.1105584,1.1666572,1.317291,1.6603993,2.5089333,1.5434885,2.4431508,1.5121312,1.0893779,0.89386225,0.81355655,0.7910877,0.7922255,0.82965285,1.8734405,1.5372056,3,1,0.18305154
rec10,1.390514,1.3431522,0.4597943,0.46238545,1.5696703,1.9546925,1.1547974,1.1154642,1.1158835,1.1639395,1.3035831,1.6233369,2.5435848,1.5622584,2.4578722,1.5670656,1.108271,0.8992064,0.81225204,0.7845861,0.784881,0.81636024,1.8972758,1.5393732,3,1,0.1731962
rec10,1.3839419,1.3274001,0.50518584,0.44577572,1.5271084,1.8797623,1.1702021,1.1223928,1.1220307,1.1621233,1.2912568,1.5894462,2.5793076,1.5801703,2.4731295,1.6282004,1.1288638,0.9052598,0.81142247,0.7782711,0.7780201,0.8037549,1.9253621,1.5439886,3,0,0.2
rec10,1.3765604,1.3109537,0.60075027,0.43081224,0.46413922,1.8077414,1.1879205,1.1313043,1.1297987,1.1623607,1.2815299,1.5600133,2.6190324,1.5977256,2.4908898,1.6940459,1.1496232,0.91071296,0.8098757,0.7712771,0.7702506,0.79063207,1.9513079,1.5479554,3,0,0.2
rec10,1.3696332,1.2950121,0.7261924,0.4160652,0.4376117,1.7399619,2.2153356,1.1417335,1.1382806,1.1641178,1.2737374,1.5340184,2.66162,1.6157124,2.508998,1.766579,1.1713363,0.91612506,0.80810475,0.7640772,0.7617664,0.7774775,0.85241795,1.5527132,4,0,0.2
rec10,1.3598901,1.2791512,0.85577387,0.40196767,0.41377565,1.6876352,2.2400327,1.1525756,1.1472332,1.1687758,1.272014,1.5206391,2.6989408,1.6344723,2.1106577,2.5743835,1.1836556,0.9169946,0.8040902,0.75635004,0.75284433,0.7655703,0.8347289,1.5508355,4,0,0.2
rec10,1.3419001,1.2615365,0.9194659,0.3884721,0.39369622,1.661229,2.2422822,1.1620117,1.1564182,1.1776677,1.2809734,1.5301712,2.719944,1.6526492,2.1806545,1.8029499,1.1720449,0.9070716,0.7948866,0.7472823,0.7436851,0.75597245,0.82378703,1.5312867,4,0,0.2
rec10,1.3229141,1.2436875,0.97352403,0.4013665,0.37772372,1.6377248,2.210557,1.1712492,1.1656113,1.1870298,1.2911568,1.5423353,2.7389302,1.6728919,2.3088624,1.7806623,1.1575565,0.89585876,0.7850606,0.7380448,0.73449206,0.7466274,1.8659843,1.5096211,3,0,0.2
rec10,1.3079371,1.22686,1.0777785,0.43135402,0.3665154,0.4203878,2.1533961,1.181482,1.1748366,1.1946086,1.2964587,1.5438639,2.7663555,1.6897256,2.1931036,1.7900429,1.1543319,0.8896228,0.7775858,0.7293843,0.72528183,0.7362051,1.8487767,1.4963887,3,0,0.2
rec10,1.3017443,1.2126685,1.2022955,0.48140997,0.35549212,0.38922435,2.0499518,1.1944715,1.1842544,1.1991707,1.2925205,1.5249368,2.0191894,1.7124394,1.7704905,2.63054,1.1752355,0.8938257,0.77501154,0.72197896,0.7158033,0.7237351,1.8181267,1.5013098,3,0,0.2
rec10,1.2974652,1.1996818,1.1849207,0.54167897,0.3457971,0.3593332,1.9504718,1.2090298,1.1941537,1.204577,1.289003,1.5062044,1.9656695,1.7365524,1.7270355,2.6380458,1.2003206,0.89938784,0.7729642,0.71470976,0.70591587,0.71119654,1.7874815,1.5096743,3,0,0.2
rec10,1.294278,1.1876817,1.1678379,0.61252373,0.3607704,0.33802155,1.8592932,1.2250012,1.2045336,1.2112228,1.2869167,1.4897827,1.9177154,2.6771467,1.747145,2.6470354,1.2273381,0.9052276,0.77090466,0.70741314,0.69559354,0.69877094,0.7431683,1.5197935,4,0,0.2
rec10,1.2867496,1.1746017,1.1509429,0.67902726,0.38992104,0.33062065,0.39092368,1.2402396,1.2152587,1.2199389,1.2899796,1.4840959,1.8933842,2.7036426,1.762425,2.6593885,1.2406578,0.9047803,0.7656102,0.6988827,0.6848058,0.6868891,0.7269122,1.5206509,4,0,0.2
rec10,1.2690399,1.1579031,1.1342305,0.71697426,0.41076237,0.326211,0.3641947,2.2217038,1.2262416,1.2307864,1.3009087,1.4958694,1.9069448,2.721574,1.7858853,2.675814,1.2236507,0.89148,0.75392956,0.6879037,0.67383987,0.6758025,1.7227626,1.5005693,3,0,0.2
rec10,1.2554457,1.1427752,1.117538,0.77046597,0.43606806,0.32492483,0.33504453,2.236698,1.2372582,1.2410196,1.3089185,1.5009509,1.9059486,2.7432206,1.7983025,2.690794,1.2184875,0.8830667,0.7446259,0.6777991,0.66283035,0.6643716,1.7062914,1.4888581,3,0,0.2
rec10,1.2529253,1.1321169,1.1009889,0.87324333,0.47478426,0.33838856,0.32067475,2.2606912,1.2484913,1.2502675,1.3101304,1.4899933,1.8702064,2.7754889,1.8180218,2.7030156,1.245193,0.88747466,0.74151075,0.6700136,0.6515912,0.65220857,1.680708,1.499559,3,0,0.2
rec10,1.2526628,1.1228225,1.084738,1.0029923,0.5193584,0.36316648,0.31919435,0.3793986,1.2601478,1.260586,1.3118753,1.479177,1.8347149,2.8107967,1.8348943,2.7164025,1.2778482,0.8935477,0.73901874,0.6624185,0.63995016,0.6400316,1.6552669,1.5145948,3,0,0.2
rec10,1.2536286,1.1144961,1.0689299,1.0687543,0.5694141,0.3901021,0.322323,0.3311908,1.2723848,1.2721757,1.3149219,1.4701875,1.8029578,2.8482194,1.8516402,2.7313209,1.3136355,0.89996344,0.7364702,0.6547339,0.627965,0.627883,0.64895904,1.5319285,4,0,0.2
rec10,1.2499635,1.1045438,1.0538342,1.0531443,0.6169966,0.41610426,0.33782154,0.32371685,1.2855195,1.2846779,1.3215219,1.4688004,1.7870778,2.881117,1.8730708,2.7470453,1.3340554,0.89969087,0.73042977,0.6454522,0.6158196,0.61541635,0.6330665,1.5396148,4,0,0.2
rec10,1.2332244,1.0890261,1.038431,1.0376761,0.6470324,0.4355881,0.3533281,0.33015457,1.2983023,1.2973585,1.3338968,1.4815992,1.8011193,2.8992429,1.8894248,2.7625368,1.3117896,0.8831088,0.71633524,0.63257575,0.6031869,0.60274833,1.5965351,1.5203371,3,0,0.2
rec10,1.2210524,1.075537,1.023323,1.0221962,0.685092,0.45806932,0.37031013,0.33454618,1.3114651,1.3100212,1.3444898,1.4897265,1.8052071,2.9228303,1.9077009,2.7778735,1.3039037,0.8718218,0.7047939,0.620802,0.590664,0.59001356,1.5805523,1.5104274,3,0,0.2
rec10,1.2226517,1.068311,1.0094924,1.0069407,0.74989086,0.4903051,0.39210266,0.3426058,0.34620345,1.3229562,1.3505456,1.4852515,1.7823402,2.963417,1.9235982,2.7931802,1.3401443,0.87623346,0.700734,0.61227715,0.5785667,0.5771042,1.5589823,1.528866,3,0,0.2
rec10,1.2270504,1.0626811,0.99671674,0.991987,0.8263834,0.52641404,0.41588506,0.36017522,0.34944892,1.3362361,1.3572862,1.4809016,1.7592769,2.3195808,1.9441712,2.8080935,1.3857769,0.8827526,0.6974047,0.6039838,0.5664924,0.56380415,1.5376731,1.5531611,3,0,0.2
rec10,1.2329228,1.0580546,0.9849157,0.97741383,0.9140428,0.5658723,0.44136953,0.3787691,0.35847077,1.3499389,1.3652805,1.4780848,1.7389026,2.2601547,1.9605312,2.8227305,1.4371084,0.8896956,0.6939456,0.59552157,0.55435574,0.55013335,1.5172186,1.580709,3,0,0.2
rec10,1.2403672,1.0544577,0.9740827,0.96318907,0.9706212,0.6090805,0.46869612,0.3984467,0.3706747,1.3639996,1.3745244,1.476743,1.7210195,2.2068717,1.9726661,2.8015332,1.4953679,0.89711756,0.6903445,0.58687377,0.5421399,0.5360771,1.4975827,1.608953,3,0,0.2
rec10,1.2494938,1.0519203,0.9642127,0.94931597,0.9538753,0.65650654,0.4980214,0.4192728,0.38431448,0.38249612,1.3850168,1.4768254,1.7054546,2.159065,1.9888862,2.42826,1.5621519,0.90507865,0.68658656,0.5780214,0.52982676,0.5216413,1.4787284,1.5767493,3,0,0.2
rec10,1.2604303,1.0504782,0.95530474,0.9358575,0.9382504,0.7087023,0.5295221,0.4413187,0.4013352,0.3952002,1.3967612,1.4782884,1.6920543,2.1161623,2.0050588,2.1646652,1.6395962,0.9136538,0.6826561,0.56894475,0.51739836,0.50686556,1.4606233,1.5458779,3,0,0.2
rec10,1.2733217,1.0501727,0.9473613,0.92276514,0.9237182,0.76632303,0.56339854,0.4646633,0.419173,0.40933493,1.4097648,1.4810934,1.6806827,2.0776744,2.0299988,2.0211987,1.7306118,0.9229298,0.6785352,0.55962235,0.50483555,0.49172872,0.49223664,1.5162599,4,1,0.19482441
rec10,1.2791439,1.0468524,0.9388518,0.91034347,0.91066784,0.81916505,0.5949385,0.48689824,0.4366665,0.42372993,1.4239353,1.4881922,1.6785767,2.0585895,2.0520294,2.0379295,1.7906975,0.92210144,0.66969854,0.54808176,0.49153784,0.47661236,1.427141,1.4915422,3,0,0.2
rec10,1.2811451,1.0417224,0.92973465,0.8979553,0.8979861,0.87147325,0.6263667,0.5093102,0.454558,0.43902057,1.439121,1.4977052,1.6811368,2.048729,2.0730524,2.0578394,1.8336289,0.9151538,0.6577617,0.53483796,0.47734147,0.46102557,1.4111227,1.468567,3,0,0.2
rec10,1.2988243,1.0440472,0.92396444,0.8863014,0.8857974,0.9153127,0.6670178,0.53617567,0.47450656,0.4551645,0.45490572,1.50342,1.6738415,2.0185602,3.039908,2.0652127,1.969318,0.92541564,0.6526776,0.52464855,0.46430522,0.44537914,1.3951592,1.4416467,3,0,0.2
rec10,1.3191103,1.0476944,0.9191873,0.87565196,0.8740575,0.89738697,0.71097535,0.5646874,0.49542448,0.4719597,0.47110036,1.5103867,1.6682128,1.9915841,3.0770984,2.0813715,2.9260206,0.936749,0.6473148,0.5141254,0.45106432,0.4299685,1.3789377,1.4157432,3,0,0.2
rec10,1.3422316,1.0527233,0.9154176,0.86599916,0.86277556,0.8807263,0.7585858,0.5949651,0.5173643,0.48943442,0.48761252,1.5186049,1.6642035,1.9675986,3.1166024,2.0975864,2.937379,0.9492802,0.6416135,0.5032227,0.4375879,0.41432738,1.362463,1.3908104,3,0,0.2
rec10,1.3684921,1.0592166,0.9126777,0.85733646,0.85189855,0.8652871,0.81026626,0.6271482,0.5403845,0.5076174,0.50439775,1.5280664,1.661746,1.9463711,3.1585367,2.1138825,2.948195,0.9632301,0.63553214,0.49190357,0.4238505,0.3985993,1.3456483,1.3667967,3,0,0.2
rec10,1.3982475,1.0672693,0.91099447,0.84965944,0.8415262,0.8510303,0.86650234,0.66139305,0.56454855,0.5265389,0.5214988,1.5387646,1.6607778,1.9276972,3.2030313,2.1302862,2.9587836,0.978884,0.62902504,0.48012888,0.40982598,0.3839018,1.3286523,1.3436579,3,0,0.2
rec10,1.4155461,1.0769879,0.9103983,0.8429673,0.8315129,0.8379207,0.8976548,0.69787484,0.5899268,0.5462323,0.53881013,0.5429622,1.6612445,1.9113945,2.5033154,2.1419437,2.9685986,0.99660164,0.6220362,0.46785298,0.395485,0.36807027,1.3112446,1.3213493,3,0,0.2
rec10,1.3823102,1.088495,0.9109266,0.83726263,0.8220158,0.8259283,0.87833554,0.7367911,0.6165969,0.5667341,0.55641377,0.55906206,1.6631012,1.8973057,2.4504695,2.157507,2.9781663,1.0168558,0.61450136,0.45502642,0.380797,0.35355473,1.2936751,1.2998325,3,0,0.2
rec10,1.3504045,1.1019298,0.91262144,0.8325516,0.8129669,0.815027,0.8604809,0.77836347,0.6446428,0.58808434,0.57425046,0.57570565,1.6663079,1.885291,2.402885,2.1725447,2.920532,1.0402724,0.60634387,0.44159302,0.36572862,0.33745787,1.2758379,1.279071,3,0,0.2
rec10,1.3197489,1.1174517,0.9155315,0.82884437,0.8043823,0.8051946,0.8440253,0.8228446,0.6741591,0.61032635,0.59231347,0.59291166,1.6708312,1.8752255,2.36003,2.1870043,2.665403,1.0677043,0.59747285,0.42748985,0.35024378,0.3228658,1.2577612,1.2590317,3,0,0.2
rec10,1.2902685,1.1352415,0.9197116,0.82615405,0.79629105,0.796413,0.8289108,0.87052065,0.705249,0.63350743,0.610608,0.61070144,1.6766429,1.8670009,2.32145,2.2008293,2.4653754,1.1003344,0.58777773,0.41264498,0.33430284,0.30819598,1.2394934,1.2396832,3,0,0.2
rec10,1.2618974,1.1555089,0.92522544,0.82449883,0.78909767,0.7886639,0.81508535,0.9006739,0.738027,0.6576797,0.6294411,0.6290952,1.6837211,1.8605212,2.286751,2.2074134,2.3048105,1.1398675,0.57712597,0.39697784,0.31786335,0.29335308,1.2216641,1.2209926,3,0,0.2
rec10,1.2345724,1.1784952,0.93214446,0.8238995,0.7829204,0.7815277,0.8025022,0.88011926,0.7726197,0.6828992,0.6489332,0.6477788,1.6920483,1.8557014,2.2555897,2.2334673,2.219407,1.18884,0.56535417,0.3803955,0.30087823,0.27926812,1.2044476,1.2023051,3,0,0.2
rec10,1.2082362,1.2044777,0.9405497,0.82438236,0.77775466,0.7749074,0.7911206,0.8612564,0.8091685,0.7092274,0.66911304,0.66666365,1.7016109,1.8524656,2.2276673,3.2185354,2.2306068,1.251204,0.5522591,0.36279112,0.28329542,0.26625916,1.187823,1.1834745,4,0,0.2
rec10,1.184499,1.2220352,0.9452699,0.82349944,0.7729314,0.76871294,0.7819742,0.84693325,0.8431513,0.73453546,0.68943024,0.6856674,0.6974961,1.8572392,2.2170563,3.2475014,2.2507608,1.2736864,0.5283182,0.3407886,0.26360714,0.2522645,1.1708014,1.1644115,4,0,0.2
rec10,1.1646581,1.2154527,0.9392562,0.81774896,0.76713014,0.7627846,0.7756789,0.83967876,0.8678144,0.7555492,0.7087806,0.7047656,0.7166791,1.8766558,2.238584,3.2562091,2.2584627,1.1731235,0.48328775,0.31114352,0.24043995,0.23876151,1.1518226,1.1452979,4,0,0.2
rec10,1.1452236,1.2060565,0.93199474,0.8114271,0.76119965,0.75688773,0.7696823,0.8331874,0.8913475,0.776038,0.72800106,0.72387713,0.7361136,1.8976939,2.2636795,3.2625306,2.2646935,1.0583038,0.43598574,0.2806902,0.22918725,0.24873075,1.1326022,1.1261864,4,0,0.2
rec10,1.1257886,1.1966603,0.9247342,0.8051057,0.75526947,0.75099117,0.763686,0.8266965,0.9148808,0.7965266,0.7472216,0.74298877,0.75554836,1.9187323,2.288775,2.303967,2.2871242,0.943484,0.38868374,0.2502369,0.21771315,0.25897688,1.1133815,1.1070745,4,0,0.2
rec10,1.1063535,1.1872644,0.9174732,0.7987842,0.74933946,0.7450946,0.7576899,0.8202056,0.93841386,0.81701565,0.76644224,0.76210064,0.7749833,1.9397706,2.313871,2.310289,2.2933998,0.8286625,0.34138134,0.21978337,0.20813705,0.26922303,1.0941606,1.0879624,4,0,0.2
rec10,1.0869191,1.176599,0.91021264,0.7924629,0.7434092,0.73919815,0.7516936,0.81371456,0.96194714,0.83750457,0.78566283,0.78121233,0.7944181,1.9608089,2.3389666,2.3166103,2.299675,0.71384233,0.29407924,0.20011741,0.21119046,1.1458695,1.0749402,1.0688509,4,0,0.2
rec10,1.0674843,1.1555606,0.9029517,0.7861411,0.73747885,0.7333013,0.7456972,0.80722356,0.9629031,0.85799325,0.8048833,0.8003239,0.8138528,1.9818469,2.3640623,2.3229318,2.3389916,0.5990223,0.24677719,0.19494542,0.2189333,1.1253808,1.0557195,1.0497392,4,0,0.2
rec10,1.0480494,1.1345224,0.8956909,0.7798199,0.73154896,0.72740495,0.739701,0.8007327,0.9551603,0.8784822,0.824104,0.81943566,0.8332876,2.0028853,2.3891582,2.329253,2.3948467,0.48420206,0.19947505,0.19278336,0.22667605,1.1048919,1.036499,1.0306276,4,0,0.2
rec10,1.0286149,1.1134843,0.8884303,0.77349836,0.72561866,0.72150826,0.7337047,0.79424155,0.9474175,0.8989711,0.8433247,0.83854747,0.8527224,2.0239236,2.4142537,2.3355744,2.4507015,0.36938146,0.18924882,0.19651866,0.23441888,1.0844032,1.0172784,1.011516,4,0,0.2
rec10,1.00918,1.0924457,0.8811695,0.7671769,0.71968853,0.7156119,0.7277086,0.78775054,0.9396747,0.91945976,0.862545,0.8576591,0.87215704,2.0449624,2.4393494,2.350684,2.5065563,0.25456178,0.18936488,0.20300977,1.2219977,1.0639142,0.9980578,0.9924041,4,0,0.2
rec10,0.98974526,1.0714073,0.8739087,0.7608554,0.7137584,0.70971507,0.7217122,0.78125954,0.9319317,0.9399488,0.88176584,0.87677085,0.891592,2.0660005,2.464445,2.3736842,2.5624118,0.19194634,0.19353276,0.2095008,1.1984644,1.0434256,0.9788374,0.9732926,4,0,0.2
rec10,0.9703104,1.0503691,0.8666479,0.75453395,0.7078281,0.70381856,0.71571594,0.7747686,0.9241889,0.9604376,0.9009864,0.8958825,0.9110266,2.087039,2.4895408,2.38147,2.618266,0.1963138,0.199529,0.21599182,1.1749313,1.0229366,0.95961666,0.9541808,4,0,0.2
rec10,0.9508755,1.0293308,0.8593872,0.74821246,0.70189804,0.69792193,0.7097197,0.7682775,0.916446,0.98092645,0.92020684,0.91499424,0.93046135,2.108077,2.5146365,2.3878639,2.6741216,0.20210879,0.20552526,1.4899771,1.1513981,1.0024477,0.940396,0.93506896,0,0,0.2
rec10,0.9299965,1.004365,0.85746276,0.74440897,0.69665855,0.6920573,0.7026669,0.75885653,0.9022029,1.0047835,0.94033104,0.9341206,0.94844097,2.1208518,2.521476,2.4029353,0.20936202,0.20797926,0.2111677,1.475223,1.1348727,0.9852432,0.92204434,0.9159545,0,0,0.2
rec11,0.3580675,0.36633444,0.4051012,0.4888591,0.66600114,1.2183497,1.7007232,1.739989,0.9295857,1.0248859,1.3962613,2.5542529,2.5488229,0.33640322,0.22412255,0.17939858,0.15760107,0.0,0.0,0.15280294,0.16897304,0.20209643,0.27779776,0.35853258,8,1,0.051865168
rec11,0.35303685,0.36529192,0.4100597,0.50460935,0.70981055,1.4202207,1.7003362,1.7593606,0.9314212,1.0723567,1.5084332,3.4471295,2.5539382,0.30850244,0.21381037,0.17469047,0.15580443,0.0,0.0,0.1550396,0.17404024,0.2120778,0.3012621,0.35301718,8,1,0.06750807
rec11,0.34779778,0.36614308,0.4203631,0.5333527,0.79153323,1.6992927,1.7045265,1.794435,0.9429305,1.1525432,1.7104563,2.5584369,0.49158472,0.27756032,0.20182529,0.16935669,0.15417731,0.15076622,0.1512306,0.15920758,0.18278374,0.22932427,0.34417728,0.34672987,8,1,0.09611818
rec11,0.34223378,0.36800587,0.43487445,0.5752906,0.9259146,1.6973554,1.7187847,0.9406006,0.96158886,1.2720754,2.0473688,2.5678794,0.40026435,0.25105134,0.19148546,0.1653492,0.15405269,0.1527367,0.15466502,0.1663122,0.19653192,0.25657263,0.34087873,0.33796683,8,1,0.09197788
rec11,0.33868998,0.37240356,0.45436558,0.63183236,1.1371468,1.6946224,1.7438581,0.9425952,1.0279217,1.4294088,2.5725923,2.5779078,0.34219536,0.232043,0.1843229,0.16338079,0.1556368,0.15543543,0.15995145,0.17587316,0.21458095,0.29373574,0.32955387,0.32912752,8,1,0.086085014
rec11,0.3380168,0.38058144,0.48136514,0.7118191,1.5142975,1.6940466,1.7808213,0.9471859,1.1116161,1.6438034,3.4790633,0.53194594,0.30274394,0.21818218,0.17953944,0.16304009,0.15862918,0.15887499,0.16701311,0.18804416,0.23784108,0.3299758,0.32104865,0.32154617,8,1,0.08069909
rec11,0.34035623,0.3931612,0.51832044,0.8294017,1.6878294,1.7034837,0.99311924,0.9469156,1.2189507,1.9505299,2.5952687,0.4343007,0.27478826,0.20808883,0.17668834,0.16414484,0.1622244,0.16372898,0.175994,0.20329876,0.26801705,0.31744102,0.31372708,0.31663683,8,1,0.07581805
rec11,0.3459319,0.41101366,0.56904197,1.0133889,1.683896,1.7238448,0.9442484,0.9821131,1.3597201,2.4214833,2.600557,0.3721421,0.25444862,0.20086922,0.17547128,0.16659293,0.16614774,0.17008951,0.18714112,0.22234882,0.30783835,0.30794832,0.30712533,0.3144118,8,1,0.071416885
rec11,0.35517427,0.43551064,0.6399975,1.3333569,1.6803163,1.7559515,0.95270646,1.0548968,1.5502065,3.4988244,2.6046922,0.32970107,0.23939067,0.19588539,0.1756548,0.17030445,0.17036319,0.17803161,0.20078212,0.24619666,0.31072527,0.3012607,0.30136463,0.31492975,8,1,0.067576416
rec11,0.3686083,0.46857262,0.7425297,1.6753998,1.6848987,1.8010006,0.94855994,1.1480477,1.8192687,2.6117926,0.510745,0.29942757,0.2282275,0.19275877,0.17713858,0.17466314,0.17565341,0.18775721,0.2174659,0.27644134,0.30025274,0.2960568,0.29773533,0.31825152,8,1,0.065156884
rec11,0.3869671,0.51312524,0.89891994,1.6707925,1.7002256,0.944622,0.9572094,1.2692766,2.2235858,2.6149561,0.4309214,0.27732643,0.22013539,0.19130097,0.1799402,0.17925334,0.18241113,0.199624,0.23805545,0.3109661,0.29249874,0.29138228,0.29651535,0.3244955,8,1,0.06434356
rec11,0.4114095,0.5740229,1.1602007,1.6660322,1.7268116,0.9435531,1.0256467,1.431043,3.5130115,2.620454,0.37783298,0.26106972,0.2145807,0.19141075,0.18412924,0.18413748,0.19085488,0.21412027,0.26379094,0.29852462,0.28716838,0.2871611,0.2976581,0.33394295,7,1,0.065105386
rec11,0.44302773,0.6579689,1.6606809,1.6675507,1.7647396,0.9436843,1.1112922,1.6504511,2.6581364,0.5920227,0.3414937,0.24953449,0.21138644,0.19313753,0.18936251,0.19014587,0.20122789,0.23175347,0.29611534,0.28895915,0.28331122,0.2842454,0.30106345,0.34673384,7,1,0.06737563
rec11,0.48471102,0.7805239,1.654993,1.6790013,1.0034814,0.9403807,1.2213396,1.966707,2.628001,0.49608675,0.3155917,0.24153148,0.2102182,0.19646683,0.19506726,0.197897,0.21398373,0.25355083,0.30150774,0.2817847,0.27977735,0.28337908,0.30690852,0.36365804,7,1,0.07127234
rec11,0.54078645,0.9733772,1.648696,1.7006876,0.9390601,0.9746515,1.3663222,2.459282,2.633344,0.43382162,0.29703835,0.23649636,0.21099345,0.2015217,0.20135273,0.2077024,0.22971632,0.28088826,0.28977233,0.27676398,0.27653196,0.2845669,0.3154861,0.38576427,6,1,0.07699073
rec11,0.6094578,1.2716581,1.644359,1.7289976,0.94199276,1.0394735,1.540826,3.5265372,2.635573,0.3961138,0.28601792,0.23501377,0.21410373,0.2083571,0.20869437,0.21943627,0.2480293,0.308585,0.281129,0.27358332,0.2740262,0.28722352,0.3256753,0.41115293,6,1,0.08378353
rec11,0.67782044,1.6338686,1.6440508,1.7548947,0.93843776,1.0962251,1.7112063,2.638664,0.62357986,0.37828594,0.2827203,0.23745573,0.21964762,0.21618472,0.21753198,0.23219825,0.26712754,0.29752612,0.27521297,0.27087402,0.27256218,0.28984994,0.33470443,0.43422228,6,1,0.08980295
rec11,0.76454306,1.6253778,1.6473912,1.7848192,0.925935,1.1602583,1.9234676,2.6438136,0.56841063,0.36615673,0.28180242,0.24139048,0.22647165,0.22469422,0.22773743,0.24673565,0.28901473,0.28838217,0.27055916,0.26843572,0.27207127,0.29348978,0.34527737,0.46118128,6,1,0.09685158
rec11,0.88280535,1.6160097,1.6544775,0.96885055,0.92703205,1.2362596,2.2080085,2.6449156,0.528537,0.35780576,0.28272918,0.2467151,0.23467913,0.23405376,0.2396252,0.26363602,0.31481585,0.28067493,0.2669822,0.26627073,0.27260908,0.2984378,0.3581497,0.49428096,6,1,0.105433136
rec11,1.05236,1.6057934,1.6654184,0.9173518,0.9269255,1.3277638,2.6093407,2.648917,0.4994071,0.3525933,0.2853601,0.2534268,0.24433744,0.24428846,0.25335917,0.28323498,0.308932,0.27436087,0.26452067,0.26446766,0.27428767,0.30490968,0.37383342,0.53549355,5,1,0.115888946
rec11,1.2659334,1.5956905,1.6759604,0.90813136,0.95449924,1.4178245,3.53714,2.6503227,0.4844246,0.35286635,0.29101762,0.26219332,0.25560772,0.25579974,0.26866752,0.30464935,0.29950973,0.26984435,0.26306656,0.26326415,0.2765074,0.3115931,0.38963535,0.57876915,5,1,0.12642357
rec11,1.4533992,1.5856048,1.6787858,0.8995121,0.9660536,1.4719489,3.5381656,2.6550696,0.48625064,0.36057007,0.30072087,0.27332187,0.26805854,0.26866487,0.28445342,0.3255442,0.29393438,0.26715374,0.2620092,0.26260182,0.27803412,0.3160988,0.4005095,0.61024505,5,1,0.133673
rec11,1.5687153,1.5756131,1.6808873,0.89009506,0.97560376,1.5255259,3.5388718,2.6593225,0.49106568,0.3698588,0.31158596,0.2854788,0.2813412,0.2825783,0.3014587,0.34343877,0.28932852,0.26508632,0.26124424,0.26239297,0.2799247,0.32096165,0.411955,0.64416313,5,1,0.14130332
rec11,1.5547676,1.5658916,1.6833754,0.88289607,0.98524106,1.5849509,2.8342762,2.658331,0.49713394,0.3799649,0.32322425,0.2984878,0.29540476,0.29751837,0.31984016,0.33548635,0.28538775,0.2635469,0.26082477,0.26269093,0.2823997,0.32664135,0.42497802,0.68365955,5,1,0.14998533
rec11,1.5398816,1.5564044,1.6862383,0.87496793,0.99494404,1.6514221,2.662016,2.6677215,0.5043716,0.3908801,0.33564976,0.31237984,0.3102097,0.31353822,0.33969334,0.32854915,0.282126,0.26256678,0.26074263,0.26354042,0.28552473,0.33324483,0.43982524,0.73002785,5,1,0.15988348
rec11,1.5240116,1.5468761,1.6892042,0.86518645,1.0042791,1.7258031,2.6600454,3.5921352,0.5130857,0.40289414,0.34913376,0.32742807,0.32604593,0.3309375,0.36138707,0.32261205,0.27956414,0.26218358,0.26107684,0.26499364,0.28937575,0.3408976,0.4567981,0.78498477,5,1,0.17119873
rec11,1.5071154,1.5372387,1.6922216,0.8510667,1.0131227,1.8099353,2.6629734,3.608982,0.52322805,0.4160228,0.36371636,0.34369496,0.34295514,0.34980989,0.38507733,0.31767958,0.2777378,0.2624492,0.26188427,0.2671187,0.2940493,0.34975672,0.47627115,0.8508549,5,1,0.18418077
rec11,1.4889765,1.5272728,1.6950686,0.839675,1.0210441,1.9057999,2.6656554,3.6279423,0.53498286,0.43046314,0.37959737,0.36139643,0.3611219,0.3704099,0.38996226,0.31377533,0.276698,0.26343086,0.26323074,0.27000105,0.29966506,0.36001608,0.49871457,0.9308611,5,1,0.19914305
rec11,1.4695169,1.516932,1.6977128,0.8208836,1.0278873,2.0168712,2.6680195,2.891215,0.54826546,0.44619673,0.39679027,0.38057587,0.38054258,0.392821,0.38205025,0.3109254,0.27649724,0.26519847,0.26517528,0.27373135,0.3063534,0.37189445,0.5246917,1.029525,5,0,0.2
rec11,1.4502593,1.5070806,1.7011487,0.8112403,1.0352762,2.1519449,2.670114,2.7988884,0.5617752,0.46219888,0.41440526,0.40040466,0.40053093,0.4162238,0.3755987,0.30902267,0.27706817,0.2677075,0.26779196,0.27828407,0.31411895,0.38547003,0.554639,1.152883,5,0,0.2
rec11,1.4320297,1.4981871,1.7059557,0.7921049,1.0442795,2.3222554,2.6647813,2.7162867,0.57489866,0.47796774,0.4319951,0.42015064,0.42076272,0.44020116,0.37043294,0.30797607,0.2783538,0.27072194,0.2711163,0.2836414,0.32297677,0.40084353,0.58910465,1.3100439,5,0,0.2
rec11,1.4148169,1.4902724,0.83610547,0.7811129,1.0551941,2.5430686,2.6659706,2.6420782,0.5876654,0.4935216,0.44957247,0.43982843,0.44125494,0.46478802,0.36645213,0.3077469,0.28034136,0.2742652,0.27515474,0.28982937,0.3329944,0.41819286,0.6288547,1.4102429,4,0,0.2
rec11,1.3974692,1.4790927,0.81755674,0.7657067,1.0502132,3.521903,2.6631615,2.6049302,0.60411817,0.51081735,0.46785676,0.45942503,0.46166873,0.48863387,0.3659582,0.30943918,0.28341484,0.27830714,0.27966627,0.29600105,0.3422779,0.43357852,0.66333467,1.3906775,4,0,0.2
rec11,1.3780857,1.4592671,1.6884836,0.75040424,1.0075701,2.6135209,2.6674912,2.632807,0.6288428,0.5320747,0.48758334,0.4789556,0.48138678,0.50304973,0.37102813,0.31393334,0.28768268,0.28259215,0.2840266,0.3007583,0.34800035,0.44120747,0.67618656,1.3711258,4,0,0.2
rec11,1.3584565,1.4384815,1.6644329,0.73686373,0.9608377,2.492301,2.663097,2.6675735,0.6544852,0.55377114,0.50746554,0.49848598,0.5010164,0.5107263,0.37668997,0.31872398,0.29207274,0.2869045,0.28836086,0.30534786,0.35331082,0.44794026,0.6865052,1.3515956,4,0,0.2
rec11,1.3388268,1.4176955,1.640382,0.7240523,0.91410565,2.3710835,2.6672084,2.7023401,0.68012756,0.57546747,0.5273476,0.51801634,0.52064586,0.51840395,0.38235274,0.32351506,0.2964632,0.2912173,0.29269552,0.30993786,0.35862178,0.4546738,0.696825,1.3320651,4,0,0.2
rec11,1.3191977,1.39691,1.6163313,0.7082562,0.86737335,2.2498665,2.6627991,2.7371068,0.70576984,0.59716386,0.5472298,0.5375467,0.54027534,0.5260814,0.38801524,0.32830626,0.30085373,0.29553017,0.29703027,0.31452796,0.36393288,0.46140736,0.70714474,1.312535,4,0,0.2
rec11,1.2995678,1.376124,1.5922804,0.6962828,0.8206413,2.1286476,2.677484,2.7718732,0.7314122,0.61886024,0.56711197,0.55707693,0.55990475,0.5337587,0.39367768,0.3330974,0.30524424,0.29984298,0.301365,0.31911805,0.36924395,0.46814093,0.71746457,1.2930044,4,0,0.2
rec11,1.2799387,1.3553381,1.5682297,0.6782732,0.773909,2.0074306,2.6730433,2.8066397,0.7570544,0.64055663,0.5869942,0.57660735,0.57953423,0.5414362,0.39934024,0.3378885,0.30963475,0.3041558,0.30569974,0.32370815,0.37455502,0.47487453,0.72778416,1.2734741,4,0,0.2
rec11,1.2603091,1.3345522,1.5441788,0.6665522,0.72717655,1.8862125,2.6686025,2.8414063,0.7826967,0.6622529,0.6068763,0.5961377,0.5991637,0.5491132,0.40500242,0.34267938,0.31402498,0.3084683,0.3100342,0.32829794,0.37986574,0.48160765,0.73810387,1.2539437,4,0,0.2
rec11,1.2406794,1.3137664,1.520128,0.6528209,0.6804445,1.7649938,2.6641617,2.8761723,0.80833894,0.6839494,0.62675846,0.615668,0.61879325,0.5567909,0.41066524,0.3474708,0.31841573,0.3127814,0.31436908,0.3328882,0.38517708,0.4883415,0.7484236,1.2344133,4,0,0.2
rec11,1.2210498,1.2929802,1.4960771,0.6475978,0.64164984,1.6437746,2.663806,2.91094,0.83398145,0.70564586,0.6466408,0.6351986,0.6384229,0.5644678,0.41632742,0.35226193,0.32280627,0.3170942,0.3187038,0.33747825,0.39048812,0.49507514,0.75874263,1.2148827,4,0,0.2
rec11,1.2014202,1.2721946,1.4720263,0.64280677,0.6311809,1.5225577,2.6658216,2.9457054,0.85962355,0.72734207,0.66652286,0.65472883,0.65805227,0.5721451,0.42198986,0.357053,0.32719675,0.32140702,0.3230385,0.34206828,0.3957992,0.50180864,0.7690625,1.1953526,4,0,0.2
rec11,1.1817908,1.2514088,1.4479755,0.63801557,0.6183294,1.4013397,2.661363,2.9804723,0.88526595,0.74903846,0.68640506,0.6742591,0.67768174,0.5798225,0.4276524,0.3618442,0.33158726,0.32571986,0.32737324,0.3466584,0.40111023,0.5085423,0.77938235,1.1758223,4,0,0.2
rec11,1.1621615,1.230623,1.4239249,0.6332245,0.6085643,1.2801223,2.668133,3.0152388,2.2239122,0.7707348,0.7062871,0.6937894,0.69731116,0.58749986,0.4333148,0.36663532,0.33597776,0.33003268,0.3317079,0.35124844,0.40642124,0.5152757,0.7897019,1.156292,4,0,0.2
rec11,1.1425318,1.2098371,1.399874,0.6284332,0.59677637,1.1589042,2.6636558,3.0500057,2.2495546,0.79243135,0.7261694,0.71331996,0.7169408,0.5951772,0.43897736,0.37142643,0.34036827,0.33434546,0.3360426,0.35583848,0.41173232,0.52200925,0.8000216,1.1367615,4,0,0.2
rec11,1.1229023,1.1890513,1.375823,1.7649351,0.5864403,1.0376859,2.6710951,3.0847723,2.2751968,0.8141277,0.74605143,0.7328501,0.7365702,0.6028543,0.4446398,0.3762176,0.34475878,0.33865836,0.3403774,0.3604286,0.41704342,0.52874285,0.81034166,1.1172311,6,0,0.2
rec11,1.1042074,1.1717281,1.3596498,1.7513026,0.57782155,0.9638227,2.6729884,3.0832536,2.285329,0.8326174,0.76478404,0.7523661,0.7568309,0.60347694,0.44730124,0.37957755,0.34865335,0.34299228,0.34502763,0.3661256,0.42484477,0.5407263,0.8352925,1.0976934,6,0,0.2
rec11,1.0883664,1.163527,1.3638844,1.7827734,0.5688882,1.0208791,2.6784375,2.9976094,2.2588418,0.8433316,0.78089714,0.77189827,0.77908415,0.5880627,0.4431333,0.37980032,0.3516825,0.34762985,0.35086605,0.3750962,0.439687,0.5675041,0.90278745,1.0783278,6,0,0.2
rec11,1.0770581,1.1662827,1.3918166,1.8688862,0.5589958,1.3838308,2.6868763,2.8501713,2.2037861,0.8477696,0.7955402,0.7911312,0.8046672,0.5614763,0.43414006,0.3781173,0.35482228,0.35285577,0.358893,0.38862398,0.4637755,0.6141064,1.0344038,1.05894,6,0,0.2
rec11,1.0695847,1.1753417,1.4327462,0.5690219,0.5484743,3.4410558,2.6714077,2.7086732,0.9620013,0.8521367,0.8112795,0.8101375,0.7937452,0.5372684,0.42635316,0.37766212,0.35955444,0.35904828,0.36929312,0.40580758,0.494681,0.676231,1.0413784,1.0399126,5,0,0.2
rec11,1.0627577,1.183024,1.4702405,0.554026,0.5394364,3.163915,2.6755686,2.6103587,0.9579228,0.86018676,0.8288432,0.82894516,0.7451671,0.5226972,0.42325273,0.38006878,0.36621982,0.36626488,0.3810949,0.42422125,0.5272143,0.74301887,1.0212756,1.0214014,5,0,0.2
rec11,1.0524913,1.1814561,1.4873148,0.54186285,0.5295328,2.9337857,2.6644394,2.5647433,0.96396446,0.8728433,0.8472099,0.8480855,0.7256152,0.51939,0.42564362,0.3854087,0.37409008,0.37447673,0.39259925,0.4407056,0.55479676,0.79863644,1.0028714,1.0039079,5,0,0.2
rec11,1.0424798,1.179698,1.5040158,0.5299727,0.51872915,2.7582405,2.665361,2.5271063,0.9711607,0.8861062,0.86537117,0.86760426,0.7111686,0.51813596,0.42922434,0.39163294,0.38246873,0.38345563,0.40490678,0.45820335,0.58417076,0.85924405,0.98471016,0.9872512,5,0,0.2
rec11,1.0332468,1.1789763,1.5231773,0.518098,0.50913584,2.6661496,2.6813047,2.4926224,0.97857475,0.89959097,0.88331395,0.887566,0.69917506,0.5179137,0.4335254,0.39853418,0.39132312,0.39320686,0.41822577,0.47721246,0.61653405,0.928336,0.96678245,0.97143626,5,0,0.2
rec11,1.0248022,1.1793472,1.5450668,0.5062243,0.49939382,2.6824248,3.6707714,2.461033,0.9862084,0.91331255,0.90098935,0.9080012,0.689341,0.5186524,0.43852445,0.4061109,0.40063128,0.40374914,0.43260399,0.49784258,0.6522253,0.96204233,0.9490617,0.95644754,5,0,0.2
rec11,1.0171589,1.1808736,1.5699977,0.494334,0.48964572,2.6644928,3.7009506,2.4321103,0.99406385,0.92728674,0.9184922,0.92894256,0.68142176,0.52029085,0.44420317,0.41436368,0.41043386,0.41510355,0.44809425,0.5202165,0.69163924,0.9405913,0.9316705,0.94227105,5,0,0.2
rec11,1.0103325,1.183629,1.5983384,0.48241165,0.47938463,2.6522784,3.1071148,2.4056523,1.0021442,0.94152886,0.9356208,0.95042413,0.6752138,0.5227775,0.4505474,0.42329547,0.4206393,0.42729452,0.4647556,0.5444726,0.73524004,0.9202021,0.91442794,0.92889595,5,0,0.2
rec11,1.0043433,1.1876969,1.6305257,0.4704411,0.4687156,2.6522787,3.0355268,2.3814816,1.0104538,0.95605654,0.95255,0.972483,0.6705422,0.526065,0.45754406,0.43291262,0.4313248,0.44035065,0.4826546,0.5707684,0.78357744,0.9008362,0.89753234,0.9163142,5,0,0.2
rec11,0.99921614,1.1931738,1.6670798,0.45840618,0.45758793,2.652239,2.9698534,2.3594406,1.0189971,0.9708867,0.96915364,0.96515226,0.6672617,0.5301151,0.46518502,0.4432221,0.4424309,0.45430234,0.5018638,0.5992805,0.8373033,0.88246,0.8808847,0.90452075,5,0,0.2
rec11,0.9949799,1.2001697,1.7086256,3.2609005,0.44604832,2.6521819,2.9094958,2.33939,1.0277803,0.9860384,0.98550075,0.94281816,0.6652462,0.5348934,0.4734633,0.45423433,0.45398673,0.46918446,0.5224646,0.6302099,0.89720047,0.86504245,0.8645709,0.89351344,6,0,0.2
rec11,0.9964347,1.2185507,1.7812747,3.334103,0.43413544,2.64443,2.8314583,2.3106287,1.0346539,1.0014884,1.0016884,0.91181153,0.65918875,0.53793484,0.48139966,0.46596846,0.46606144,0.48617226,0.5471792,0.66915125,0.8766474,0.84854656,0.848716,0.88533866,6,0,0.2
rec11,1.0109532,1.263702,1.9313223,0.42179608,0.4224849,2.6391895,2.7193658,2.2653978,1.0383971,1.0170172,1.0195423,0.86414003,0.6452274,0.5375138,0.4886477,0.478587,0.47977525,0.50761783,0.58080333,0.72600996,0.8505462,0.83303416,0.8351023,0.8835657,5,0,0.2
rec11,1.025302,1.3089011,2.0938725,0.40957364,0.41077805,2.6275952,2.6359339,2.2334828,1.0450275,1.0318788,1.038747,0.833343,0.6382009,0.5407611,0.49822268,0.4919539,0.4952283,0.53067875,0.6165116,0.78703904,0.8285789,0.81815386,0.8235994,0.88255596,5,0,0.2
rec11,1.0294856,1.3330483,2.2032304,0.397144,0.39818653,2.6132066,2.5955513,2.2217526,1.0552357,1.0462188,1.0570126,0.8257016,0.64170414,0.549289,0.5102559,0.50589573,0.51111513,0.55218214,0.64792645,0.83897924,0.8107418,0.80381393,0.81210726,0.87735814,5,0,0.2
rec11,1.0336217,1.3573835,2.3208241,0.40346602,0.38529298,2.628564,2.5617967,2.2131565,1.066002,1.060178,1.075531,0.8216288,0.64688873,0.5588524,0.5230872,0.52022946,0.52776337,0.57459944,0.6807725,0.84850925,0.7942068,0.789868,0.80130684,0.87241846,5,0,0.2
rec11,1.0391775,1.3852112,2.4596794,0.42146948,0.37374815,3.6525145,2.530583,2.2058327,1.077057,1.073755,1.0945697,0.8189068,0.6527516,0.56898403,0.5365676,0.5349227,0.54529196,0.5983764,0.716063,0.8257304,0.7786865,0.7762994,0.7913482,0.8683862,5,0,0.2
rec11,1.0462615,1.4169902,2.6254363,0.43315825,0.36247396,3.1018567,2.5017288,2.1997344,1.0884131,1.0869359,1.1141618,0.81740963,0.65926254,0.5796802,0.55070996,0.5499625,0.563738,0.6235986,0.75402033,0.8043514,0.7641529,0.7631158,0.7822303,0.8652915,5,0,0.2
rec11,1.0549985,1.4532694,2.8259382,0.44069886,0.35021487,0.38501248,2.4750743,2.1948211,1.1000856,1.0997152,1.1343439,0.81703305,0.6663973,0.5909411,0.565531,0.56534064,0.5831426,0.6503618,0.79489726,0.78430474,0.7505802,0.7503275,0.77395475,0.8631691,5,0,0.2
rec11,1.0655297,1.4947088,3.0724084,0.44536528,0.33920163,0.37261415,2.4504733,1.1536566,1.1120884,1.1123023,1.1551552,0.817686,0.6741349,0.6027679,0.5810491,0.58116084,0.6035506,0.67877156,0.83898175,0.7655307,0.73794734,0.7379836,0.76652575,0.86205864,5,0,0.2
rec11,1.0780183,1.5421118,3.2030582,0.44795534,0.3282996,0.3596984,2.4277985,1.1580971,1.124072,1.1252307,1.1560322,0.8192884,0.6824562,0.6151629,0.5970891,0.5977047,0.62501127,0.70894516,0.8297971,0.7479755,0.7259996,0.72645915,0.7599504,0.86200535,5,0,0.2
rec11,1.0926559,1.5964665,3.1866663,0.44899216,0.3192946,0.34622207,2.4069355,1.1628361,1.1355908,1.138538,1.138636,0.8217741,0.69134736,0.628132,0.61341476,0.6150068,0.64757943,0.7410136,0.80521756,0.7315902,0.7144488,0.71583605,0.7542405,0.863064,5,0,0.2
rec11,1.1096616,1.6589966,1.8673278,0.4488345,0.30874074,0.33213535,2.3877792,1.1678729,1.1467141,1.1522435,1.1238874,0.82508546,0.70079726,0.64168257,0.63005686,0.63309497,0.6713149,0.7751227,0.7823226,0.71633095,0.70335275,0.7061029,0.74941003,0.865294,5,0,0.2
rec11,1.1292918,1.7312402,1.5039836,0.44773552,0.29816192,0.31738448,2.3702414,1.1732112,1.1573687,1.16637,1.1114697,0.8291724,0.71079725,0.6558237,0.6469676,0.65199924,0.69628304,0.8114348,0.7610162,0.7021586,0.69267684,0.6972514,0.74547726,0.86876476,5,0,0.2
rec11,1.1518472,1.8151537,1.2828828,0.44587776,0.29009023,0.30190897,2.354236,1.1788534,1.1675884,1.1809399,1.1011164,0.8339913,0.7213402,0.67056626,0.6641584,0.671753,0.72255737,0.8501342,0.7412125,0.68903965,0.6824553,0.6892774,0.7424639,0.87355536,5,0,0.2
rec11,1.1776804,1.9132642,1.1329402,0.44339907,0.28425875,0.28564107,2.3396914,1.1848029,1.1773617,1.1959776,1.0926057,0.83950543,0.73242205,0.685923,0.68161494,0.69239235,0.7502174,0.82851446,0.72283304,0.6769429,0.67269117,0.6821777,0.7403959,0.8797552,5,0,0.2
rec11,1.2072103,2.0289,1.0236647,0.44040152,0.28977406,0.27527398,2.3265405,1.1910653,1.1866771,1.2115105,1.0857468,0.8456814,0.7440397,0.70190805,0.699322,0.71395653,0.7793495,0.8022279,0.70580894,0.66584206,0.66338885,0.6759542,0.7393042,0.88746744,5,0,0.2
rec11,1.2409356,2.1665206,0.9398062,0.43696508,0.29444692,0.26843548,0.3465058,1.1976475,1.1955352,1.2275681,1.080383,0.8524943,0.75619507,0.71854013,0.717273,0.7364914,0.8100525,0.77795595,0.6900767,0.65571404,0.6545577,0.6706103,0.7392245,0.8968092,5,0,0.2
rec11,1.279456,2.3322585,0.87288433,0.4331507,0.2983561,0.2620941,0.32592008,1.2045555,1.2038969,1.244181,1.0763758,0.85992014,0.7688893,0.7358375,0.7354351,0.760044,0.84243214,0.75556374,0.67558,0.6465391,0.6461857,0.66615295,0.74019843,0.90791607,4,0,0.2
rec11,1.3032336,2.4540522,0.844916,0.43564457,0.30425873,0.25784254,0.2985903,1.2119458,1.2118593,1.2583445,1.0830289,0.8722176,0.78399926,0.7538856,0.75383186,0.7827477,0.872196,0.73853534,0.6638377,0.63833964,0.6382941,0.6610144,0.738517,0.91281253,4,0,0.2
rec11,1.2909163,2.4378223,0.87064904,0.45027596,0.31483215,0.2546132,0.26158014,1.2196115,1.2195724,1.2668562,1.1078702,0.8928147,0.8028633,0.77233255,0.7723078,0.8022508,0.8943263,0.72900945,0.65556145,0.63063216,0.63061196,0.65330803,0.7302438,0.9031736,4,0,0.2
rec11,1.2752098,2.408162,0.90108657,0.46601737,0.32583854,0.26258802,0.25217405,1.2272847,1.2272453,1.2748264,1.134368,0.9141687,0.8220658,0.79080474,0.79077953,0.8214386,0.89360225,0.7201395,0.6475853,0.62295926,0.6229394,0.64535934,0.7213589,0.8921847,4,0,0.2
rec11,1.259504,2.3785017,0.93152267,0.48175833,0.33684456,0.27145752,0.25186813,1.2349575,1.2349179,1.2827964,1.1608655,0.9355226,0.84126836,0.80927724,0.8092513,0.84062654,0.88259655,0.71127033,0.6396096,0.6152869,0.61526716,0.63741094,0.71247447,0.88119626,5,0,0.2
rec11,1.2599391,2.4133265,0.93624324,0.49118885,0.3452957,0.2791555,0.2538527,0.28739324,1.2427105,1.2933784,1.1787483,0.9529632,0.8587582,0.82769305,0.82782435,0.8615765,0.865285,0.69954276,0.6303897,0.60758567,0.607682,0.63071865,0.70657676,0.8766762,5,0,0.2
rec11,1.301749,2.6272635,0.8857693,0.48579273,0.34749413,0.28388572,0.25761807,0.25665772,1.2510705,1.3105831,1.1768696,0.96144474,0.8724833,0.8462491,0.84703916,0.8873325,0.8346287,0.6818508,0.6187598,0.60015464,0.600715,0.62740034,0.7082575,0.8884325,4,0,0.2
rec11,1.3324862,2.8104334,0.8586551,0.48504314,0.3512154,0.28908813,0.2636802,0.25927603,1.2592309,1.3255594,1.1827669,0.97354454,0.88797975,0.86500674,0.86660546,0.9122528,0.81108934,0.66761386,0.6089373,0.59318346,0.59427977,0.62358475,0.70803154,0.8956476,4,0,0.2
rec11,1.3214486,2.798569,0.8768817,0.4965569,0.35992542,0.29644856,0.2705131,0.26410717,1.2661157,1.3333734,1.2067648,0.99393845,0.9069813,0.88382584,0.8855526,0.93259454,0.8007004,0.65948814,0.60179114,0.58642733,0.587573,0.6167992,0.7006831,0.887013,4,0,0.2
rec11,1.3062849,2.7664547,0.8992664,0.5092333,0.36911374,0.30401653,0.2774189,0.27033633,1.2728583,1.3404744,1.2324814,1.0151198,0.9263095,0.9026606,0.90442413,0.95246845,0.7915117,0.65191984,0.59488505,0.5796975,0.5808301,0.6097209,0.6926428,0.8768345,5,0,0.2
rec11,1.3119625,2.838266,0.8992579,0.51543695,0.3755472,0.31031713,0.28379714,0.2770399,0.2777287,1.3511562,1.2491524,1.0321828,0.94397163,0.92149544,0.9237867,0.97495335,0.7767234,0.6418115,0.58696187,0.57298607,0.57441086,0.6042289,0.68817556,0.87449026,5,0,0.2
rec11,1.3661981,2.8596835,0.85601264,0.50815785,0.3760177,0.31377897,0.28892896,0.28349286,0.28477362,1.3699334,1.2473527,1.04089,0.9584558,0.94042283,0.94467145,1.0037363,0.75143206,0.62705445,0.57739437,0.5665309,0.56909025,0.60251963,0.6918503,0.88991934,4,0,0.2
rec11,1.4086708,2.8406193,0.8308494,0.50521517,0.37800127,0.31771207,0.29403576,0.2894979,0.29136226,1.3860624,1.2528394,1.0530181,0.9745459,0.9595058,0.9656849,0.97820485,0.73189145,0.61515856,0.5693162,0.5605299,0.5641398,0.60022306,0.69355494,0.90065783,4,0,0.2
rec11,1.4000039,2.8214865,0.8432997,0.5139443,0.3849401,0.3237693,0.2997894,0.29525876,0.29721928,1.3932415,1.2759248,1.0731674,0.99368364,0.97866625,0.98516464,0.9656743,0.7232821,0.6083453,0.5632884,0.5547755,0.5584592,0.59446687,0.6873312,0.8934263,4,0,0.2
rec12,0.31032252,0.43428877,0.8860686,1.7057751,1.7699689,1.0243471,1.08719,1.5214955,3.5844371,0.5815755,0.2942553,0.20399813,0.16796142,0.1500255,0.0,0.0,0.0,0.16845337,0.20791386,0.22392091,0.2156562,0.21565981,0.22380051,0.2514256,8,2,0.0
rec12,0.33947888,0.5066868,1.3062501,1.7134944,1.81604,1.0237333,1.189338,1.7751373,2.6887155,0.44449952,0.25844046,0.18950982,0.1608566,0.0,0.0,0.0,0.15384768,0.17752409,0.22744852,0.21971618,0.21565685,0.21646696,0.22962579,0.264964,8,2,0.0
rec12,0.37734646,0.6127563,1.7055619,1.7324151,1.8769004,1.0240861,1.322004,2.1467433,2.6894562,0.3615879,0.23171976,0.17800654,0.15528184,0.0,0.0,0.0,0.15900351,0.18890437,0.23176612,0.21702914,0.21565665,0.21868429,0.23732111,0.28194973,8,2,0.0
rec12,0.42780268,0.78131354,1.7055883,1.7631629,1.0232582,1.0627129,1.4987736,2.7372713,0.6159239,0.30639592,0.21123105,0.16883776,0.15101388,0.0,0.0,0.0,0.16561311,0.20323287,0.22539608,0.21577057,0.21565998,0.22238481,0.24718615,0.30333564,8,2,0.0
rec12,0.4975089,1.0873893,1.710258,1.8067875,1.0231841,1.1579503,1.7429823,3.044965,0.46381307,0.26730487,0.1952184,0.16154993,0.0,0.0,0.0,0.1530638,0.17395678,0.2214459,0.2207411,0.21566102,0.21625046,0.2276943,0.25963986,0.33051997,6,1,0.039759904
rec12,0.58517677,1.6924672,1.7214228,1.8558153,1.0203794,1.2633699,2.0505376,2.6935422,0.38762423,0.24512929,0.18690975,0.15909265,0.0,0.0,0.0,0.16025937,0.18658543,0.23245722,0.2170854,0.21488495,0.21720456,0.233193,0.2726278,0.36053696,6,1,0.04841853
rec12,0.6773882,1.6985189,1.7335485,1.0673405,1.0199188,1.358377,2.3717465,2.6915665,0.35274327,0.23570052,0.18492255,0.16054735,0.15213111,0.15154643,0.15467189,0.16942902,0.20120305,0.22646965,0.21459758,0.21377283,0.21818163,0.23785557,0.2838191,0.3879624,6,1,0.055879403
rec12,0.80138445,1.6933006,1.7492261,1.0163591,1.0354449,1.4670438,3.5896053,0.69662076,0.32931307,0.22992952,0.18488128,0.16339892,0.15694755,0.15685792,0.16203856,0.180324,0.21853258,0.22164272,0.2128917,0.21277012,0.21979739,0.24327327,0.29642877,0.41998768,8,1,0.064285845
rec12,1.0211527,1.6883198,1.7733927,1.0133464,1.0919036,1.6223267,3.5882838,0.5764787,0.30890054,0.22505265,0.18562798,0.16725719,0.1630664,0.16319102,0.17141406,0.19438899,0.24123622,0.21736214,0.2119159,0.21207787,0.22276422,0.2510528,0.31397247,0.46649352,8,1,0.07598165
rec12,1.6083738,1.691189,1.8165119,1.0098947,1.1844547,1.899154,2.695397,0.4786474,0.28792801,0.21971624,0.18670662,0.17226751,0.17041038,0.17157502,0.18428932,0.21452057,0.23162283,0.21371007,0.2114062,0.21285102,0.22862397,0.2641802,0.34318092,0.5502561,5,1,0.09545395
rec12,1.6705662,1.7009758,1.0614709,1.005338,1.2928885,2.2781491,2.6974123,0.42455754,0.27671078,0.21909378,0.19097441,0.17999806,0.17949703,0.18276443,0.2006362,0.23988874,0.22499695,0.21206515,0.21147488,0.21532433,0.23637997,0.28022787,0.37945947,0.66863114,8,1,0.11963964
rec12,1.6592875,1.7157526,0.9915588,1.011069,1.4195666,3.587846,2.6977859,0.39477357,0.27304476,0.22284433,0.19859004,0.19083548,0.19083847,0.19733268,0.2213299,0.24797124,0.22098215,0.21235317,0.21235651,0.21958296,0.24628602,0.29979423,0.4250482,0.8457514,8,1,0.15003212
rec12,1.6517001,1.7434504,0.97837675,1.0823026,1.6209581,2.8009171,0.6474631,0.37127692,0.27175534,0.22890958,0.20902246,0.20483245,0.20563813,0.21706115,0.2500883,0.23967819,0.21885547,0.21446836,0.21531193,0.22727233,0.26185322,0.3300845,0.50006527,1.239352,4,0,0.2
rec12,1.6490706,1.7747364,0.9647178,1.1584245,1.8712275,2.6912394,0.5784903,0.3640787,0.27816224,0.24044697,0.22421466,0.22238487,0.22530752,0.24247687,0.27339423,0.23632567,0.22037159,0.21857315,0.22144574,0.23832078,0.28195363,0.36870432,0.6035604,1.627679,4,0,0.2
rec12,1.6461356,1.7976847,0.9458386,1.2165892,2.1082423,2.6873946,0.5581952,0.37054282,0.29095632,0.25594026,0.24220873,0.24153437,0.24717593,0.2699318,0.2702689,0.23774254,0.22498737,0.22436096,0.22960141,0.25073928,0.30288872,0.40836564,0.71829456,1.608564,4,0,0.2
rec12,1.6394612,0.9890183,0.93654853,1.2461143,2.2769167,2.6904128,0.5634497,0.38493937,0.3070468,0.27291617,0.2606095,0.2603792,0.26853418,0.2960188,0.272446,0.24216162,0.2312418,0.23103742,0.23827343,0.26266083,0.32168105,0.44292656,0.8224115,1.5896732,8,0,0.2
rec12,1.6318661,0.9508784,0.9126886,1.2671063,2.434668,2.6777554,0.5744204,0.40093338,0.32372192,0.2901197,0.2790578,0.2790436,0.28983155,0.32200822,0.27643704,0.24774326,0.23829709,0.23828502,0.24749717,0.27497396,0.34073424,0.47794756,0.934153,1.5711257,8,0,0.2
rec12,1.6357796,0.89770466,0.90555406,1.3414265,3.554031,2.6754792,0.5657834,0.40830955,0.33627346,0.3055505,0.29742834,0.29792097,0.31335455,0.3378615,0.2782542,0.2528321,0.24611132,0.246519,0.25928968,0.29212186,0.36983925,0.5375078,1.1717303,1.5552132,8,0,0.2
rec12,1.6568929,0.87711096,0.95134294,1.5027359,3.2453947,2.665657,0.5429475,0.40842366,0.34527907,0.31972608,0.31539378,0.31783384,0.34051436,0.33007506,0.2790435,0.25839236,0.25489116,0.25686312,0.27519283,0.31665602,0.41477156,0.64048576,1.5346597,1.5465326,3,0,0.2
rec12,1.6897804,0.8534977,1.015734,1.748659,2.6613882,3.6022286,0.5233188,0.4085883,0.35417724,0.3342382,0.33271182,0.33901942,0.3705244,0.32529932,0.28197965,0.26610515,0.2648899,0.2699117,0.29499453,0.34762502,0.47426805,0.79406023,1.5173357,1.5461013,8,0,0.2
rec12,1.7296052,0.83439213,1.0930591,2.0964499,2.6509612,2.7894225,0.51051927,0.41095206,0.36405855,0.34950602,0.34935084,0.36128023,0.40262324,0.32467952,0.28763044,0.27613333,0.27601072,0.28543565,0.31809947,0.38408452,0.54784,1.0146236,1.5007544,1.552002,8,0,0.2
rec12,0.82691854,0.8156047,1.2327448,3.5118244,2.6379492,0.66214824,0.49356237,0.41070786,0.373046,0.36514646,0.36598438,0.38691244,0.3896192,0.32421368,0.29448327,0.28824756,0.28890902,0.30542967,0.34913382,0.4358608,0.6643392,1.4778322,1.4882962,1.5734016,2,0,0.2
rec12,0.79575443,0.8588686,1.4140164,3.1662874,2.6319823,0.622698,0.4831516,0.41310003,0.3833891,0.37995148,0.38369864,0.4141418,0.38363248,0.3280101,0.304419,0.3016894,0.30466458,0.32883713,0.38541123,0.49823076,0.82027274,1.4700778,1.4845756,1.6023644,2,0,0.2
rec12,0.77952313,0.89893234,1.5883819,2.6186934,3.5493052,0.605199,0.48168495,0.41941175,0.39515314,0.39383507,0.40121868,0.4398455,0.38659325,0.33661363,0.317144,0.31608617,0.32201228,0.35301366,0.42191315,0.5613394,0.9918673,1.4561992,1.4835019,1.6263247,7,0,0.2
rec12,0.7560412,0.94641095,1.820974,2.6016424,3.573301,0.5915426,0.4813764,0.42612657,0.40718633,0.40698484,0.41923037,0.4667549,0.39168817,0.34673226,0.33132088,0.33115688,0.34112117,0.3797912,0.46314144,0.6356763,1.2230948,1.4430549,1.4864753,1.6549842,7,0,0.2
rec12,0.7365303,1.0452535,2.3714943,2.5911195,2.6934884,0.5688006,0.47602713,0.4306891,0.41926634,0.41997212,0.44058138,0.4706812,0.39391127,0.3563942,0.34694177,0.3475259,0.36458007,0.4152275,0.52222884,0.75431806,1.4307766,1.4324452,1.5035168,0.7503392,7,0,0.2
rec12,0.7780261,1.2078052,3.43668,2.5795228,2.416219,0.5462424,0.4702349,0.43539852,0.43038082,0.43440402,0.4654656,0.46148342,0.3972698,0.36783877,0.36359972,0.3669986,0.39324075,0.46030897,0.60229623,0.9350027,1.4197556,1.4311863,1.5354964,0.71625715,7,0,0.2
rec12,0.8528669,1.458291,2.5582902,3.499718,0.6735755,0.5278773,0.46622473,0.44131497,0.4401195,0.45049852,0.4934941,0.45702124,0.40364423,0.38207802,0.38104308,0.3900289,0.42725325,0.51539665,0.70661193,1.2082138,1.4099444,1.4402084,1.5809321,0.6976365,6,0,0.2
rec12,0.94256246,1.8188753,2.5478652,3.5439634,0.63640344,0.5153282,0.46488032,0.44850105,0.44861555,0.46736407,0.5227126,0.4586811,0.4137786,0.39919987,0.3993018,0.41598934,0.46525377,0.5781959,0.83332556,1.4015607,1.4019184,1.4564337,0.7106564,0.67500854,6,0,0.2
rec12,1.030657,2.2697608,2.527325,2.6821864,0.61422944,0.5088384,0.4661718,0.45571113,0.4570379,0.48318177,0.5495965,0.46659112,0.427467,0.4178748,0.41909137,0.4430647,0.5039654,0.6423711,0.9692494,1.3944138,1.3984734,1.4734994,0.657766,0.68306917,6,0,0.2
rec12,1.1430795,3.3632667,2.5098739,2.4949336,0.59523,0.5033487,0.46786153,0.46188542,0.4657564,0.49964648,0.5630079,0.47610047,0.44253433,0.43688178,0.44054314,0.47259855,0.5469533,0.71636486,1.1397711,1.3881867,1.3998208,1.4957592,0.6451429,0.7184444,6,0,0.2
rec12,1.2945942,3.029204,2.4908948,2.3377764,0.57810736,0.4983823,0.46978632,0.46706453,0.47486073,0.5171289,0.5646526,0.48678297,0.45885265,0.45619413,0.4638089,0.50509334,0.59542674,0.8038089,1.364058,1.3829913,1.4060764,1.5242766,0.6226578,0.7628754,6,0,0.2
rec12,1.5063587,2.4704807,3.4173517,2.204307,0.5625584,0.4938805,0.47195196,0.4712371,0.48441124,0.5358026,0.56796134,0.49862373,0.4764846,0.47576293,0.48906353,0.5409485,0.6504017,0.9084984,1.38094,1.3788483,1.417396,0.6356635,0.60916644,0.8188285,6,0,0.2
rec12,1.8183118,2.4631,3.4447112,2.0898407,0.5483403,0.48979527,0.47436732,0.47440162,0.4944766,0.55587375,0.5727797,0.51162535,0.49550962,0.49554554,0.5165153,0.5806489,0.713176,1.0358287,1.3756965,1.3757962,1.4340149,0.59035385,0.6126487,0.88982123,6,0,0.2
rec12,2.3158875,2.4330103,2.6892295,1.9908738,0.5352556,0.4860862,0.47646514,0.47746396,0.50513536,0.5775905,0.5789934,0.5258062,0.5153989,0.5164793,0.54641193,0.6247876,0.78543085,1.1937306,1.3735988,1.3764782,1.4562521,0.57253975,0.6454841,0.9810334,5,0,0.2
rec12,3.2647498,2.4128397,2.5227454,1.9170415,0.5250245,0.48331967,0.47754166,0.48040769,0.5148588,0.5977226,0.5886003,0.5418454,0.5353677,0.5385808,0.5772037,0.6701014,0.8607808,1.3686165,1.3725153,1.3807526,0.6226052,0.5599479,0.67928594,1.0800449,5,0,0.2
rec12,3.2447612,2.3989954,2.430129,1.874808,0.51892334,0.4817079,0.47784182,0.48237765,0.5212613,0.6112069,0.603114,0.55986065,0.55536735,0.5606391,0.60583115,0.7103696,0.9259067,1.3833228,1.3722205,1.3852459,0.56674325,0.5462212,0.7038712,1.1558018,5,0,0.2
rec12,3.2248452,2.3765368,2.3502178,1.8375721,0.51313925,0.48001856,0.47760436,0.48404166,0.52718484,0.62413204,0.6181912,0.5782898,0.57538146,0.5831365,0.6351121,0.7519066,0.99431205,1.3794438,1.3725061,1.3910049,0.5346229,0.547611,0.7300313,1.2396066,5,0,0.2
rec12,2.750358,2.3617673,2.2760737,1.8023478,0.5072641,0.47814134,0.4768191,0.4855203,0.53303576,0.63737714,0.6333659,0.59700334,0.5953525,0.60621667,0.66554415,0.79582393,1.0686427,1.3770534,1.3732456,1.3983048,0.5248519,0.5609181,0.7596562,1.339037,5,0,0.2
rec12,2.388508,2.3390377,2.207078,1.7689759,0.5012926,0.4760747,0.47552127,0.4868127,0.53881943,0.6509835,0.6486563,0.6160253,0.61530924,0.62991995,0.6972148,0.84235144,1.1497252,1.3761383,1.3745387,1.4071774,0.5115924,0.5759489,0.7932065,1.4582232,5,0,0.2
rec12,2.3163135,2.3328335,2.1427002,1.7373177,0.4952196,0.47381735,0.47371244,0.4879183,0.5445414,0.66499764,0.6640807,0.6353806,0.63524,0.6542896,0.73022014,0.8917496,1.2385418,1.3766896,1.3763849,0.56359845,0.5055175,0.5928492,0.83123505,1.6029112,5,0,0.2
rec12,2.3008292,3.2616048,2.082478,1.7072457,0.48903945,0.47136655,0.4714521,0.4888349,0.550207,0.67947143,0.67965543,0.65509397,0.65521276,0.67937106,0.76466453,0.9443132,1.3362775,1.3787048,1.3789546,0.497047,0.5003667,0.6117876,0.8744086,1.7813228,5,0,0.2
rec12,2.278616,3.2656853,2.0260088,1.678645,0.48274586,0.46850392,0.46899277,0.48955965,0.5558212,0.6944632,0.69539875,0.6748831,0.67558736,0.705214,0.80066425,1.0003791,1.4235482,1.381551,1.3829925,0.49181744,0.51194763,0.63295597,0.92353755,2.00565,5,0,0.2
rec12,2.2559614,3.272174,1.9729404,1.6514139,0.47633293,0.46513277,0.46633127,0.49008948,0.56138986,0.7100404,0.711329,0.69460326,0.6963931,0.7318723,0.8383482,1.0603348,1.4182881,1.3849393,1.3885078,0.4842507,0.52490324,0.6565756,0.97962064,3.1055455,4,0,0.2
rec12,2.2447486,3.2711425,1.9372516,1.6323544,0.47061902,0.4612665,0.46311814,0.48895645,0.56352746,0.7188683,0.7287027,0.7142212,0.71708816,0.757096,0.87256104,1.1130897,1.4169492,1.38879,1.3943648,0.47827074,0.53603256,0.67598605,1.0249377,3.085896,4,0,0.2
rec12,2.2254145,3.2520812,1.9293416,1.6265818,0.46629673,0.45716524,0.45906228,0.48486158,0.55909675,0.7137364,0.7484528,0.7337959,0.73684084,0.77825123,0.8974064,1.145618,1.4207107,1.3928889,0.5217668,0.4750435,0.5416033,0.68348575,1.0377474,3.0663152,4,0,0.2
rec12,2.205309,3.2313242,1.9238845,1.6219805,0.46209243,0.4530433,0.45492324,0.48048994,0.554056,0.7073012,0.7684153,0.75336736,0.7564935,0.7990084,0.92134154,1.1761736,1.4249147,1.3970108,0.47155526,0.47406253,0.54664433,0.6898473,1.0474064,3.0467439,4,0,0.2
rec12,2.1852036,3.2105675,1.9184266,1.6173791,0.45788795,0.44892114,0.45078397,0.47611803,0.54901475,0.7008656,0.7883772,0.77293843,0.77614576,0.8197651,0.94527614,1.206728,1.4291193,1.401133,0.46908808,0.47843423,0.5516855,0.69620895,1.0570658,3.0271728,4,0,0.2
rec12,2.165098,3.1898103,1.9129689,1.612778,0.45368356,0.4447991,0.44664478,0.47174627,0.5439735,0.69443005,0.80833924,0.79250956,0.7957981,0.84052193,0.96921104,1.2372831,1.4333239,1.405255,0.46943268,0.48280618,0.5567268,0.702571,1.0667251,3.0076017,4,0,0.2
rec12,2.1449928,3.1690533,1.9075111,1.6081764,1.4694829,0.44067687,0.44250548,0.46737435,0.5389322,0.6879944,0.82830155,0.8120809,0.8154507,0.86127895,0.99314606,1.2678381,1.4375281,1.409377,0.46867132,0.487178,0.56176794,0.70893276,1.0763847,2.9880304,4,0,0.2
rec12,2.1248875,3.1482964,1.9020531,1.6035752,1.4652786,0.43655482,0.43836635,0.46300247,0.533891,0.6815588,0.84826356,0.8316521,0.83510303,0.8820359,1.0170809,1.2983931,1.4417328,1.4134992,0.4689469,0.49154985,0.5668092,0.7152946,1.0860441,2.9684594,4,0,0.2
rec12,2.1047823,3.1275394,1.8965956,1.598974,1.4610739,0.43243262,0.43422702,0.4586306,0.5288497,0.6751233,0.86822546,0.85122293,0.85475516,0.90279233,1.0410154,1.3289478,1.445937,1.4176214,0.47025216,0.49592173,0.5718505,0.7216564,1.0957032,2.9488883,4,0,0.2
rec12,2.084677,3.1067832,1.8911378,1.5943727,1.4568696,0.42831045,0.43008775,0.45425868,0.52380854,0.66868776,0.88818765,0.8707943,0.8744076,0.92354923,1.0649503,1.3595029,1.4501417,0.4730656,0.47367328,0.5002937,0.57689166,0.7280184,1.105362,2.9293168,4,0,0.2
rec12,2.0645719,3.0860267,1.8856801,1.5897713,1.452665,0.42418832,0.42594853,0.44988683,0.51876724,0.66225225,0.9081497,0.89036554,0.8940601,0.9443063,1.0888853,1.3900579,1.4543461,0.4760494,0.4778124,0.50466543,0.5819328,0.73438,1.1150216,2.9097455,4,0,0.2
rec12,2.0444665,3.0652697,1.8802224,1.58517,1.4484603,0.4202529,0.4218093,0.44551504,0.51372606,0.65581656,0.9281117,0.9099365,0.9137124,0.965063,1.11282,1.4206127,1.4585505,0.47996008,0.48195162,0.50903726,0.5869741,0.7407421,1.124681,2.8901744,4,0,0.2
rec12,2.0243607,3.0445123,1.8747644,1.580569,1.4442561,0.41713428,0.41767013,0.4411432,0.50868493,0.64938116,0.9480738,0.92950773,0.93336475,0.9858197,1.1367546,1.4511675,1.462755,0.48408228,0.486091,0.51340926,0.5920153,0.7471039,1.1343404,2.8706036,4,0,0.2
rec12,2.0042555,3.0237553,1.8693068,1.5759677,1.4400519,1.4118513,0.4148993,0.43677127,0.5036437,0.6429456,0.96501446,0.94907904,0.9530173,1.0065769,1.1606898,1.4817228,1.4669597,0.4882044,0.4902302,0.51778114,0.59705657,0.75346565,1.1439995,2.8510318,4,0,0.2
rec12,1.9841502,3.0029986,1.8638493,1.5713662,1.4358473,1.4077291,0.41356054,0.43239942,0.49860245,0.6365099,0.95535517,0.96865034,0.97266984,1.0273337,1.1846249,1.5122781,1.4711641,0.4923264,0.49436933,0.52215296,0.6020978,0.7598276,1.153659,2.8314612,4,0,0.2
rec12,1.9640445,2.9822412,1.8583912,1.566765,1.4316428,1.403607,0.41459277,0.42802763,0.4935613,0.6300744,0.94569576,0.98822147,0.99232227,1.0480906,1.2085598,1.5428327,1.4753685,0.49644852,0.49850857,0.5265247,0.6071389,0.7661894,1.1633182,2.8118892,4,0,0.2
rec12,1.9439397,2.961485,1.8529338,1.5621635,1.4274384,1.399485,0.41537958,0.42365572,0.48852,0.6236388,0.93603635,1.0077926,1.0119743,1.0688474,1.2324945,1.5733876,0.51056916,0.5005708,0.5026479,0.53089666,0.6121802,0.77255136,1.1729776,2.7923186,4,0,0.2
rec12,1.923834,2.940728,1.8474758,1.5575621,1.4232335,1.3953625,0.41706628,0.4192838,0.4834787,0.6172031,0.92637706,1.027364,1.0316272,1.0896046,1.2564296,1.6039429,0.51477367,0.50469285,0.5067872,0.53526855,0.6172215,0.77891326,1.1826371,2.7727473,4,0,0.2
rec12,1.9037287,2.919971,1.842018,1.552961,1.4190295,1.3912406,0.46111837,0.4196404,0.4784376,0.6107678,0.91671807,1.046935,1.0512794,1.1103613,1.2803644,1.6284215,0.5189782,0.508815,0.51092637,0.5396404,0.62226266,0.785275,1.192296,2.7531762,4,0,0.2
rec12,1.8836232,2.8992143,1.8365605,1.5483598,1.4148248,1.3871186,1.3928745,0.4230838,0.4733964,0.6043321,0.9070584,1.066506,1.0709316,1.1311178,1.3042989,1.6330228,0.52318263,0.5129371,0.51506567,0.54401237,0.62730396,0.79163694,1.2019556,2.7336051,4,0,0.2
rec12,1.863518,2.878457,1.8311023,1.5437584,1.4106206,1.3829963,1.388735,0.43053156,0.46835512,0.59789646,0.8973991,1.0860771,1.090584,1.1518747,1.3282337,1.6376241,0.5273871,0.51705927,0.51920485,0.5483841,0.632345,0.79799867,1.2116148,2.7140336,4,0,0.2
rec12,1.8434128,2.8577008,1.8256447,1.539157,1.4064159,1.3788742,1.384596,0.43248248,0.46331382,0.59146094,0.88773984,1.1056485,1.1102364,1.1726317,1.3521688,1.6422254,0.5315915,0.52118134,0.52334404,0.5527561,0.6373863,0.8043607,1.2212749,2.694463,4,0,0.2
rec12,1.8233075,2.8369439,1.8201871,1.5345557,1.4022113,1.3747518,1.3804566,0.43838015,0.45827264,0.58502537,0.8780806,1.1252196,1.1298888,1.1933886,1.3761036,1.646827,0.53579605,0.5253035,0.5274833,0.55712783,0.64242744,0.8107224,1.2309335,2.6748915,4,0,0.2
rec12,1.8032019,2.816187,1.8147289,1.5299547,1.3980072,1.37063,1.3763176,0.44503316,0.45323142,0.5785899,0.86842114,1.1447911,1.1495414,1.2141455,1.4000387,1.6514279,0.54000044,0.5294256,0.5316225,0.5614997,0.6474687,0.8170844,1.240593,2.6553204,4,0,0.2
rec12,1.7830966,2.79543,1.8092715,1.5253531,1.3938025,1.3665075,1.3721783,0.4774363,0.45240593,0.5721542,0.858762,1.1643621,1.1691936,1.2349024,1.4239737,1.6560293,0.54420495,0.53354776,0.5357618,0.5658716,0.6525099,0.8234463,1.250252,2.6357489,4,0,0.2
rec12,1.7629913,2.774673,1.803814,1.5207518,1.3895981,1.3623856,1.3680389,0.5127848,0.46046194,0.5657187,0.8491028,1.1839334,1.1888462,1.2556593,1.4479085,0.6001698,0.54840946,0.53766996,0.5399011,0.5702435,0.65755117,0.829808,1.2599113,2.6161776,4,0,0.2
rec12,1.7428858,2.753916,1.7983558,1.5161506,1.3853936,1.3582636,1.3638998,0.54813373,0.46996465,0.5592832,0.83944345,1.2035046,1.2084986,1.2764162,1.4718432,0.60477096,0.5526138,0.541792,0.54404014,0.57461524,0.66259235,0.8361698,1.2695711,2.5966067,4,0,0.2
rec12,1.7227805,2.7331595,1.7928983,1.5115495,1.3811892,1.3541415,1.3597605,2.209086,0.48358217,0.55284756,0.82978374,1.2230756,1.228151,1.297173,1.495778,0.60937226,0.5568183,0.5459142,0.5481794,0.5789871,0.6676336,0.8425318,1.27923,2.5770354,4,0,0.2
rec12,1.7026751,2.7124026,1.7874407,1.5069478,1.3769845,1.3500191,1.3556212,2.2444353,0.49370742,0.5464119,0.82012457,1.242647,1.2478034,1.31793,1.519713,0.6139737,0.5610229,0.5500364,0.55231875,0.58335906,0.6726749,0.8488937,1.2888895,2.5574644,4,0,0.2
rec12,1.68257,2.6916459,1.7819827,1.5023466,1.3727802,1.3458971,1.351482,2.2797842,0.50267667,0.5399764,0.81046516,1.262218,1.2674557,1.3386867,1.5436478,0.618575,0.5652274,0.5541585,0.55645806,0.58773077,0.6777161,0.8552554,1.2985488,2.5378928,4,0,0.2
rec12,1.6624647,2.670889,1.7765248,1.4977454,1.3685757,1.3417751,1.3473431,2.3151326,0.51456,0.5335409,0.80080587,1.2817893,1.2871082,1.3594437,1.5675826,0.6231763,0.56943184,0.55828065,0.5605973,0.5921028,0.6827575,0.86161745,1.3082081,2.518322,4,0,0.2
rec12,1.6423593,2.6501322,1.7710671,1.4931439,1.3643712,1.3376528,1.3432035,2.3504822,0.5313706,0.5271052,0.79114705,1.3013602,1.3067603,1.3801999,1.5915171,0.6277776,0.57363623,0.5624027,0.5647364,0.59647465,0.68779856,0.86797935,1.3178675,2.4987512,4,0,0.2
rec12,1.6222538,2.629375,1.7656096,1.4885428,1.3601669,1.3335308,1.3390644,2.3858306,0.55728287,0.539134,0.7814871,1.3209314,1.3264127,1.4009571,1.6154522,0.6323788,0.5778407,0.56652486,0.56887573,0.60084647,0.6928397,0.87434095,1.3275269,2.4791796,4,0,0.2
rec12,1.6021489,2.6086185,1.7601519,1.4839416,1.3559623,1.3294084,1.3349249,2.4175308,0.58319545,0.5528018,0.7718281,1.340503,1.3460654,1.4217142,1.6393875,0.6369801,0.58204514,0.570647,0.57301486,0.60521823,0.697881,0.88070285,1.3371861,2.459609,4,0,0.2
rec12,1.582043,2.5878615,1.7546939,1.4793402,1.3517579,1.3252864,1.3307856,2.4131594,0.6091081,0.56435204,0.762169,1.3600738,1.3657174,1.4424708,1.6633217,0.6415815,0.5862497,0.5747692,0.5771542,0.60959023,0.70292217,0.8870647,1.3468453,2.4400375,4,0,0.2
rec12,1.5619377,2.5671046,1.7492363,1.4747391,1.3475534,1.3211644,1.3266467,1.4012042,0.6350209,0.5802116,0.7525095,1.3796453,1.3853701,1.463228,1.6872572,0.6461828,0.5904541,0.5788912,0.58129334,0.61396205,0.70796335,0.8934266,1.3565048,2.4204664,4,0,0.2
rec12,1.5418322,2.5463471,1.7437783,1.4701376,1.3433489,1.3170421,1.3225071,1.3968322,1.8525778,0.59745705,0.7428501,1.3992167,1.4050227,1.4839848,1.7111919,0.650784,0.59465855,0.58301336,0.58543265,0.6183339,0.71300465,0.8997884,1.366164,2.4008949,4,0,0.2
rec12,1.5217272,2.5255907,1.7383207,1.4655364,1.3391445,1.3129201,1.3183682,1.3924603,1.8784907,0.6071623,0.7331908,1.4187877,1.424675,1.5047417,0.7773739,0.6553853,0.59886307,0.58713543,0.58957183,0.62270576,0.71804595,0.90615034,1.3758233,2.3813233,4,0,0.2
rec12,1.5016218,2.5048337,1.7328628,1.4609349,1.3349397,1.3087978,1.3142287,1.3880883,1.904403,0.6218791,0.7235316,1.4383584,1.4443271,1.5254983,0.78283155,0.6599867,0.6030675,0.5912577,0.5937112,0.6270777,0.72308713,0.91251224,1.3854827,2.3617525,4,0,0.2
rec12,1.4815164,2.4840767,1.7274053,1.4563339,1.3307354,1.3046758,1.3100897,1.3837165,1.930315,0.6381051,0.713872,1.45793,1.4639797,1.5462554,0.7882893,0.664588,0.6072721,0.5953799,0.59785044,0.6314496,0.72812843,0.9188741,1.3951421,2.342181,4,0,0.2
rec12,1.4614115,2.4633203,1.7219478,1.4517326,1.3265312,1.3005537,1.3059503,1.3793449,1.9562275,0.6540205,0.7042127,1.4775012,1.4836321,1.5670123,0.79374707,0.66918916,0.61147636,0.59950185,0.60198945,0.6358213,0.73316944,0.92523575,1.4048011,2.3226101,4,0,0.2
rec12,1.4413059,2.4425633,1.7164899,1.4471312,1.3223265,1.2964318,1.3018112,1.3749732,1.9821402,0.6670412,0.69455343,1.4970719,1.5032841,1.5877687,0.79920477,0.67379063,0.6156809,0.60362405,0.6061288,0.6401932,0.73821074,0.9315977,1.4144608,2.3030393,4,0,0.2
rec12,1.4212003,2.4218066,1.711032,1.4425298,1.3181219,1.2923093,1.2976718,1.3706009,2.0080528,0.68829346,0.6848944,1.5166434,1.5229369,1.6085259,0.8046626,0.6783919,0.6198855,0.60774624,0.6102681,0.64456517,0.74325204,0.9379597,1.4241202,2.2834678,6,0,0.2
rec12,1.3967112,2.4079478,1.6938232,1.4322565,1.3118237,1.2881956,1.2944947,1.3701245,2.0199828,0.7073463,0.70082027,1.5362489,1.543761,1.6339538,0.80458677,0.6803401,0.62313294,0.6119092,0.61490154,0.65082645,0.7525922,0.9533681,1.4586459,2.2639608,6,0,0.2
rec12,1.3775936,2.4125247,1.64937,1.4087911,1.3008437,1.283767,1.2941434,1.379912,1.9988006,0.71955836,0.7200771,1.5557419,1.5683166,1.6722559,0.791842,0.67634314,0.62451875,0.61632043,0.621302,0.66247845,0.77378243,0.9937592,2.2742887,2.2444332,6,0,0.2
rec12,1.35788,2.4397566,1.5844003,1.3754652,1.2872069,1.278694,1.2982785,1.4020667,1.9516478,0.73464644,0.79553795,1.575082,1.599206,1.727051,0.7699422,0.66841006,0.6255207,0.6213839,0.6309009,0.681337,0.8100152,1.0666837,2.2398872,1.7644169,6,0,0.2
rec12,1.3401271,2.4806335,1.5207992,1.3429784,1.2751813,1.2726814,1.3059784,1.4311258,1.9049464,0.7501359,0.9064864,1.5941546,1.6358622,1.7926214,0.7497082,0.6620476,0.6286257,0.62739325,0.64380765,0.7055017,0.8565109,1.1635666,2.2103279,1.3355535,4,0,0.2
rec12,1.3360415,2.5202453,1.4707754,1.3170288,1.2658901,1.2657347,1.3137122,2.324036,1.8742232,0.7619897,1.0309893,1.6129378,1.6740763,0.91407067,0.737154,0.66009635,0.63446546,0.6343875,0.658434,0.7309503,0.90466934,1.2665346,2.187575,1.3161398,5,0,0.2
rec12,2.2697253,1.7618994,1.4384207,1.2989998,1.2579805,1.2588315,1.3165352,2.2848127,1.865329,0.7783445,1.1196927,1.6324401,1.7072697,0.8992767,0.73417264,0.6630123,0.6420759,0.6425102,0.6719623,0.75225323,0.9430269,1.348032,2.1687765,1.296734,5,0,0.2
rec12,2.2697573,1.707156,1.4090574,1.282313,1.2498256,1.2522484,1.3190464,2.253284,1.8598219,0.7904828,1.2192657,1.6528493,1.7410163,0.88828504,0.7331752,0.6672268,0.65032256,0.65158325,0.68634015,0.77452,0.98311275,2.2065482,2.1506453,1.2771482,5,0,0.2
rec12,2.2715964,1.6555266,1.3809091,1.2662154,1.24107,1.2460276,1.3220094,2.2244675,1.8554744,0.8088479,1.34563,1.6742394,1.7763339,0.87904435,0.7332292,0.67233,0.6589784,0.66161066,0.70195526,0.79867005,1.027087,2.175726,2.132519,1.2579426,5,0,0.2
rec12,2.2752934,1.6067278,1.3538901,1.2506745,1.2319087,1.2401608,1.3254399,2.1981378,1.8522347,0.8207239,1.5124685,1.6966451,1.8133142,0.87142104,0.7342926,0.6783135,0.6681357,0.67261124,0.718863,0.8248374,1.0753835,2.1469486,2.1147346,1.239126,5,0,0.2
rec12,2.280912,1.5605105,1.3279235,1.2356625,1.222291,1.2346452,1.3293592,2.1740994,1.85006,0.83650553,1.7028936,1.7201053,1.8520603,0.86530024,0.7363311,0.6851727,0.6777581,0.68460846,0.7371271,0.85317475,1.1285117,2.1201477,1.9385895,1.2235271,5,0,0.2
rec12,2.2885246,1.516655,1.30294,1.2211517,1.2122276,1.2294756,1.3337871,2.1521792,1.8489113,0.84830093,1.7201886,1.7446641,1.8926853,0.86057955,0.7393134,0.69290584,0.68784213,0.6976289,0.75681734,0.8838526,1.1870664,2.095264,1.5089742,1.1995713,5,0,0.2
rec12,2.298209,1.4749599,1.2788718,1.2071164,1.2016867,1.2246491,1.3387482,2.1322198,1.8487525,0.8637232,1.7371733,1.7703679,1.9353108,0.857171,0.74321467,0.7015142,0.6983587,0.71170324,0.7780117,0.91706306,1.2517486,2.0722387,1.2112868,1.1851174,5,0,0.2
rec12,2.31006,1.4352521,1.2556618,1.1935339,1.1907196,1.2201642,1.3442698,2.1140876,0.900447,0.8754589,1.7538983,1.7972693,1.0807631,0.854996,0.7480121,0.7110018,0.70932525,0.7268657,0.8007969,0.9530238,1.3233906,2.0510285,1.1624151,1.1745137,5,0,0.2
rec12,2.3241816,1.3973715,1.2332546,1.1803824,1.1793189,1.21602,1.3503822,2.0976593,0.9101124,0.89049995,1.7703313,1.8254248,1.066409,0.8539865,0.75368845,0.7213767,0.72072667,0.74315614,0.8252699,0.991982,2.1225896,2.0315905,1.1458877,2.0929272,4,0,0.2
rec13,0.2779067,0.484636,3.617793,1.6863022,1.1355705,1.0531353,1.7962048,1.7064148,0.88004935,0.40835914,0.27499256,0.21690953,0.19236304,0.18274708,0.18241765,0.18727192,0.20593211,0.17451409,0.15476526,0.0,0.0,0.15033735,0.16568215,0.20094024,8,2,0.0
rec13,0.32006,0.6502607,2.6449652,1.45765,1.0447264,1.0655892,1.7548697,1.7033194,0.6405106,0.35298783,0.25299332,0.20693113,0.1879362,0.18241549,0.18260647,0.19143945,0.20354539,0.16648613,0.15120377,0.0,0.0,0.15355504,0.17350185,0.21792477,8,2,0.0
rec13,0.38015386,2.722076,2.0895748,1.2908714,1.0532547,1.8586246,1.7261875,1.7032946,0.5060156,0.3126003,0.23564886,0.1990476,0.18486437,0.18241267,0.18387285,0.19708602,0.18959107,0.16014352,0.0,0.0,0.0,0.15794584,0.18332691,0.23972054,8,2,0.0
rec13,0.47174472,2.7239058,1.7361275,1.1650268,1.0497794,1.8015164,1.7091849,1.0219076,0.42042452,0.28212565,0.22185831,0.19293174,0.18304361,0.18241698,0.18635759,0.20442347,0.1784958,0.15522295,0.0,0.0,0.0,0.16367295,0.19565792,0.26826692,8,2,0.0
rec13,0.6267613,3.6179776,1.4931203,1.0677625,1.0473887,1.7587276,1.7033038,0.71098703,0.36157745,0.2585718,0.21086678,0.18834929,0.1824137,0.18242674,0.19014315,0.20803362,0.16965257,0.15153617,0.0,0.0,0.1529794,0.17096573,0.21121624,0.30675915,8,2,0.0
rec13,2.7231,2.262183,1.3171792,1.0481788,1.8875458,1.7287257,1.7032969,0.5478151,0.31897095,0.24006504,0.20214483,0.18513615,0.18241288,0.18319328,0.19536118,0.19314413,0.16263546,0.0,0.0,0.0,0.15717764,0.18014477,0.23106806,0.36084217,8,2,0.0
rec13,2.7227237,1.8495429,1.1851125,1.0441958,1.8237768,1.7104876,1.1669476,0.44789,0.28698975,0.2253762,0.19531582,0.18318321,0.1824132,0.18515597,0.20220397,0.18132603,0.15714101,0.0,0.0,0.0,0.16268286,0.19166097,0.25685233,0.44150618,5,1,0.03790155
rec13,3.6151052,1.5952481,1.091996,1.040961,1.7790917,1.7034174,0.8146964,0.39198062,0.26832274,0.21779443,0.19329843,0.1850764,0.18504258,0.19071363,0.21301812,0.17297792,0.15352258,0.0,0.0,0.15146965,0.16918448,0.20486899,0.28776205,0.55766106,5,1,0.058508027
rec13,2.7089844,1.4538203,1.0355456,1.054761,1.7530712,1.702392,0.6854745,0.36787084,0.26203173,0.21731798,0.19604331,0.19037595,0.1905962,0.19908066,0.2032475,0.16856462,0.15206277,0.0,0.0,0.15441868,0.1754641,0.21717116,0.31751376,0.69409066,8,1,0.078342505
rec13,2.3169765,1.3446649,1.0305858,1.8933244,1.7330296,1.7010903,0.6099311,0.3539755,0.2604442,0.2200516,0.20142134,0.19770917,0.19863617,0.21012269,0.1962688,0.1658293,0.15178967,0.0,0.0,0.15834692,0.18296789,0.23154238,0.35352433,2.7086248,8,1,0.10234955
rec13,1.9292637,1.2195773,1.0208138,1.8338109,1.7119575,1.3861154,0.53336823,0.33716708,0.25816497,0.22346622,0.2086173,0.20701909,0.20988025,0.22612172,0.18856798,0.16322349,0.15237759,0.15121022,0.15330005,0.16516307,0.19570215,0.25647858,0.4219259,2.6973054,8,1,0.14795059
rec13,1.6177093,1.1035106,1.0108579,1.7776068,1.6966047,0.9618428,0.47588974,0.32462525,0.25871736,0.22982839,0.21935557,0.21914557,0.22590415,0.22972569,0.18308505,0.16264117,0.15522993,0.15508132,0.15986414,0.17613338,0.21554223,0.29642195,0.5486053,3.5809813,4,0,0.2
rec13,1.4105586,1.0160191,0.9949462,1.7354409,1.6881706,0.79292744,0.4507148,0.32464796,0.2670617,0.24246316,0.23585889,0.23621458,0.24826084,0.22281973,0.18329586,0.16641285,0.16188008,0.1621242,0.17039207,0.1918023,0.24250275,0.35163662,2.671202,2.4815478,3,0,0.2
rec13,1.2862234,0.98113006,1.0293912,1.7075695,1.6795306,0.7317145,0.44764444,0.33341378,0.28006566,0.25811872,0.25388035,0.25533873,0.27227035,0.22400798,0.18816544,0.17342022,0.1705726,0.17155243,0.18292817,0.20933625,0.2717332,0.4126723,2.6520717,2.102446,3,0,0.2
rec13,1.2131746,0.9597664,1.8158873,1.6887546,1.6699572,0.71993876,0.45744404,0.34715098,0.2951832,0.274517,0.27146143,0.27412546,0.29498014,0.23029725,0.19582225,0.1821126,0.18008551,0.18185282,0.1956876,0.22633706,0.29902956,0.46933857,2.636678,1.9093289,7,0,0.2
rec13,1.1535236,0.9397839,1.7846204,1.6723039,1.6599475,0.71745276,0.46921414,0.36146444,0.31045827,0.29091933,0.28876975,0.29284757,0.30891126,0.2379732,0.20439287,0.19152926,0.19011404,0.1927987,0.20911723,0.2441639,0.32780027,0.5309521,2.6201077,1.7637978,7,0,0.2
rec13,1.0725478,0.9223761,1.7426395,1.6539038,1.6380407,0.68652695,0.46890005,0.36993653,0.32302174,0.30657342,0.30572632,0.31289133,0.30784175,0.2428703,0.21206982,0.20127124,0.20071511,0.20541906,0.22592637,0.26830414,0.3711459,2.6035135,3.494375,1.5703408,7,0,0.2
rec13,0.98047864,0.9008485,1.6954517,1.6378801,1.2767236,0.6384192,0.45914593,0.37348318,0.33342797,0.322106,0.3221227,0.33531865,0.30248317,0.24604891,0.21966076,0.21220207,0.21221307,0.22090654,0.24803202,0.30237657,0.43932733,2.5879874,3.4782424,1.363306,2,0,0.2
rec13,0.9001909,0.88824826,1.6552658,1.6252333,1.0551442,0.59838533,0.45011798,0.37681282,0.34386447,0.3376254,0.33879432,0.3597338,0.29969764,0.25088957,0.22895192,0.22479789,0.22557619,0.23951803,0.27520907,0.3459987,0.5352717,2.5728981,2.110183,1.1967108,2,0,0.2
rec13,0.8633979,0.8975315,1.6275665,1.6116909,0.9581066,0.58189046,0.450107,0.38402438,0.35578623,0.35231584,0.3554911,0.38303053,0.30454916,0.25983667,0.2407303,0.2383822,0.24053058,0.2591642,0.30310276,0.39062953,3.4817955,2.5634694,1.799336,1.0927974,1,0,0.2
rec13,0.8410607,0.91141814,1.606981,1.5974728,0.9246607,0.5817976,0.4570732,0.39425787,0.36855337,0.36637276,0.37139097,0.4011502,0.31515267,0.27184144,0.2541181,0.25261462,0.25607476,0.2784302,0.3293283,0.43142334,2.5488448,2.549668,1.6339945,1.0281115,1,0,0.2
rec13,0.82196194,1.6961573,1.5905179,1.5828465,0.9357613,0.5956076,0.47037643,0.4072586,0.3818938,0.38005194,0.3859866,0.41873103,0.3306896,0.28631577,0.26848352,0.26718864,0.27136096,0.29600665,0.35154593,0.46330634,2.5377727,3.026513,1.5581461,0.9917526,6,0,0.2
rec13,0.8008051,1.6783953,1.575288,1.5681903,0.962374,0.6145606,0.48607585,0.42130902,0.3954272,0.39364558,0.40001452,0.43675873,0.34805083,0.30167505,0.28314257,0.28186685,0.2864274,0.3127378,0.37186202,0.49095574,2.5231507,3.3109527,1.5112633,0.96507496,6,0,0.2
rec13,0.7817153,1.6489804,1.5575076,1.5534115,0.94845533,0.6192149,0.49484432,0.43215364,0.40818107,0.40710756,0.4154619,0.45123178,0.3606009,0.31491718,0.297448,0.29666576,0.30275366,0.33279347,0.39911798,0.5337875,2.512365,3.3930497,1.4057006,0.917735,6,0,0.2
rec13,0.7607207,1.6101027,1.5389339,1.5382135,0.8996964,0.61006963,0.49664682,0.43977478,0.42033607,0.4201393,0.43288055,0.45278716,0.36860603,0.32639623,0.311969,0.31182298,0.32127932,0.35780394,0.4364968,2.5219853,2.49978,3.3799355,1.259574,0.8540969,0,0,0.2
rec13,0.7419924,1.573683,1.522517,1.5233175,0.8554532,0.60066587,0.4978751,0.44703448,0.43249974,0.43272716,0.45098713,0.45492357,0.37707335,0.3385685,0.3275604,0.3277326,0.34156212,0.38581634,0.4797332,2.7546196,2.4921374,2.163086,1.1323186,0.79507005,0,0,0.2
rec13,0.7241002,1.5475876,1.5063019,1.5087752,0.8439898,0.60305333,0.50456166,0.45641106,0.4442352,0.44496456,0.46671572,0.46663716,0.39042526,0.35316682,0.3437452,0.3443096,0.36114067,0.4112159,0.5170177,3.4478416,2.480375,1.9317336,1.056856,0.75515205,0,0,0.2
rec13,0.7012325,1.5292089,1.4898883,1.4927194,0.8598106,0.61617583,0.5163727,0.46769693,0.4556712,0.456537,0.4793944,0.48700988,0.408128,0.3696559,0.36015102,0.36083537,0.3789015,0.43205595,0.5443054,3.432674,2.4717937,1.8485864,1.0186831,0.7300303,0,0,0.2
rec13,0.6800589,1.5180969,1.4735227,1.475046,0.90432006,0.6409329,0.5339037,0.48126954,0.46713847,0.4676215,0.48899484,0.5166419,0.43036807,0.38794076,0.37655005,0.3769393,0.39416778,0.4471123,0.5591749,3.433835,2.4663389,1.8901167,1.0134003,0.7182427,0,0,0.2
rec13,0.6616089,1.5158584,1.4574137,1.4574238,0.9862189,0.6804052,0.55880433,0.49816275,0.47895575,0.478959,0.496182,0.55632234,0.45817304,0.40845194,0.39270383,0.39270654,0.40682808,0.45613807,0.56148213,2.7746854,2.4538462,2.0925844,1.044692,0.7207466,0,0,0.2
rec13,0.64180726,1.5262922,1.4447707,1.4417048,1.12661,0.74091136,0.59416395,0.5202263,0.49244034,0.49139524,0.5022951,0.5534355,0.49372476,0.43228582,0.40919685,0.40832847,0.41738564,0.45988113,0.55321056,2.5637212,2.4447625,3.308672,1.1272801,0.7413523,0,0,0.2
rec13,0.6229319,0.64755243,1.4409664,1.4268873,1.3732165,0.8338748,0.6449818,0.5502639,0.5097831,0.5048022,0.5093425,0.54878074,0.5407029,0.46129867,0.42736277,0.42318723,0.42699376,0.4600557,0.5380294,2.3318198,2.4350283,3.259379,1.2971753,0.78769946,0,0,0.2
rec13,0.63398594,0.6007837,1.4479978,1.4131044,1.415127,0.9619763,0.71096414,0.58834743,0.53211886,0.51929605,0.52003926,0.5476282,0.59824145,0.4950655,0.44775194,0.43696216,0.4375876,0.4608023,0.52432394,2.139347,2.4395974,2.4248362,1.5852691,0.85782003,0,0,0.2
rec13,0.668895,0.580118,1.4660062,1.4019737,1.4005326,1.1359786,0.7941393,0.63502413,0.55985093,0.53539765,0.5348474,0.551044,0.6113322,0.53373635,0.47055355,0.45000115,0.44953856,0.4631518,0.5138239,1.989111,3.4179463,2.4131014,2.097826,0.956822,1,0,0.2
rec13,0.7162423,0.5627624,0.5988288,1.4000615,1.389216,1.3787242,0.8991366,0.69162136,0.5934231,0.5556458,0.5513415,0.55886745,0.6056734,0.57807904,0.4960019,0.46442652,0.46082887,0.46711922,0.506241,1.8719254,2.50889,2.3992088,3.2487504,1.0982769,1,0,0.2
rec13,0.78137696,0.57433695,0.54857504,1.4081973,1.3792683,1.3843398,1.0352383,0.7609331,0.633837,0.5806154,0.56868756,0.5707786,0.6050006,0.629954,0.52473474,0.48067394,0.4707993,0.47253036,0.5008617,0.5692416,2.2829478,2.3803184,2.5789604,1.3136377,1,0,0.2
rec13,0.872603,0.6070832,0.5255675,1.4269022,1.3709399,1.3707163,1.2171447,0.8467859,0.6824335,0.6108159,0.58685976,0.5867641,0.6087583,0.67550427,0.5575414,0.49903035,0.4794586,0.47938043,0.49734947,0.5518802,2.1065483,3.345154,2.3655808,1.6719954,1,0,0.2
rec13,1.0040851,0.6520373,0.510957,0.52562183,1.3701258,1.363556,1.3888569,0.95463103,0.7409781,0.64694864,0.6083523,0.60543525,0.61666906,0.6691295,0.5954151,0.5198574,0.48884323,0.4864992,0.49552613,0.5376808,1.9663696,2.6149523,2.3464203,3.1946785,2,0,0.2
rec13,1.1743983,0.70473,0.5263511,0.49444258,1.377226,1.3578843,1.367949,1.0792598,0.8060812,0.68716544,0.63350993,0.624613,0.62924254,0.6699678,0.63515854,0.54145783,0.49917948,0.49216905,0.49581695,0.5279067,1.8657424,2.389562,2.3313231,3.175497,2,0,0.2
rec13,1.3611044,0.7553679,0.5453321,0.47817686,1.3873703,1.3534883,1.3565601,1.2060155,0.8706737,0.727604,0.66025484,0.64413023,0.6455921,0.677739,0.67126346,0.56096107,0.50903684,0.49660528,0.4977323,0.52251655,1.8012346,2.2487636,2.3124921,2.5642407,2,0,0.2
rec13,1.6261669,0.8179247,0.56861097,0.46534008,0.47821954,1.3500822,1.3502394,1.3572235,0.9435246,0.77216226,0.6895352,0.6638292,0.66390646,0.6876437,0.7106299,0.58156574,0.51933396,0.49997318,0.50003135,0.5179094,1.7464808,2.1316466,3.2577333,2.2914803,2,0,0.2
rec13,2.040118,0.8981976,0.59769803,0.47814032,0.45479515,1.3495996,1.3477666,1.3784819,1.0274786,0.8219521,0.7217697,0.6846342,0.6837045,0.699286,0.7548989,0.6038964,0.5302913,0.5030075,0.50232434,0.5137723,1.6985217,2.0304565,3.2899935,2.2765694,3,0,0.2
rec13,3.0964854,0.9833381,0.6271121,0.49137583,0.44354227,1.3526802,1.3464212,1.3655895,1.1132258,0.8722714,0.7547445,0.706922,0.703651,0.7136686,0.77829933,0.6243371,0.5402158,0.5059864,0.5036452,0.5108153,1.6632019,1.9562414,2.6145506,2.2564607,3,0,0.2
rec13,3.0764766,1.0481429,0.64845353,0.50102067,0.4342414,0.48643264,1.3458523,1.3591739,1.1854967,0.91596127,0.78490955,0.7292346,0.72364014,0.73080295,0.79038465,0.63820606,0.54689425,0.50810224,0.5042042,0.50919497,1.6429765,1.9136679,2.5174716,2.2350595,3,0,0.2
rec13,3.0565202,1.1203954,0.6714656,0.5115671,0.43424362,0.42684162,1.3458549,1.3546199,1.2615467,0.9611303,0.8158553,0.7520999,0.7436508,0.74849385,0.8032672,0.6516887,0.55318576,0.5099567,0.5042279,0.5075117,1.6248661,1.875717,2.4328682,2.2205634,3,0,0.2
rec13,3.0365233,1.205834,0.6975898,0.5236261,0.44015074,0.4203812,1.3463615,1.3515447,1.3441446,1.008944,0.8481003,0.7756584,0.76364446,0.7665844,0.8164157,0.6655265,0.55942965,0.51164496,0.5037203,0.50565946,1.6076809,1.8398384,2.3545086,2.1979733,3,0,0.2
rec13,2.702348,1.3077921,0.7272286,0.5373179,0.4471035,0.41506362,1.3473735,1.3499324,1.426866,1.0596504,0.8817378,0.79995143,0.7836076,0.78509575,0.829839,0.6797637,0.5656331,0.51316726,0.5026828,0.5036375,1.5913703,1.8058704,2.2817125,2.1764824,3,0,0.2
rec13,2.3674679,1.4308443,0.7608628,0.55277985,0.4551538,0.41268787,0.45579588,1.3497722,1.416076,1.1135312,0.9168712,0.825024,0.803556,0.8040514,0.84354806,0.69445014,0.57180357,0.5145234,0.5011349,0.5014438,1.5758874,1.7736671,2.2138953,2.1690195,3,0,0.2
rec13,2.1376457,1.5814319,0.7990691,0.5701689,0.46435946,0.41435528,0.40855834,1.3510579,1.4069703,1.1709048,0.9536133,0.85092413,0.8234558,0.82347506,0.85755384,0.7096397,0.5779479,0.515712,0.49906445,0.4990762,1.5611895,1.7430979,2.1505497,2.1459596,3,0,0.2
rec13,2.1229212,1.7689317,0.8425469,0.589665,0.47478622,0.4200448,0.40857932,1.3537203,1.3994973,1.2321332,0.9920884,0.8777034,0.84371233,0.84334916,0.8718678,0.7253959,0.58407396,0.5167318,0.49672014,0.49650633,1.5472383,1.7140453,2.0912356,2.1407995,3,0,0.2
rec13,2.099958,2.0075328,0.89215153,0.6114751,0.48650786,0.42665476,0.4089303,1.3567115,1.3936118,1.2976328,1.032435,0.9054189,0.8645076,0.86303043,0.88650316,0.74178857,0.590189,0.51758045,0.49419364,0.49334925,1.5339992,1.6864035,2.03557,3.0813532,3,0,0.2
rec13,2.0771203,2.9174783,0.94894093,0.63583857,0.49960747,0.43421683,0.4117842,0.4112957,1.3892752,1.3678806,1.0748066,0.9341314,0.88587177,0.88271445,0.9014737,0.758899,0.5963017,0.5182552,0.4914808,0.48972908,1.5214403,1.6600761,1.9832163,3.0874166,4,0,0.2
rec13,2.058627,2.8978539,0.99791795,0.6570186,0.511421,0.44154224,0.41666204,0.41443044,1.3882992,1.4304175,1.113432,0.9612964,0.9071287,0.90227014,0.91803294,0.7698462,0.59924567,0.51736677,0.48821384,0.4856344,1.5115861,1.6405555,1.945813,3.0874305,4,0,0.2
rec13,2.039567,2.878329,1.0130436,0.665654,0.5176004,0.4465496,0.4211581,0.41881046,1.3922207,1.4650716,1.1392128,0.9828335,0.926948,0.9217811,0.937527,0.76484036,0.5947259,0.51308805,0.48391312,0.48207384,1.5065472,1.6341419,1.9367006,3.0689695,4,0,0.2
rec13,2.0194538,2.8588207,1.0237081,0.67266154,0.52304935,0.45125055,0.4255918,0.42321947,1.3967048,1.4960787,1.1633235,1.0036345,0.9465664,0.94129,0.9573692,0.75783277,0.58927685,0.508387,0.4794794,0.47875512,1.5020633,1.6292781,1.9309355,3.048169,4,0,0.2
rec13,1.9993417,2.8393123,1.0343734,0.67966956,0.52849865,0.4559518,0.43002576,0.42762864,1.4011894,1.5268357,1.1874337,1.0244352,0.9661843,0.9607986,0.97721094,0.75082487,0.5838277,0.50368583,0.47683698,1.4724264,1.4975786,1.6244137,1.925171,3.0273685,4,0,0.2
rec13,1.979229,2.8198042,1.0450388,0.68667746,0.5339479,0.46065313,0.4344597,0.43203792,0.43941805,1.5317223,1.2115439,1.0452356,0.98580205,0.9803069,0.99705255,0.7438168,0.57837826,0.49898452,0.475957,1.4680173,1.4930938,1.6195493,1.9194059,3.0065687,4,0,0.2
rec13,1.9591165,2.8002956,1.0557042,0.69368577,0.5393974,0.46535444,0.43889368,0.43644723,0.4439026,1.5366089,1.2356541,1.0660362,1.00542,0.9998156,1.0168945,0.7368088,0.57292897,0.49428323,0.476128,1.4636079,1.4886094,1.614685,1.913641,2.9857678,4,0,0.2
rec13,1.9390038,2.7807872,1.0663694,0.7006936,0.5448466,0.47005573,0.44332764,0.44085646,0.44838715,1.5414957,1.2597642,1.0868369,1.0250379,1.0193241,1.0367362,0.7298007,0.56747967,0.48958194,0.47530773,1.4591987,1.484125,1.6098206,1.9078759,2.9649668,4,0,0.2
rec13,1.9188911,2.761278,1.0770348,0.7077017,0.5502959,0.474757,0.44776165,0.44526574,0.4528718,1.5463824,1.2838749,1.1076378,1.0446558,1.0388327,1.0565782,0.7227927,0.5620304,0.48488066,0.4772193,1.4547893,1.4796404,1.6049563,1.9021107,2.944166,4,0,0.2
rec13,1.8987787,2.74177,1.0877002,0.71470976,0.55574524,0.4794583,0.4521956,0.44967496,0.45735636,1.5512693,1.3079847,1.128438,1.0642735,1.0583409,1.0764196,0.71578485,0.55658114,0.48017937,0.4775184,1.4503802,1.4751557,1.6000918,1.8963461,2.9233654,4,0,0.2
rec13,1.8786662,2.722262,1.0983657,0.7217178,0.5611946,0.48415956,0.45662954,0.45408416,0.46184087,1.5561557,1.3320946,1.1492383,1.083891,1.0778493,1.0786709,0.7087767,0.5511318,0.48114392,0.53483033,1.4459711,1.4706713,1.5952276,1.8905809,2.9025655,4,0,0.2
rec13,1.8585535,2.7027533,1.109031,0.7287257,0.5666438,0.48886082,0.4610635,0.45849338,0.46632543,1.5610424,1.3562047,1.1700389,1.103509,1.0973576,1.0680054,0.7017687,0.54568255,0.48579124,1.4496424,1.4415617,1.4661865,1.5903628,1.8848162,2.8817647,4,0,0.2
rec13,1.8384408,2.683245,1.1196963,0.73573375,0.5720931,0.4935621,0.46549746,0.4629027,0.47081,1.5659293,1.3803152,1.1908398,1.123127,1.1168664,1.05734,0.69476074,0.54023314,0.4885395,1.4452084,1.4371526,1.461702,1.5854987,1.8790507,2.8609638,4,0,0.2
rec13,1.818328,2.6637359,1.1303617,0.74274176,0.5775425,0.49826345,0.46993145,0.46731198,0.4752946,0.5179148,1.4044254,1.2116405,1.1427448,1.1363748,1.0466748,0.6877526,0.53478384,0.49406984,1.4407742,1.4327432,1.4572173,1.5806342,1.8732859,2.840163,4,0,0.2
rec13,1.7982153,2.6442275,1.141027,0.7497498,0.58299184,0.5029648,0.47436538,0.47172114,0.4797791,0.5228014,1.4285358,1.232441,1.1623626,1.1558834,1.0360091,0.6807446,0.5293345,0.504162,1.4363405,1.4283339,1.4527329,1.5757699,1.8675207,2.8193624,4,0,0.2
rec13,1.7781026,2.6247184,1.1516925,0.756758,0.58844113,0.50766605,0.47879943,0.4761305,0.48426372,0.5276882,1.4526457,1.2532415,1.1819806,1.1753918,1.025344,0.67373645,0.5238852,0.5069766,1.4319066,1.4239247,1.4482484,1.5709054,1.8617556,2.7985616,4,0,0.2
rec13,1.7579904,2.6052108,1.1623579,0.763766,0.5938904,0.51236725,0.4832333,0.48053968,0.4887483,0.53257483,1.476756,1.2740421,1.2015983,1.1949002,1.0146785,0.6667284,0.51843584,0.52113336,1.4274726,1.4195154,1.4437639,1.5660411,1.8559906,2.7777607,4,0,0.2
rec13,1.7378775,2.5857015,1.1730233,0.7707741,0.5993398,0.5170686,0.4876674,0.48494902,0.493233,0.53746164,1.500866,1.294843,1.2212161,1.2144085,1.0040132,0.6597205,0.5230692,0.55561084,1.4230386,1.4151064,1.4392793,1.5611768,1.8502256,2.7569606,4,0,0.2
rec13,1.7177649,2.5661933,1.1836884,0.77778196,0.60478914,0.5217699,0.4921013,0.48935822,0.49771747,0.5423483,1.5249765,1.3156435,1.2408344,1.2339176,0.99334776,0.6527125,0.53122413,0.5900882,1.4186047,1.4106971,1.4347948,1.5563123,1.8444611,2.73616,4,0,0.2
rec13,1.6976519,2.546685,1.1943537,0.7847901,0.6102384,0.52647126,0.4965353,0.4937675,0.50220203,0.547235,1.5490872,1.3364446,1.2604522,1.2534261,0.9826823,0.6457045,0.5388126,2.215189,1.414171,1.4062879,1.43031,1.551448,1.8386954,2.715359,4,0,0.2
rec13,1.6775397,2.5271766,1.2050191,0.791798,0.61568767,0.5311725,0.5009693,0.49817672,0.5066866,0.55212176,1.5731971,1.357245,1.2800701,1.2729346,0.97201717,0.6386965,0.5526816,2.249667,1.4097368,1.4018786,1.4258256,1.5465837,1.8329308,2.6945593,4,0,0.2
rec13,1.6574267,2.507667,1.2156844,0.7988061,0.62113696,0.5358738,0.5054032,0.50258595,0.5111712,0.55700845,1.5973074,1.3780456,1.299688,1.2924429,0.9613518,0.63168836,0.56067914,2.284144,1.4053029,1.3974693,1.4213408,1.5417193,1.8271655,2.673758,4,0,0.2
rec13,1.6373141,2.4881592,1.22635,0.80581415,0.6265864,0.540575,0.5098372,0.50699526,0.51565576,0.5618951,1.6214174,1.398846,1.3193059,1.3119516,0.9506865,0.6246802,0.5755894,2.318622,1.4008688,1.3930602,1.4168564,1.5368549,1.8214006,2.6529577,4,0,0.2
rec13,1.6172014,2.468651,1.2370154,0.81282204,0.6320355,0.5452762,0.514271,0.5114044,0.5201402,0.5667817,0.66865194,1.4196465,1.3389233,1.3314599,0.940021,0.61767226,0.5847255,2.3530996,1.3964349,1.3886509,1.412372,1.5319903,1.8156362,2.632157,4,0,0.2
rec13,1.5970892,2.4491422,1.2476809,0.8198301,0.63748497,0.5499776,0.51870507,0.51581365,0.5246249,0.57166857,0.67441684,1.4404471,1.3585414,1.3509685,0.9293557,0.6106643,0.5963732,2.3875773,1.3920009,1.3842413,1.4078872,1.527126,1.8098708,2.6113563,4,0,0.2
rec13,1.5769767,2.4296339,1.2583458,0.82683814,0.64293414,0.55467886,0.523139,0.5202229,0.5291094,0.57655525,0.680182,1.4612479,1.3781593,1.3704771,0.9186904,0.6052524,0.6151054,2.4220543,1.387567,1.3798323,1.4034028,1.5222616,1.8041058,2.590556,4,0,0.2
rec13,1.5568637,2.4101253,1.269011,0.8338463,0.64838356,0.55938023,0.52757293,0.52463216,0.53359395,0.5814419,0.685947,1.482048,1.3977771,1.3899853,0.9080249,0.6184662,0.6406124,2.4565313,1.3831328,1.375423,1.3989179,1.517397,1.7983403,2.569755,4,0,0.2
rec13,1.536751,2.390617,1.2796768,0.84085435,0.6538329,0.56408155,0.53200704,0.52904147,0.5380786,0.5863286,0.69171196,1.5028491,1.417395,1.409494,0.89735985,0.63240844,0.66611964,1.4618202,1.3786991,1.3710138,1.3944335,1.512533,1.7925757,2.5489547,4,0,0.2
rec13,1.5166384,2.371108,1.290342,0.8478623,0.65928227,0.5687828,0.536441,0.5334507,0.54256314,0.5912153,0.6974771,1.5236498,1.4370127,1.4290026,0.88669425,0.64835006,0.6916266,1.4571189,1.374265,1.3666044,1.389949,1.5076685,1.7868102,2.5281541,4,0,0.2
rec13,1.4965258,2.3515997,1.3010073,0.85487044,0.6647316,0.5734841,0.540875,0.53786004,0.54704773,0.5961021,0.703242,1.5444502,1.4566306,1.4485109,0.87602913,0.65780663,0.7171336,1.4524176,1.3698312,1.3621953,1.3854643,1.5028039,1.7810453,2.5073533,4,0,0.2
rec13,1.4764132,2.3320913,1.3116728,0.86187816,0.67018074,0.5781853,0.5453088,0.5422691,0.55153215,0.6009886,0.7090069,1.5652505,1.4762481,1.4680192,0.86536366,0.6743631,1.9194086,1.4477162,1.3653972,1.3577862,1.3809799,1.4979396,1.7752806,2.4865532,2,0,0.2
rec13,1.4595623,2.312639,1.3484224,0.8784533,0.6800093,0.58483136,0.5503033,0.5467193,0.5551667,0.6034103,0.70961154,1.591251,1.4973044,1.487553,0.87143993,0.6893057,1.9307632,1.4477215,1.3622485,1.3533766,1.3742878,1.4870425,1.756609,2.473854,2,0,0.2
rec13,1.4445184,2.2932117,1.4547911,0.9196085,0.70105064,0.59663194,0.55712146,0.55144274,0.55736583,0.6008149,0.6994197,1.6304879,1.522513,1.5069941,0.919676,0.7000681,1.9113884,1.4591784,1.3625481,1.3486598,1.3631458,1.4633353,1.7105664,2.481134,2,0,0.2
rec13,1.4189637,1.9670473,2.2849417,0.992895,0.7362912,0.6152754,0.56710064,0.55681384,0.55951834,0.5950833,0.681665,1.6864638,1.5544171,1.5262209,1.0260718,0.71864384,0.7666009,2.40768,1.3680611,1.3432451,1.3497695,1.4303992,1.644434,2.5126407,2,0,0.2
rec13,1.3993956,1.4921188,2.2573068,1.0898908,0.78110075,0.63886386,0.58020633,0.56315047,0.5637382,0.5909938,0.6657206,0.8361372,1.5920111,1.5452121,1.1832424,0.7308369,0.7626822,2.294252,1.3774232,1.3369322,1.3383274,1.3987774,1.5804359,2.558123,4,0,0.2
rec13,1.3935285,1.3770558,2.236292,1.1931922,0.82743514,0.6636173,0.5948748,0.5706114,0.57043135,0.5908558,0.65656304,0.8082749,1.6308209,1.5643039,1.3633158,0.74458975,0.7640133,2.2158463,1.3865951,1.3300395,1.3296198,1.3736932,1.5303845,1.88401,3,0,0.2
rec13,2.333232,1.3566362,2.2179627,1.2760297,0.86481404,0.6845896,0.6085035,0.5792594,0.5784415,0.5948931,0.6555882,0.7975414,1.664358,1.5843703,1.4990811,0.7547116,0.77308345,2.1814082,1.3902913,1.323475,1.3216064,1.3560982,1.4978696,1.8222002,3,0,0.2
rec13,2.3349516,1.3408492,2.1998634,1.3655598,0.90415287,0.70661247,0.62299526,0.5888034,0.58695203,0.6000779,0.6562947,0.78991884,1.6984985,1.6052797,1.6002321,0.77201796,0.7829325,2.1535892,1.3937297,1.3172375,1.3130956,1.3397588,1.468226,1.7671622,3,0,0.2
rec13,2.3385649,1.322112,2.1820946,2.2191942,0.94737065,0.7304929,0.6386956,0.59926546,0.5959613,0.60609365,0.6579471,0.78379583,1.7342105,1.6271482,1.6181765,0.782477,0.79280335,2.128193,1.3976923,1.3114051,1.3041743,1.3240274,1.4398216,1.7152233,3,0,0.2
rec13,2.344133,1.2983688,2.164382,2.191376,0.99491423,0.7563678,0.65566206,0.6106667,0.6053852,0.6129356,0.6605127,0.7790653,1.7715913,1.6500142,1.6357436,0.7929719,0.8027089,2.1050246,1.4021996,1.3059722,1.2946769,1.308873,1.4125732,1.6661099,3,0,0.2
rec13,2.3517253,1.2798072,2.1470058,2.1655395,1.0473057,0.78439075,0.6739585,0.62303126,0.6152898,0.6206013,0.6639618,0.77563125,1.8107461,1.6739182,1.6531193,0.80642074,0.8126621,2.0839138,1.4072771,1.3009369,1.2847724,1.2942693,1.3864036,1.6195778,3,0,0.2
rec13,2.3614237,1.2616947,1.7509855,2.1416278,1.1051611,0.8147361,0.6936563,0.63638747,0.6256722,0.62909245,0.66827124,0.7734118,1.8517894,1.698904,1.6702985,0.82374626,0.8226732,2.064706,1.4129503,1.2962959,1.2744693,1.2801894,1.3612425,1.5754099,3,0,0.2
rec13,2.3733187,1.2440397,1.4442714,2.119589,1.1692073,0.8475995,0.71483517,0.65076745,0.6364578,0.6384127,0.6734209,0.77233523,0.9809423,1.7250226,1.687091,0.8549677,0.83275527,2.0472693,1.4192493,1.2920479,1.2636368,1.2666094,1.3370253,1.5334121,3,0,0.2
rec13,2.3875136,1.2307048,1.2232796,2.0993798,1.2403119,0.88320297,0.73758304,0.6662069,0.6476971,0.64856875,0.67939395,0.77233785,0.96884984,1.7523266,1.7036403,0.89077395,0.8429195,2.0314837,1.426208,1.2881932,1.2524022,1.2535081,1.3136925,1.4934112,3,0,0.2
rec13,2.4041274,1.2221203,1.2066963,2.0809634,1.319517,0.9217986,0.76199853,0.68274647,0.65935737,0.6595702,0.68617713,0.7733644,0.95871115,1.7808769,1.7198689,0.93255186,0.858337,2.0172443,1.4338636,1.284734,1.2407227,1.240865,1.2911904,1.4552519,3,0,0.2
rec13,2.4232912,2.153474,1.1875061,2.0643094,2.1329663,0.96367437,0.7881912,0.7004316,0.6715571,0.67143005,0.6937609,0.77536666,0.95035356,1.8107361,1.7360904,0.98231053,0.8682678,2.0044572,1.4422596,1.2816739,1.2288383,1.2286624,1.2694688,1.4187938,4,0,0.2
rec13,2.432798,2.1492467,1.1701373,2.0487578,2.1071215,1.000658,0.812141,0.71748316,0.68440014,0.683937,0.7034202,0.78163,0.95070827,1.8373613,1.7526406,1.005978,0.8801033,2.0016317,1.4441406,1.2758207,1.2169926,1.2161692,1.2508147,1.3898867,4,0,0.2
rec13,2.417219,2.1342418,1.1521531,2.033283,2.0903134,1.0211747,0.8281546,0.731205,0.69713885,0.6966158,0.7161547,0.7953334,0.96666044,1.8546464,1.7682403,0.9547506,0.8911816,2.0173042,1.4307306,1.263239,1.2043861,1.2034824,1.2372384,1.3740286,4,0,0.2
rec13,2.39885,2.1180236,1.134052,2.0178318,2.0744288,1.0397935,0.84325415,0.7445367,0.7098495,0.7093169,0.729212,0.8098345,0.98428524,1.8708644,1.7837029,0.9030244,0.9070658,2.0349445,1.4156312,1.2499071,1.1916752,1.1907812,1.2241809,1.3595277,4,0,0.2
rec13,2.3804822,2.101806,1.1183764,2.0023813,2.058545,1.0584124,0.85835356,0.7578686,0.72256035,0.72201806,0.7422695,0.82433546,1.0019102,1.8870821,1.7991649,0.9169683,0.92294985,2.052585,1.4005319,1.2365755,1.1789647,1.1780802,1.2111235,1.3450265,4,0,0.2
rec13,2.3621144,2.0855882,1.1027014,1.9869308,2.0426614,1.0770314,0.8734534,0.7712007,0.7352712,0.7347195,0.75532705,0.83883685,1.0195353,1.9032997,1.8146269,0.92929846,0.9388334,2.0702243,1.3854319,1.2232434,1.1662537,1.1653786,1.1980661,1.3305253,4,0,0.2
rec13,2.343747,2.0693707,1.0830007,1.9714804,2.0267775,1.0956497,0.88855267,0.7845323,0.7479818,0.74742055,0.76838446,0.8533378,1.0371598,1.9195176,1.8300892,0.94195604,0.95471746,2.0878642,1.3703326,1.2099115,1.1535431,1.1526775,1.1850088,1.3160243,4,0,0.2
rec13,2.3253784,2.0531528,1.0656607,1.95603,2.0108936,1.1142689,0.90365255,0.7978645,0.7606928,0.76012206,0.78144205,0.86783904,1.0547848,1.9357352,1.8455511,0.95492387,0.9706014,2.1055045,1.355233,1.1965798,1.1408323,1.1399763,1.171951,1.301523,4,0,0.2
rec13,2.3070107,2.0369356,1.0500686,1.9405794,1.9950097,1.1328881,0.9187522,0.8111964,0.7734035,0.77282333,0.79449964,0.88234013,1.0724099,1.9519528,1.8610135,0.9681864,1.9117768,2.1231444,1.3401332,1.1832473,1.128121,1.1272746,1.1588933,1.2870216,4,0,0.2
rec13,2.2886424,2.0207174,1.0316042,1.9251288,1.9791259,1.1515068,0.9338517,0.82452834,0.78611445,0.78552455,0.80755717,0.8968414,1.090035,1.9681705,1.8764757,0.98172885,1.9276607,2.1407847,1.3250337,1.1699159,1.1154106,1.1145737,1.1458359,1.2725205,4,0,0.2
rec13,2.2702744,2.0044997,1.0160551,1.9096782,1.963242,1.1701261,0.9489515,0.83786035,0.79882526,0.798226,0.8206149,0.9113426,1.1076602,1.9843882,1.8919376,0.99728554,1.9435445,2.1584249,1.3099341,1.1565838,1.1026999,1.1018724,1.1327783,1.2580193,4,0,0.2
rec13,2.2519064,1.9882818,0.99828875,1.8942275,1.947358,1.1887449,0.96405107,0.8511923,0.81153613,0.8109272,0.8336723,0.9258438,1.1252849,2.0006063,1.9073999,1.0102917,1.9594285,2.1760645,1.2948345,1.143252,1.089989,1.089171,1.1197208,1.243518,4,0,0.2
rec13,2.2335386,1.9720643,0.98187786,1.8787771,1.9314744,1.2073637,0.9791505,0.8645241,0.8242468,0.8236284,0.8467299,0.94034505,1.14291,2.0168235,1.9228619,1.0244055,1.9753125,2.1937048,1.279735,1.12992,1.0772781,1.0764698,1.1066633,1.2290171,4,0,0.2
rec13,2.2151706,1.9558468,0.96637785,1.8633268,1.9155903,1.2259825,0.9942502,0.8778561,0.83695763,0.8363297,0.8597871,0.954846,1.1605345,2.033041,1.938324,1.0399017,1.9911959,2.2113445,1.2646353,1.1165881,1.0645674,1.0637686,1.0936058,1.214516,8,0,0.2
rec13,2.1860886,1.9349433,0.950304,1.8478076,1.903224,1.2344803,1.0044136,0.8890232,0.8494179,0.848988,0.8744496,0.97346145,1.1869121,2.0443404,1.9532663,1.053652,2.010828,2.2385094,1.243473,1.1006185,1.0515869,1.0510547,1.082577,1.2051548,8,0,0.2
rec13,2.1313508,1.9030343,0.93310964,1.8323768,1.9007362,1.2177335,1.0021302,0.89477915,0.8614671,0.861557,0.8936986,1.0036244,1.238077,2.0440226,1.9679251,1.0688924,2.0415545,1.4681039,1.208172,1.078749,1.0385879,1.0385928,1.0774467,1.2099737,4,0,0.2
rec13,2.0703607,1.868953,0.9169468,1.818478,1.9039707,1.1931182,0.99569076,0.89882845,0.8734767,0.8745537,0.9156691,1.0402924,1.3038595,2.0416076,1.084431,1.0852976,2.07986,1.40235,1.1703006,1.0564518,1.0266542,1.0274634,1.0762466,1.2227247,4,0,0.2
rec13,2.0336158,1.8449675,0.9000601,1.8038423,1.896919,1.1906978,0.99989945,0.9071436,0.88493407,0.88692313,0.93268716,1.0654987,1.3458092,2.0505157,1.1006911,1.1027598,2.1082554,1.3658669,1.146999,1.0405977,1.0151207,1.0167872,1.0699002,1.2222502,4,0,0.2
rec13,2.013855,1.8276193,0.8835322,1.7874335,1.880191,1.2047642,1.0121111,0.918514,0.8962357,0.8983176,0.94493514,1.0798757,1.3646535,2.066937,1.1168095,1.1193755,2.1263924,1.3493735,1.1335961,1.0287642,1.0038117,1.0055249,1.0583571,1.2094946,4,0,0.2
rec13,1.9952121,1.8107005,0.8667599,1.7708865,1.8627852,1.2199417,1.0248617,0.93008554,0.9075265,0.9096347,0.9568394,1.0934799,1.3818452,2.083856,1.1332898,1.1359226,2.1437984,1.3341955,1.1208451,1.0171925,0.9925207,0.9942146,1.0464526,1.1958904,8,0,0.2
rec13,1.9681607,1.7905363,0.8502447,1.7553656,1.85049,1.2261101,1.0331826,0.9399392,0.9188047,0.92147624,0.97141147,1.1132233,1.4123329,2.0970082,1.1498252,2.0558171,2.1672237,1.3094577,1.1034154,1.0038332,0.98126197,0.9834316,1.0374457,1.1888976,8,0,0.2
rec13,1.922386,1.7634785,0.83360094,1.7430729,1.8514415,1.2112447,1.0311012,0.94586873,0.92988104,0.9349237,0.9930485,1.1491354,1.4783705,2.102158,1.1665558,2.0778332,2.2070138,1.2638514,1.075884,0.9869495,0.9702674,0.9745837,1.0361792,1.1990454,8,0,0.2
rec13,1.8627211,1.7326092,0.8165168,1.7367026,1.8691025,1.178925,1.0203778,0.9491038,0.940302,0.95134634,1.0238733,1.2055607,2.2609968,2.1030648,1.1835375,2.108034,2.268743,1.2033081,1.0414814,0.9687334,0.9597495,0.9696215,1.0450495,1.2304945,4,0,0.2
rec13,1.8053589,1.7047777,0.79896426,1.7358111,1.8966951,1.1459692,1.0093505,0.95311725,0.949884,0.9704673,1.0604155,1.2747022,2.232673,2.1082852,1.2011029,2.1466634,1.4691371,1.1463263,1.0096649,0.95341384,0.9501796,0.96884704,1.0607463,2.0497198,4,0,0.2
rec13,1.7655164,0.7818692,0.7809691,1.73087,1.9102395,1.1309848,1.0068067,0.95971566,0.95861083,0.98704934,1.0893364,1.3279458,2.2256773,2.1215768,1.219102,2.182001,1.399859,1.1107463,0.9887904,0.942542,0.94145703,0.96712893,1.0698435,1.9832723,8,0,0.2
rec13,1.7299279,0.762811,0.7627333,1.7260469,1.9226254,1.119391,1.0058311,0.96689785,0.9667994,1.0035748,1.1178703,1.3809996,2.2237675,1.2375351,1.2374089,2.2187786,1.3425257,1.0806463,0.9710169,0.93343115,0.9333361,0.966272,1.0791789,1.9252397,8,0,0.2
rec13,1.6881486,0.74416333,0.74550796,1.7336105,1.9616586,1.0968878,1.0002847,0.97424775,0.97600806,1.0272225,1.1623486,1.4698613,2.2135952,1.2559329,2.1598716,2.2732074,1.2667755,1.0423907,0.95058703,0.9258436,0.92751646,0.97307587,1.1045995,1.8511827,3,0,0.2
rec13,1.6498193,0.7252338,1.6363089,1.7490792,2.0155585,1.0747508,0.99551165,0.98070234,0.9873592,1.0554055,1.2162008,1.581993,2.2077475,1.2748616,2.1896677,2.340574,1.1973034,1.0075568,0.93327177,0.91938835,0.925629,0.98566365,1.140164,1.781139,7,0,0.2
rec13,1.6182793,0.7059835,1.628376,1.7653477,2.0694792,1.0585186,0.9936853,0.98615247,0.999885,1.0839909,1.2707393,2.3551164,2.2108674,1.2940793,2.2246614,1.485059,1.1442755,0.9809717,0.92088795,0.9139068,0.92663324,1.0001959,2.010839,1.7238649,7,0,0.2
rec13,1.5888426,0.68648726,1.6312736,1.8048918,1.1817383,1.0378263,0.9920066,0.99056566,1.0184989,1.1268988,1.3554494,2.3192816,1.3155292,1.3136183,2.2760892,1.361133,1.085069,0.95292926,0.91085756,0.90953463,0.9351827,1.0293456,1.8927253,1.6622295,3,0,0.2
rec13,0.66669863,0.6670419,1.6429989,1.8586743,1.1357095,1.0208746,0.99353427,0.994046,1.0419024,1.1786722,1.4600545,2.2948506,1.3333633,2.2345417,2.3421187,1.2602168,1.0362492,0.9314709,0.9065248,0.90699154,0.9506567,1.0688795,1.7909263,1.6098404,7,0,0.2
rec13,0.64677113,0.64975965,1.6589284,1.917056,1.1009364,1.0094224,0.99520224,0.9998007,1.0673432,1.2334207,1.5739061,2.2855277,1.353299,2.263742,1.5740162,1.1871402,1.0010005,0.9177936,0.9048642,0.90904516,0.97045666,2.029334,1.711141,1.5689042,2,0,0.2
rec13,0.6267867,1.5471294,1.684438,1.9933381,1.0701133,1.0007048,0.9955492,1.0087818,1.0983118,1.2997254,2.443639,2.2851424,1.3733418,2.3035862,1.4407557,1.1258402,0.97230154,0.9092372,0.90455276,0.9165759,0.99792254,1.9003557,1.6411911,1.534742,6,0,0.2
rec13,0.6067946,1.542353,1.7067282,2.0613985,1.0487982,0.9958276,0.9946359,1.0180871,1.1265891,1.3607025,2.418185,1.394943,1.3932737,2.3473756,1.3554193,1.0860083,0.95473355,0.9065135,0.90542865,0.9267767,1.0255473,1.8073479,1.588879,1.5086308,6,0,0.2
rec13,0.58699083,1.5417181,1.7348573,1.1523049,1.0301214,0.99268895,0.99285775,1.0292706,1.158213,1.4298598,2.400439,1.4131799,2.313605,2.3984568,1.2851679,1.0532775,0.9415945,0.9073788,0.907533,0.9408167,1.0586779,1.7260079,1.5429926,0.586891,6,0,0.2
rec13,0.56854886,1.545494,1.7698888,1.1159384,1.013702,0.989708,0.99220216,1.0425516,1.1939226,1.5095288,2.3895645,1.4329658,2.3388834,1.6951802,1.2266849,1.0264845,0.9324434,0.9103726,0.91266674,0.9589801,1.9769269,1.6542838,1.5027274,0.56711966,1,0,0.2
rec13,0.55119604,1.549223,1.8021635,1.0872976,1.000731,0.98571396,0.992327,1.0549401,1.2271796,1.586334,2.388443,1.4525633,2.3683848,1.5928239,1.1855785,1.0085984,0.9282975,0.9143675,0.9205017,0.97858304,1.8769237,1.5967412,1.4696146,0.5475229,1,0,0.2
rec13,0.53332704,1.5434123,1.8116558,1.0700972,0.9919216,0.9809978,0.99068266,1.0601466,1.2443991,1.6298603,2.3985276,1.4720428,2.395532,1.5471543,1.1683158,1.0026326,0.92938554,0.9191505,0.92822474,0.9933093,1.8153387,1.557899,1.4440871,0.5281133,1,0,0.2
rec13,0.5141452,1.5254472,1.7936727,1.0623645,0.9860649,0.97584194,0.9861707,1.056642,1.2424357,1.6314577,2.4164157,1.4913251,2.4166749,1.5460358,1.1705574,1.0061858,0.9339209,0.9242386,0.93402106,1.0007658,1.7842569,1.533709,1.4235573,0.5087603,1,0,0.2
rec13,0.49355477,1.4951582,1.7481239,1.0639582,0.98321426,0.97076154,0.97893643,1.044584,1.2213175,1.590425,2.4416835,1.5106992,2.4310603,1.5874121,1.1913652,1.0185865,0.9412859,0.9293641,0.9371904,1.0000383,1.7812111,1.5228894,1.407317,0.48943317,1,1,0.19295545
rec13,0.4726418,1.4553224,1.6801051,2.1354172,0.98480785,0.9661672,0.9704719,1.0259081,1.1843656,1.5144483,2.4764278,1.5295227,2.4403782,1.6783763,1.2329289,1.0407373,0.9519149,0.9338967,0.9380578,0.99164236,1.8094316,1.5273734,1.3970189,0.47054523,6,1,0.18036349
rec13,0.45347303,1.4185977,1.6168629,2.0309,0.9890564,0.96256566,0.96413344,1.0094061,1.150482,1.4450911,2.5147276,1.5473393,2.4513593,1.7849478,1.2794749,1.0649161,0.9633065,0.93750536,0.9390322,0.98312616,1.846213,1.5366158,1.389999,0.4527357,6,1,0.16849044
rec13,0.43629035,1.3936514,1.5793043,1.9682047,0.9902756,0.9597174,0.9604699,1.0011381,1.1345032,1.4138722,2.5426507,1.5641463,2.466121,2.5705411,1.3043302,1.0782782,0.97031444,0.9403721,0.94110954,0.9809576,1.8530675,1.5319147,1.3785304,0.4359485,6,1,0.15729898
rec13,0.42057937,1.3784002,1.5635135,1.9510491,0.98699194,0.9572149,0.95809156,0.9993936,1.1336081,1.4145865,2.5570514,1.5798748,2.4821775,1.8378382,1.3042046,1.0794064,0.9721812,0.9428509,0.94371444,0.98439634,1.8262112,1.5114375,1.3612957,0.42019457,6,1,0.14679638
rec13,0.4064268,1.3728876,1.5693398,1.97915,0.9791055,0.9547804,0.9568377,1.003996,1.147662,1.4473574,2.558119,1.594528,2.49994,1.7751659,1.2799519,1.0688607,0.9693795,0.9452959,0.94733274,0.9940225,1.7677965,1.4762497,1.3388519,0.40555286,6,1,0.13703524
rec13,0.39417917,1.3789694,1.6000729,2.0608778,0.9678246,0.9520929,0.9577327,1.0162708,1.1792194,1.5188228,2.54968,1.6082066,2.5230937,1.6681359,1.2363602,1.0491316,0.9636315,0.9479679,0.95358336,1.0118676,1.6849066,1.4297521,1.313233,0.3918579,6,1,0.12790525
rec13,1.2960418,1.3946863,1.6498345,2.0535579,0.9568662,0.94902,0.9614423,1.0346197,1.2238963,1.6216253,2.541679,1.6208057,2.553834,1.5576448,1.189863,1.028423,0.9589101,0.9510472,0.96349573,2.0725536,1.6005392,1.3833784,0.3824005,0.37926486,6,1,0.119509906
rec13,1.2971268,1.416204,1.710154,1.0022613,0.94826543,0.94557035,0.96747047,1.0562849,1.2755297,1.7445933,2.5396826,1.6324102,2.5911186,1.4658327,1.150512,1.0117729,0.95726454,0.9545438,0.97665185,1.9468257,1.5280368,1.3437722,0.36875826,0.3677102,0,1,0.111806795
rec13,1.3000087,1.4374726,1.7685409,0.9838696,0.94220966,0.94175345,0.9738966,1.0768771,1.3248957,1.867832,2.5442743,1.643008,2.6298397,1.4006644,1.1226948,1.0011755,0.9587829,0.95831853,0.99102724,1.8373619,1.4727274,1.3133211,0.35724077,0.3570678,0,1,0.10471186
rec13,1.298621,1.446304,1.7988114,0.9728515,0.93782896,0.9379867,0.9764112,1.087452,1.3524969,2.6482224,1.6528406,1.6531187,2.6579125,1.3710827,1.1110536,0.9982025,0.9622672,0.96242905,1.0018548,1.7772204,1.4401661,1.293887,0.34726122,0.34731966,5,1,0.09817414
rec13,1.2966954,1.4526273,1.8229406,0.96381253,0.9339155,0.93463135,0.9780758,1.0956928,1.3750138,2.6439629,1.6619248,1.6631987,1.8951721,1.3501563,1.1033342,0.99706167,0.9661331,0.96687365,1.0118169,1.7302945,1.4139792,1.2777858,0.33812636,0.33838552,5,1,0.09208424
rec13,1.298856,1.4667591,1.863842,0.95381284,0.93015313,0.93206793,0.98239696,1.1093913,1.4097277,2.6359987,1.6705182,2.5759032,1.8227965,1.3221813,1.0923172,0.99471843,0.97004426,0.97204095,2.027991,1.6762092,1.3847961,1.2610643,0.32968953,0.3303682,0,1,0.08645968
rec13,1.2992576,1.4760636,1.8936737,0.9459469,0.9262848,0.92958677,0.98498577,1.119025,1.435621,2.6330688,1.6782992,2.58753,1.7760148,1.3044109,1.0860084,0.9944689,0.97379816,0.9772694,2.0457585,1.6366487,1.3626186,0.3286188,0.32178822,1.2261829,0,1,0.08119214
rec13,1.291228,1.4667001,1.8811657,0.94230455,0.92261636,0.9258666,0.9809029,1.1142031,1.4290588,2.6408308,1.6856173,2.5947633,1.7841164,1.3099289,1.0903769,0.9983198,0.9774614,0.9809049,2.0492704,1.6275947,1.3548001,0.3211754,0.31446493,1.2187804,0,1,0.07630995
rec13,1.2747115,1.4386764,1.8265231,0.9430458,0.91924894,0.921052,0.97029793,1.0951066,1.3903317,2.6597843,1.692593,2.5977528,1.8486421,1.339293,1.1056248,1.0063009,0.9809079,0.9828319,2.0382206,1.6488736,1.3611925,0.31553477,0.3075725,1.2100155,0,1,0.071715005
rec13,1.2516387,1.3953613,1.7380756,0.94952303,0.91616,0.9163956,0.95479506,1.064432,1.325867,1.9086618,1.6991024,1.6995394,2.7087393,1.3972175,1.1338797,1.0197316,0.9839016,0.9841547,1.0253932,1.7055025,1.3840612,0.31192255,0.3009627,0.30104008,5,1,0.067308456
rec13,1.2299185,1.3530067,1.6519789,0.9597534,0.9146877,0.91358817,0.94051605,1.0346415,1.2632649,1.7587352,2.608574,1.7054042,2.6822336,1.4698958,1.1685448,1.036332,0.9876705,0.98648334,1.0155598,1.7801539,1.4151955,1.2550753,0.29502562,0.29467097,0,1,0.06311398
rec13,1.2124707,1.318231,1.5822461,1.9837916,0.91519004,0.91142786,0.9296399,1.0107299,1.2131588,1.6435927,2.6222143,1.7113986,2.663616,1.5454245,1.2039293,1.0536171,0.99272937,0.98864836,1.0084034,1.8581676,1.447565,1.266834,0.28987324,0.28868163,6,1,0.05912108
rec13,1.1967258,1.2845545,1.5142001,1.9957017,0.9183167,0.90964466,0.9202017,0.9877359,1.1643181,1.5345608,2.6420655,1.7170888,2.647489,1.64209,1.2479366,1.075175,0.99985266,0.9904107,1.0019051,1.9613941,1.4905976,1.2842433,0.28566748,0.28296983,6,1,0.05531322
rec13,1.1867691,1.2646302,1.4758395,1.9166595,0.92065555,0.9082079,0.9152873,0.9753372,1.138231,1.4782104,2.658487,1.7225116,2.6429858,1.7062982,1.276764,1.0896252,1.0054526,0.9918584,0.99959,2.0258126,1.5158455,1.2936641,0.28136256,0.27755842,0,1,0.05170561
rec13,1.1785622,1.2482111,1.4446204,1.8538183,0.9232162,0.9069931,0.9116624,0.9655385,1.1174684,1.4339988,2.6746275,1.7276607,2.6411557,1.7660707,1.3031236,1.1028677,1.0108469,0.99308366,0.9981962,2.0685482,1.5385876,1.302147,0.27736342,0.27248946,0,1,0.048326302
rec13,1.169744,1.2250748,1.3968962,1.7556462,0.93064415,0.90598583,0.90753204,0.95045984,1.0837655,1.3620975,2.7040222,1.732346,2.636869,1.8887694,1.3550867,1.1284082,1.0211338,0.9940777,0.99577427,2.0395436,1.591831,1.3255498,0.27500746,0.26772088,0,1,0.045147248
rec13,0.26323292,1.1988282,1.3389053,1.6366025,1.9382616,0.9054431,0.90527356,0.9329465,1.0419567,1.2736291,1.7716453,2.6373775,1.7369341,2.717489,1.4429778,1.1710963,1.0392798,0.9949888,0.99480253,1.025212,1.6873412,1.3694175,0.27500197,0.26328218,7,1,0.042155273
rec13,0.25897512,1.1768887,1.2861222,1.5290289,1.9844148,0.9085071,0.90487635,0.9188364,1.0041188,1.1937641,1.588755,2.651728,1.7410978,2.681877,1.5614966,1.2275964,1.064674,0.999186,0.995193,1.0105462,1.818529,1.4296662,1.239926,0.2600142,7,1,0.039316744
rec13,0.25504345,1.1640136,1.2529951,1.4623584,1.892979,0.9136755,0.9048689,0.9117881,0.9814886,1.1454859,1.4827968,2.6711445,1.7452625,2.6656263,1.6650438,1.2756929,1.0869552,1.0051081,0.99542034,1.0030317,1.9322754,1.4804354,1.2614058,0.25752565,7,1,0.03669563
rec13,0.2513098,1.1564349,1.2338173,1.4247855,1.8162514,0.9180767,0.9048206,0.9088265,0.9696403,1.1197195,1.4273673,2.6875854,1.7487519,2.660507,1.7363341,1.3080076,1.1020589,1.0098186,0.9952379,0.9996441,2.0086718,1.5131639,1.2749132,0.2549916,1,1,0.03420654
rec13,0.24786508,1.1505424,1.2183374,1.3945739,1.7557473,0.92266047,0.90498865,0.9070648,0.960513,1.0994545,1.384196,2.7040677,1.7522327,2.6583617,1.8036727,1.3379052,1.1160586,1.0145358,0.9951044,0.9973872,2.064493,1.5433489,1.2874366,0.25270516,8,2,0.0
rec13,0.24695899,1.1478341,1.2053146,1.3664018,1.6974537,0.9285241,0.9050497,0.90569764,0.95105255,1.0781584,1.3393743,2.7220318,1.7531624,1.7544162,1.8881314,1.3746723,1.1333752,1.0208734,0.9950643,0.9957766,2.0439897,1.5845878,1.306444,0.25336438,8,2,0.0
rec13,0.246952,1.1474639,1.201674,1.3580918,1.6800802,0.9305981,0.90502405,0.9054055,0.9481797,1.0716013,1.3256656,1.9519538,1.7531114,1.7538503,1.9176594,1.3873253,1.1393422,1.023154,0.99503636,0.99545574,2.0378165,1.599172,1.3133217,0.25393033,8,2,0.0
rec13,0.24695721,1.1478771,1.2056887,1.3672522,1.699234,0.92831993,0.90504336,0.90573156,0.9513478,1.0788294,1.3407787,2.7214336,1.7531757,1.7544817,1.8852141,1.3734165,1.132783,1.0206494,0.9950575,0.99581426,2.0446246,1.5831401,1.3057612,0.25330865,8,2,0.0
rec13,0.24695833,1.1497984,1.2182854,1.3954946,1.7586347,0.9223295,0.9050471,0.9072474,0.96128714,1.1011138,1.387649,2.703873,1.7531685,2.6596584,1.7978773,1.3353196,1.1148151,1.014063,0.995062,0.997481,2.0659864,1.5392257,1.2850498,0.25167412,8,2,0.0
rec13,0.24696916,1.1553605,1.2423134,1.4479748,1.8707341,0.9144275,0.90508693,0.91163605,0.98024637,1.1425234,1.4761012,2.6807077,1.7532341,2.6725245,1.6729709,1.2791831,1.0884537,1.0053755,0.9951059,1.0023065,1.9284366,1.4745169,1.2546625,0.24951786,8,2,0.0
rec13,0.2469539,1.168224,1.2830952,1.535078,1.9725233,0.9074441,0.90503114,0.921786,1.0124253,1.2112521,1.6278378,2.6602354,1.7531255,2.7022798,1.5310512,1.2131772,1.0580457,0.9976971,0.99504423,1.0134654,1.7648457,1.3984319,0.2625899,0.2476123,8,2,0.0
rec13,1.1472641,1.1904262,1.3411268,1.6582618,1.9231191,0.905044,0.90524775,0.93930477,1.0582149,1.30845,1.8554621,1.7531509,1.7535454,2.0091448,1.4043018,1.152613,1.0315459,0.9950585,0.9952824,2.0187426,1.6187415,1.3286195,0.25601292,0.24695732,8,2,0.0
rec13,1.1530076,1.2214532,1.4141303,1.8155671,0.9210534,0.90502816,0.9097797,0.9637866,1.1158184,1.4325719,2.700132,1.7532148,2.6670823,1.767081,1.3046408,1.1045376,1.0126601,0.99504083,1.0002651,2.0369184,1.5038619,1.2732027,0.2513259,0.24695311,8,2,0.0
rec13,1.1663072,1.2624325,1.5057253,1.9889606,0.91021127,0.905025,0.9202735,0.9961212,1.1880912,1.593975,2.6683474,1.753114,2.6978457,1.586129,1.2255076,1.0668631,1.0007398,0.9950377,1.0118027,1.8283341,1.4126452,1.2297753,0.2483674,0.24695228,8,2,0.0
rec13,1.187602,1.31496,1.6210952,1.9353285,0.90534526,0.905019,0.93707633,1.0375679,1.2791238,1.809409,2.654082,1.753102,2.7471042,1.4471906,1.1624354,1.038095,0.99538964,0.9950309,2.0139532,1.6681803,1.339942,0.25763837,0.24703956,0.24695052,8,2,0.0
rec13,1.2176224,1.3812671,1.7678572,0.92515826,0.90501857,0.9079086,0.96076405,1.0898877,1.394927,2.7121658,1.7531011,2.6615975,1.8279135,1.3385055,1.1123046,1.0171733,0.99503046,0.9982081,2.0648625,1.5428977,1.2821556,0.25244597,0.24695043,1.1506363,8,2,0.0
rec13,1.2574525,1.4644822,1.9576083,0.9126034,0.90501857,0.9166996,0.99219185,1.1555485,1.5446495,2.6753602,1.7531012,2.6873686,1.6321381,1.2524565,1.072898,1.0033695,0.9950303,1.007873,1.8813683,1.4437089,1.2367315,0.24902001,0.24695036,1.1617776,8,2,0.0
rec13,1.3086298,1.5690459,1.943781,0.9061029,0.90505296,0.9316799,1.032573,1.2380545,1.7428656,2.656303,1.7532055,2.7312841,1.4828081,1.1839181,1.0426289,0.9962227,0.9950684,1.0243437,1.7092367,1.3647052,0.2587637,0.24724634,0.24695982,1.180763,8,2,0.0
rec13,1.3733068,1.7014099,0.92806476,0.9050147,0.9061671,0.9533576,1.0836064,1.3424962,2.7206867,1.7530935,1.7553258,1.8528094,1.3665222,1.1293412,1.0203687,0.99502605,0.9962932,2.0489447,1.5751933,1.3017942,0.253239,0.24694939,1.1484294,1.2082363,4,0,0.2
rec13,1.4439526,1.8514409,0.9130135,0.9027804,0.9097296,0.9773383,1.1389419,1.4603553,2.685704,1.7555673,2.6760442,1.6693118,1.2844518,1.0918721,1.0085984,0.9972942,1.0049708,1.9157892,1.4741037,1.253089,0.24728273,0.24451132,1.1533569,1.2390712,4,0,0.2
rec13,1.496253,1.9738821,0.8975432,0.89339066,0.9076527,0.9906687,1.177419,1.5534443,2.6771696,1.7647607,2.7073245,1.5738825,1.2441214,1.0779034,1.0113363,1.0066574,1.0227276,1.7750317,1.4031255,0.25194222,0.23638326,0.23539644,1.1534365,1.2589325,4,0,0.2
rec13,1.523682,1.9342661,0.88038725,0.87866646,0.89863855,0.9909051,1.1932058,1.6057171,2.683306,1.7784173,2.7389336,1.5355892,1.2328492,1.0803456,1.0233773,1.021377,1.044593,1.6869104,1.3543373,0.23482303,0.22319959,0.4050804,1.1475302,1.2653512,4,0,0.2
rec13,1.5253907,1.9093399,0.8644845,0.86345077,0.8857661,0.98084706,1.187607,1.6118431,2.6942554,1.7920852,2.760583,1.5349963,1.2398456,1.0913851,1.0378256,1.0365845,2.0379448,1.6422846,1.3265045,0.22007006,0.21241742,0.93686336,1.1376991,1.2598233,4,0,0.2
rec13,1.5082088,1.8929875,0.84912294,0.8481215,0.870109,0.96361154,1.1669004,1.5840824,2.7070727,1.8049612,2.773979,1.557114,1.2578982,1.1073997,1.0531553,1.0519131,2.0538306,1.6226552,0.23458773,0.20652099,0.20327678,1.0961895,1.1246085,1.2454598,4,0,0.2
rec13,1.4905435,1.8768432,0.83376956,0.8327862,0.8543764,0.9461883,1.1458012,1.5554398,2.7199268,1.819153,2.7871509,1.5798143,1.2762364,1.123544,1.0685087,1.0672486,2.0695636,1.6036496,0.21923436,0.19581684,0.23417252,1.0833503,1.1114365,1.2308722,4,0,0.2
rec13,1.4728788,1.8606992,0.8184161,0.8174508,0.83864355,0.92876464,1.1247017,1.5267969,2.7327812,1.8320093,2.800323,1.6025147,1.2945745,1.1396881,1.0838622,1.0825838,2.0852964,1.5846443,0.20388103,0.19022058,0.28758764,1.0705112,1.0982646,1.2162849,4,0,0.2
rec13,1.455214,1.8445548,0.80306274,0.8021156,0.82291055,0.911341,1.1036024,1.4981542,2.745636,1.846701,2.8134952,1.6252152,1.3129131,1.1558324,1.0992155,1.0979191,2.1010292,0.23337287,0.18852775,0.18666688,0.3410027,1.057672,1.0850925,1.2016975,4,0,0.2
rec13,1.4375489,1.8284109,0.7877093,0.78678036,0.8071777,0.89391756,1.0825032,1.469512,2.7584898,1.85957,2.8266668,1.6479151,1.3312511,1.1719766,1.1145688,1.1132544,2.1167622,0.21436748,0.1851719,0.2114973,0.3944179,1.0448328,1.0719206,1.1871098,4,0,0.2
rec13,1.419884,1.8122663,0.7723559,0.7714449,0.79144496,0.8764941,1.061404,1.4408697,2.7713437,1.874734,2.839839,1.6706161,1.3495896,1.188121,1.1299225,1.1285899,2.132495,0.19536206,0.18522558,0.24013983,0.44783285,1.0319935,1.0587485,1.1725224,4,0,0.2
rec13,1.402219,1.7961224,0.7570024,0.7561097,0.77571183,0.8590704,1.0403045,1.4122268,2.7841983,1.887619,2.853011,1.6933161,1.3679274,1.2042649,1.1452756,1.143925,0.26414338,0.18752006,0.19799618,0.26878238,0.50124776,1.0191548,1.0455766,1.157935,4,0,0.2
rec13,1.3845544,1.779978,0.741649,0.74077433,0.759979,0.8416469,1.0192052,1.3835843,2.7970529,1.900504,2.8661826,1.7160163,1.3862658,1.220409,1.160629,1.1592602,0.2356776,0.19194801,0.21909548,0.2974249,0.5546629,1.0063157,1.0324047,1.1433476,4,0,0.2
rec13,1.3668894,1.7638338,0.72629565,0.7254391,0.74424636,0.82422346,0.99810594,1.3549417,2.809907,1.9178042,2.8793545,1.7387167,1.404604,1.2365532,1.1759825,1.1745956,0.20721169,0.19834983,0.24019475,0.32606754,0.608078,0.9934764,1.0192326,1.1287601,4,0,0.2
rec13,1.3492246,1.7476895,0.71094227,0.71010375,0.72851336,0.80679995,0.97700685,1.3262995,2.8227613,1.9307196,2.8925266,1.7614172,1.4229424,1.2526976,1.191336,1.1899309,0.20653115,0.21577337,0.26129404,0.35471,0.661493,0.9806373,1.0060607,1.1141728,4,0,0.2
rec13,1.3315603,1.7315456,0.6955889,0.6947685,0.71278036,0.78937626,0.9559073,1.2976565,2.8356156,1.9436344,2.9056985,1.7841175,1.4412804,1.2688417,1.2066892,1.2052661,0.21628296,0.23319696,0.28239337,0.38335267,0.7149083,0.9677982,0.9928889,1.0995857,4,0,0.2
rec13,1.3138949,1.7154013,0.6802354,0.67943317,0.6970476,0.77195275,0.93480814,1.2690144,2.84847,1.9603336,2.9188704,1.8068181,1.4596188,1.284986,1.2220427,0.26895714,0.22739829,0.2506205,0.30349272,0.41199523,0.76832336,0.95495903,0.97971684,1.0849979,4,0,0.2
rec13,1.2962298,1.6992569,0.66488206,0.66409796,0.68131465,0.7545292,0.9137086,1.2403715,2.861324,1.9732732,2.932042,1.8295183,1.4779571,1.3011302,1.2373961,0.23968403,0.24203481,0.26804402,0.324592,0.44063777,0.8217384,0.94212,0.9665448,1.0704104,4,0,0.2
rec13,1.278565,1.6831126,1.600668,0.6487626,0.66558176,0.7371057,0.8926096,1.211729,2.8741784,1.9907542,2.9452147,1.8522186,1.4962952,1.3172741,1.2527494,0.25322244,0.2577677,0.28546757,0.3456913,0.4692803,0.8751533,0.9292809,0.9533727,1.055823,5,0,0.2
rec13,1.2726653,1.6617182,1.5846194,0.6334296,0.6513042,0.7234758,0.8795841,1.2014884,2.8857799,2.0016556,2.965091,1.8553941,1.5051565,1.3292619,1.267588,0.26705244,0.27414644,0.3045248,0.37023374,0.50572926,0.91716194,0.9165054,0.94236857,1.0467931,5,0,0.2
rec13,1.2867563,1.6328559,1.5680224,0.6178665,0.6393642,0.71586967,0.8795646,1.2218683,2.8964553,2.0167778,2.9970012,1.8295416,1.4999133,1.3353207,1.2823011,0.28219432,0.29198334,0.32692173,0.40167737,0.5579997,0.90397555,0.90389687,0.93535584,1.0472795,5,0,0.2
rec13,1.3044575,1.604669,0.6666612,0.6023025,0.6275371,0.7085883,0.88064164,1.2466004,2.908452,2.0374687,3.0317674,1.8047086,1.4952233,1.3420818,0.29803216,0.29817587,0.31066844,0.3507937,0.43597028,0.61714184,0.89173573,0.89193064,0.9295444,1.0496022,4,0,0.2
rec13,1.3134226,1.5805407,0.64844984,0.5865814,0.6141438,0.69770837,0.8744428,1.2555183,2.9202945,2.0475893,3.0612683,1.7953659,1.498232,1.3524444,0.31420073,0.31458643,0.32936835,0.37418455,0.46896806,0.6733406,0.8799716,0.88066137,0.92245096,1.0479658,4,0,0.2
rec13,1.2988648,1.5630397,1.5195885,0.57061434,0.5973971,0.67910814,0.85187215,1.2249321,2.9318163,2.059963,3.0752244,1.8144745,1.5152696,1.3686082,0.3305094,0.33095282,0.3466761,0.39409402,0.49435076,0.71084136,0.8683854,0.8691491,0.9108622,1.0354486,5,0,0.2
rec13,1.2909424,1.5438551,1.5032027,0.55528665,0.58146393,0.66242725,0.8334577,1.2046793,2.9432592,2.0739517,3.0937386,1.8258237,1.5285115,1.3832839,0.34683785,0.34743938,0.36457053,0.41533342,0.5225675,0.7553189,0.85682297,0.85785884,0.90062946,1.0260334,5,0,0.2
rec13,1.3090986,1.518952,1.4868035,0.5400139,0.56865716,0.6530486,0.83100235,1.2251657,2.9547508,2.088301,3.130495,1.8095182,1.528254,1.3928871,0.36333296,0.3645543,0.38494343,0.44207087,0.5625338,0.82935643,0.84552914,0.84773105,0.8958198,1.0287637,5,0,0.2
rec13,1.3339068,1.4941648,1.4700071,0.52486956,0.55619967,0.6445861,0.83106965,1.2547622,2.9655888,2.103213,2.4242015,1.7914368,1.5273023,1.4027939,0.38007107,0.38231963,0.4065555,0.47116172,0.6074723,0.848287,0.83457184,0.83866084,0.89272743,1.0345918,5,0,0.2
rec13,1.3620665,1.4703498,1.4530009,0.509693,0.54357433,0.6358888,0.8312674,1.2881656,2.9761245,2.1177049,2.3655035,1.7756821,1.527715,0.40184844,0.39710698,0.4007324,0.42918652,0.50207466,0.65633863,0.8339365,0.82409674,0.8305659,0.89066905,1.0419301,5,0,0.2
rec15,0.48962387,0.49713993,0.43817806,0.34440726,0.29865408,0.28024834,0.27911702,0.28340167,0.30966452,0.36808905,0.4897569,0.8439741,3.31051,1.3961775,0.8962598,0.7044592,0.7201288,1.5773156,1.5709481,1.1973838,0.7686464,0.6041553,0.5238956,0.49160844,0,1,0.15878536
rec15,0.47434962,0.47645867,0.48633376,0.36640579,0.30873802,0.28291464,0.2788395,0.2800793,0.29883838,0.34511617,0.4399821,0.68836206,1.8113171,1.7066997,0.9962273,0.7505617,0.7150361,1.594181,1.5712178,1.4173517,0.8273301,0.6233136,0.5252118,0.48128211,0,1,0.18289976
rec15,0.4567593,0.45680457,0.47636756,0.3960855,0.3232557,0.2889038,0.27992687,0.2799546,0.29194385,0.32837364,0.40361878,0.58703834,1.2044394,2.2071545,1.1265897,0.8066683,0.7234642,1.6204823,1.5701301,1.5702857,0.9026153,0.6462964,0.5274594,0.471407,0,1,0.17117284
rec15,0.44108596,0.4396362,0.44930723,0.4357432,0.3429597,0.29842946,0.283267,0.28233594,0.2885467,0.31668764,0.37699786,0.51750517,0.9125297,3.3605237,1.3035643,0.8761598,0.7374752,2.714151,1.5729114,1.5677414,1.009502,0.6785127,0.5340358,0.46469605,0,1,0.15975747
rec15,0.42939574,0.42382738,0.4273158,0.45825493,0.36874297,0.31168213,0.2896144,0.2858587,0.28821155,0.30907908,0.35756263,0.4680096,0.7436471,1.9667454,1.5577842,0.96440774,0.7419676,0.77964276,1.5847555,1.5642046,1.1702702,0.7245018,0.5467156,0.4621144,0,1,0.14921825
rec15,0.42158872,0.40938598,0.4098489,0.429884,0.4019569,0.3290237,0.29897553,0.29032177,0.29065007,0.30485815,0.3436064,0.4319446,0.6353443,1.2963668,1.9535277,1.0798867,0.7749399,0.74678236,1.6062535,1.559761,1.4288423,0.7898469,0.56680393,0.46396,0,1,0.13959065
rec15,0.41761526,0.39693436,0.3962563,0.4069763,0.44465548,0.3510413,0.31148806,0.2960627,0.295557,0.30355272,0.33397388,0.4053446,0.5612827,0.98152727,3.4039083,1.2368306,0.8341962,0.75236577,2.692262,1.5571829,1.5545229,0.883895,0.5961543,0.4706448,0,1,0.13083753
rec15,0.41747156,0.38804126,0.3843112,0.3886818,0.41803065,0.3786594,0.32746717,0.30438182,0.30145594,0.3048843,0.3279056,0.38574314,0.5085143,0.8009875,2.695595,1.4611627,0.90996265,0.75360954,2.7685175,1.5636168,1.5485865,1.0236571,0.6374992,0.48273408,0,1,0.122874126
rec15,0.42143774,0.382688,0.37356701,0.3744867,0.3941246,0.41315556,0.34734046,0.31540367,0.30788633,0.30864432,0.3248293,0.37146094,0.4698564,0.6854266,1.6129154,1.8061503,1.0092705,0.7593621,0.80340356,1.5798063,1.5421534,1.2445636,0.69545805,0.50129294,0,1,0.11571134
rec15,0.4300051,0.38090926,0.3641928,0.36403492,0.37518588,0.4179947,0.3717094,0.32926947,0.3148193,0.3146828,0.32432178,0.36132708,0.44101277,0.6061506,1.1710356,2.400937,1.1438088,0.7763705,0.76280755,1.6065208,1.5360172,1.5353513,0.7778079,0.52794415,0,1,0.109461874
rec15,0.4437447,0.38271695,0.35773075,0.35560036,0.3604523,0.39188135,0.40156353,0.34633696,0.32372585,0.32179797,0.32618862,0.3546301,0.41940594,0.5493262,0.93316454,3.4445698,1.3342128,0.8391868,0.761205,2.7211292,1.5374402,1.5282843,0.89816403,0.5649231,0,1,0.10515383
rec15,0.46350744,0.3882236,0.3544219,0.3480819,0.34932634,0.37105906,0.4265461,0.3671809,0.3352114,0.3292149,0.33039194,0.35094666,0.4034261,0.50751334,0.7861926,1.9474419,1.6211283,0.9212145,0.7589115,2.811543,1.5485176,1.5208179,1.0834967,0.6157029,0,1,0.10294794
rec15,0.4906016,0.39769745,0.35413826,0.3414019,0.34136626,0.35456666,0.39710584,0.3926393,0.34963408,0.33705977,0.33702457,0.3500571,0.39205527,0.47640413,0.68783003,1.3629463,2.097686,1.030905,0.7619551,0.78969896,1.5696387,1.5131872,1.3958645,0.68599594,1,1,0.10275883
rec15,0.5263053,0.41127038,0.3567132,0.33678564,0.3353007,0.34177297,0.37372127,0.42356166,0.3673739,0.34685078,0.3453215,0.3519872,0.38489032,0.45383748,0.61984634,1.0697224,3.4647834,1.1798525,0.7921994,0.76241136,1.6008118,1.5113835,1.5047196,0.78384626,1,1,0.10447546
rec15,0.5739687,0.42983627,0.36232904,0.33479676,0.32982883,0.3320752,0.35500604,0.40746883,0.38910782,0.35954082,0.35420576,0.3566181,0.38124368,0.43758383,0.57079566,0.89428127,2.3246872,1.3945897,0.8628179,0.75732094,2.7417965,1.5183693,1.4958389,0.92771685,1,1,0.108219355
rec15,0.63881314,0.45468017,0.3713544,0.33545607,0.3249426,0.3251748,0.34016928,0.38092577,0.4157053,0.37551975,0.3637506,0.36401057,0.3807959,0.42641985,0.5348003,0.7790726,1.5853734,1.7298934,0.95597726,0.75628954,2.8414516,1.53439,1.4863007,1.1559668,1,1,0.11423626
rec15,0.7293388,0.4875144,0.38423058,0.3388135,0.321308,0.32057902,0.3286293,0.35965633,0.43581784,0.39551106,0.37507614,0.3742252,0.38362265,0.41984183,0.50874835,0.6996886,1.2265623,2.3216672,1.0824726,0.75152427,0.78773934,1.5597701,1.479181,1.4758253,2,1,0.122820385
rec15,0.8462786,0.5261154,0.39955747,0.34409794,0.31987995,0.3168047,0.32042176,0.3438233,0.40510297,0.41896504,0.38947785,0.38573352,0.39013755,0.4186307,0.4932433,0.6496433,1.0361878,3.447643,1.2402587,0.7710449,0.74577373,2.6766553,1.4785337,1.4643195,2,1,0.13303831
rec15,0.96989065,0.5621325,0.4133598,0.34913227,0.3194867,0.31354055,0.31498402,0.3331176,0.38478774,0.44370174,0.40602615,0.39846942,0.40030378,0.42334923,0.4890153,0.62580633,0.94360423,2.4024024,1.3968489,0.80959004,0.74818414,2.729945,1.4791341,1.451605,2,1,0.14223985
rec15,1.1371162,0.60514,0.42962623,0.35566333,0.32039452,0.31077704,0.3110707,0.32453313,0.36819428,0.4595873,0.42501715,0.4122591,0.41264865,0.4305072,0.48842567,0.60966235,0.87874746,1.8976643,1.6017734,0.8524163,0.7427735,2.789936,1.4822962,1.4378011,2,1,0.15308414
rec15,1.3863833,0.65944403,0.44968015,0.36426717,0.3228157,0.30867726,0.30859342,0.31768054,0.35430464,0.43229228,0.44693413,0.42735964,0.42724362,0.43982464,0.4905303,0.59850323,0.83003265,1.593957,1.8994722,0.903498,0.72988755,2.860025,1.4884285,1.4232394,2,1,0.16645342
rec15,1.4066372,0.72931767,0.4744607,0.3753287,0.32694733,0.30798638,0.3070837,0.31256095,0.34292385,0.4097113,0.472102,0.44472295,0.44341952,0.45132855,0.49517158,0.5916106,0.79339904,1.3940165,2.3742661,0.96568316,0.7226045,2.9415154,1.4976252,1.410772,3,1,0.18297377
rec15,1.3887047,0.8059427,0.5001354,0.38695857,0.33190736,0.3086066,0.3063407,0.3094887,0.33498642,0.39357644,0.49986443,0.46477264,0.4613601,0.46610108,0.50450164,0.59274024,0.7748888,1.2810596,3.493791,1.0225394,0.7125777,0.7568663,1.5046033,1.3989764,3,0,0.2
rec15,1.3690645,0.8652313,0.51905453,0.39561892,0.3359164,0.3097378,0.30629534,0.30831608,0.33095333,0.384951,0.4958579,0.4864327,0.48102632,0.48419988,0.51975095,0.60455245,0.778728,1.2456007,3.4938917,1.0424054,0.699877,0.74078465,2.5982249,1.3844517,3,0,0.2
rec15,1.3490578,0.93135047,0.5393907,0.4050615,0.34058753,0.3115691,0.3067843,0.30798757,0.32808173,0.378162,0.48079494,0.50883096,0.50101686,0.5029819,0.5357981,0.6175853,0.7851978,1.2214228,3.1417255,1.0595644,0.6882946,0.72623557,2.607935,1.3700985,3,0,0.2
rec15,1.3290701,1.0106095,0.5626688,0.41593185,0.3462034,0.31416634,0.30779642,0.3083957,0.32604373,0.37251246,0.46776977,0.53176814,0.52098626,0.5220006,0.55187225,0.63052666,0.7917628,1.2006512,2.8122277,1.080359,0.6793637,0.7120747,2.619727,1.3565756,3,0,0.2
rec15,1.3091475,1.1066324,0.58928794,0.4283481,0.3528095,0.31754464,0.3093385,0.3095366,0.324813,0.3679336,0.4565852,0.55528516,0.5409353,0.54128164,0.56799525,0.64339966,0.7984236,1.1827292,2.5646365,1.1057907,0.6701077,0.6982625,2.6337001,1.3438765,3,0,0.2
rec15,1.2892529,1.2245213,0.61972755,0.44244492,0.36045673,0.32172164,0.3113975,0.3114085,0.32436645,0.36436453,0.447072,0.5794234,0.56082946,0.56084937,0.58418673,0.6562237,0.80518025,1.1672165,2.3720024,1.1372665,0.6604607,0.68476295,2.649966,1.3319973,3,0,0.2
rec15,1.2700338,1.2695323,0.6545688,0.4583784,0.36920395,0.32671937,0.31412864,0.3140046,0.32468542,0.3617527,0.4390843,0.60422945,0.5809443,0.5807148,0.6004678,0.66901934,0.81203496,1.1537627,2.218038,1.1768371,0.65034276,0.67154366,2.6686544,1.3209386,4,0,0.2
rec15,1.2512074,1.2496483,0.6842818,0.472252,0.37720633,0.33174396,0.3174444,0.31704888,0.32632786,0.36152408,0.4355705,0.6106555,0.6011714,0.6004223,0.61799467,0.68464893,0.8248769,1.1564502,2.1472673,1.1839669,0.63525444,0.66128135,2.6765468,1.3075689,4,0,0.2
rec15,1.2315797,1.2299386,0.6939716,0.4782084,0.38163304,0.33542424,0.32081014,0.32038262,0.32960534,0.3649461,0.43936747,0.61516446,0.62097716,0.62014973,0.6380017,0.70640916,0.85046315,1.1907449,2.2035496,1.1000317,0.6252596,0.656842,2.656313,1.2876827,4,0,0.2
rec15,1.2118361,1.2102213,0.7012416,0.48321813,0.38563102,0.33893806,0.32417092,0.32373896,0.33305833,0.3687693,0.4439704,0.621609,0.64072084,0.6398672,0.65828663,0.7288691,0.87750316,1.2286037,2.2736094,1.0056835,0.6134579,0.6530387,2.632826,1.2670399,4,0,0.2
rec15,1.1920924,1.1905041,0.7085124,0.4882284,0.38962945,0.34245238,0.32753208,0.3270957,0.3365116,0.37259284,0.4485738,0.62805414,0.6604644,0.65958434,0.67857134,0.7513287,0.9045432,1.2664632,2.3436716,0.911336,0.6047423,3.2696538,2.609339,1.2463967,2,0,0.2
rec15,1.1729187,1.1707704,0.72783715,0.49802122,0.39586866,0.34692955,0.33108133,0.3304749,0.3393048,0.37471366,0.44962204,0.6258,0.6805313,0.6792849,0.6974344,0.7702166,0.92418945,1.2863199,2.3453794,0.85111874,0.59484816,3.2713675,2.6003544,1.2290642,2,0,0.2
rec15,1.1556866,1.1511116,0.7798384,0.52048105,0.408097,0.3541476,0.33547115,0.3341432,0.3409478,0.3733376,0.44314212,0.6052557,0.70172524,0.6989473,0.71318096,0.7809326,0.9269468,1.2660496,2.2063794,0.8752713,0.5862217,2.8532672,2.6272433,1.2200264,2,0,0.2
rec15,1.1422228,1.131689,0.87907654,0.5596399,0.42814645,0.36525223,0.34165886,0.33850807,0.3424549,0.36983597,0.43150842,0.57263905,0.7252247,0.7185366,0.7269142,0.78503484,0.91594446,1.2155162,1.9873766,1.0475155,0.5782823,2.8108926,2.6963239,1.2210993,2,0,0.2
rec15,1.1324527,1.1123068,1.0224923,0.61135983,0.45386356,0.37953973,0.34999895,0.3437726,0.34550282,0.36765042,0.42139453,0.54352057,0.75112486,0.7377627,0.7414759,0.7890065,0.9043452,1.1664371,1.8002077,1.527591,0.56766325,0.5927453,2.7888098,1.2280349,3,0,0.2
rec15,1.1236025,1.093306,1.0950445,0.6660362,0.48074603,0.39492953,0.35973686,0.35003713,0.35059366,0.36858612,0.4165444,0.52573943,0.77772,0.7567498,0.7579531,0.7968514,0.9005325,1.1366024,1.6840286,3.4500773,0.5579255,0.5773145,2.875018,2.3618078,3,0,0.2
rec15,1.1120585,1.0745656,1.0750077,0.71145505,0.5036499,0.40887946,0.36948404,0.35702702,0.35717392,0.3726902,0.41757444,0.52031475,0.7533843,0.7754873,0.7758064,0.8095087,0.90700054,1.1301594,1.6364026,3.1969233,0.54845774,0.5652051,2.9265835,2.3758965,3,0,0.2
rec15,1.1009263,1.0563279,1.0560247,0.7609952,0.52816594,0.42380497,0.38002542,0.36463073,0.36452606,0.3776865,0.41982254,0.51707095,0.73376817,0.7942574,0.7940294,0.8226961,0.9144788,1.1263103,1.5983311,2.9640677,0.53906184,0.55340356,2.9790404,2.3904076,3,0,0.2
rec15,1.0905945,1.0389951,1.0376852,0.8171369,0.55515826,0.44006693,0.3915008,0.37297767,0.37250748,0.38336653,0.42283604,0.5150068,0.7172792,0.8133925,0.8123671,0.83604854,0.92212397,1.1231307,1.5642477,2.7724607,0.5290838,0.541643,3.0368612,2.4072814,3,0,0.2
rec15,1.0810685,1.0225455,1.0195596,0.8810225,0.58488363,0.45775366,0.40394875,0.38208124,0.3809655,0.38972396,0.42658633,0.5140319,0.7035055,0.83292085,0.8304886,0.84958154,0.92993945,1.1205668,1.5336107,2.6120908,0.51944774,0.52990705,3.1006021,2.426657,3,0,0.2
rec15,1.0723574,1.0069615,1.001733,0.95408136,0.61764085,0.47696498,0.41741353,0.3919583,0.3899232,0.3967558,0.4310489,0.514068,0.6921081,0.85287124,0.84844303,0.8633103,0.9379294,1.1185727,1.5059745,2.475953,0.5101668,0.5181792,3.1709092,2.4486926,3,0,0.2
rec15,1.064472,0.99222714,0.9840067,0.9967448,0.653775,0.4978117,0.4319428,0.4026273,0.3992916,0.40446052,0.4362029,0.51504767,0.68280697,0.87327355,0.8660386,0.87724966,0.9460974,1.1171066,1.4809659,2.3589835,0.5007305,0.5064431,3.7151802,2.4735665,3,0,0.2
rec15,1.0574274,0.97832996,0.9666274,0.9753276,0.69369113,0.5204194,0.44759104,0.4141104,0.40915695,0.4128396,0.4420313,0.516912,0.6753671,0.89416057,0.88346493,0.8914165,0.95444816,1.116133,1.4582741,2.2574396,0.490888,0.49468312,2.6911304,2.5014784,3,0,0.2
rec15,1.051243,0.9652603,0.94948614,0.9549926,0.7378641,0.54492885,0.46441782,0.42643243,0.41946372,0.4218965,0.4485193,0.5196098,0.6695913,0.9155665,0.9006044,0.90582734,0.9629873,1.1156212,1.4376366,2.1685002,0.48058027,0.48288348,2.6734533,2.5326579,3,0,0.2
rec15,2.1675043,0.953012,0.9326467,0.93570256,0.7868573,0.57149994,0.48249075,0.43962222,0.43022776,0.43163744,0.4556559,0.5230971,0.6653129,0.93752754,0.9174933,0.9204996,0.9717206,1.1155442,1.4188299,2.0899878,0.4698403,2.9985223,2.6561196,2.5673628,2,0,0.2
rec15,2.1879728,0.94338006,0.9160597,0.91706616,0.8522364,0.6047245,0.5040584,0.45459262,0.4414275,0.44191253,0.46230954,0.5246898,0.6566863,0.9406406,0.93403375,0.9350599,0.9782187,1.1102116,1.3895077,1.990338,0.45861784,3.2889314,2.6422772,2.624936,2,0,0.2
rec15,2.2347043,0.9396838,0.9001543,0.8999282,0.9290948,0.6526893,0.5331335,0.47329548,0.45338547,0.45327166,0.4679619,0.52248234,0.63953996,0.8830516,0.9503541,0.9501155,0.98090756,1.0951893,1.3405573,1.8509891,0.4468619,0.44678396,2.6125784,2.7358391,3,0,0.2
rec15,2.2824426,0.93713844,0.88645786,0.8844305,0.9035714,0.7044845,0.5643166,0.49368218,0.4669838,0.46591583,0.4759989,0.5240606,0.62979156,0.8449279,0.9678181,0.96560466,0.9865015,1.0861086,1.3052346,1.7511017,0.4350964,0.43442363,2.5917885,2.8493676,3,0,0.2
rec15,2.3097866,0.93084216,0.8734602,0.8694549,0.8833988,0.7487948,0.5920225,0.5129992,0.4813751,0.47916794,0.48685256,0.5314468,0.63172823,0.833673,0.9851117,0.98059464,0.9963211,1.0875812,1.2928022,1.7060728,0.422795,0.42241517,2.5833876,2.9214365,3,0,0.2
rec15,2.3369217,0.9247713,0.8612441,0.8548444,0.8647775,0.79541206,0.6209022,0.53313905,0.496515,0.4928255,0.49855208,0.5399978,0.6356551,0.82689923,1.0026591,0.9952087,1.0067724,1.0904678,1.2836375,1.6698346,0.4102487,0.40977332,2.5560312,2.993734,3,0,0.2
rec15,2.3672693,0.91960555,0.84990853,0.84061617,0.8472615,0.84642357,0.6518853,0.5545021,0.5124763,0.5068727,0.5108797,0.5491262,0.6403224,0.82174766,1.0206425,1.0094818,1.017462,1.0936334,1.2752589,1.6365837,0.39880282,0.43081614,2.5404835,3.5678654,3,0,0.2
rec17,0.47116554,0.4446511,0.4135245,0.41020554,0.4146681,0.44850105,0.52701735,2.3508983,2.5694225,3.4333963,1.2896715,0.79544914,0.7258071,1.5607644,1.4515072,1.4398572,0.9655809,0.59555507,0.46376324,0.39752865,0.3697007,0.36673343,0.37072274,0.40097016,5,1,0.11381515
rec17,0.47104517,0.4311455,0.40400705,0.40195844,0.4080591,0.4447915,0.5277549,2.4225745,2.5802212,3.4412966,1.2331659,0.7828768,0.7407028,1.5532193,1.4554518,1.4480718,0.8882888,0.56393117,0.4448345,0.3848165,0.36059424,0.3587658,0.3642112,0.3969965,5,1,0.10947413
rec17,0.47195125,0.41833898,0.3949434,0.3938607,0.40179986,0.44143978,0.52906674,2.5016959,2.586038,3.4488668,1.1834879,0.77140474,0.74751157,1.5467453,1.4602433,1.4562404,0.82144934,0.5354258,0.42755464,0.37317705,0.3523071,0.35134128,0.3584234,0.393784,4,1,0.1056156
rec17,0.4633995,0.4070738,0.38641554,0.3858377,0.39523962,0.43681756,0.5275606,2.561748,2.585014,2.5995162,1.1551584,0.766689,0.7598033,1.5448362,1.4664388,1.4642458,0.77358174,0.5134332,0.41357115,0.36330208,0.3448651,0.3443494,0.3527402,0.38984743,4,1,0.101826794
rec17,0.4532992,0.39850757,0.37853318,0.37800953,0.38742903,0.42849523,0.5179974,2.5566058,2.5908039,2.6087873,1.167235,0.77634364,0.7705511,1.551871,1.4740865,1.4720471,0.7551363,0.50225127,0.40498117,0.35602987,0.3381846,0.3377167,0.34613195,0.3828209,4,1,0.097421296
rec17,0.44431818,0.39061216,0.3710335,0.37052017,0.379753,0.4200056,0.5077344,2.542711,2.597199,3.4687252,1.1839813,0.78748196,0.77921873,1.5597667,1.4815863,1.4795367,0.7409932,0.49284446,0.39739612,0.34936166,0.33185056,0.33139145,0.3396491,0.37565088,4,1,0.0930994
rec17,0.43572628,0.38305876,0.36385867,0.3633553,0.3724097,0.41188398,0.4979164,0.67411405,2.603317,3.4747758,1.2000016,0.79813725,0.7875103,1.5673196,1.4887606,1.486701,0.7274638,0.48384586,0.3901403,0.34298286,0.32579145,0.32534072,0.33344766,0.36879206,4,1,0.08896511
rec17,0.42751643,0.37584132,0.357003,0.3565091,0.3653927,0.40412325,0.48853475,0.66141254,2.6091628,3.480558,1.2153106,0.80831933,0.79543316,1.5745378,1.4956169,1.4935477,0.7145353,0.47524706,0.3832068,0.33688754,0.32000163,0.31955892,0.3275218,0.36223817,4,1,0.08501453
rec17,0.41967127,0.3689443,0.3504517,0.34996688,0.35868758,0.39670736,0.47956982,0.64927506,2.614749,3.4860823,1.2299384,0.8180485,0.8045198,1.5814344,1.5021679,1.5000898,0.70218235,0.46703085,0.37658176,0.3310632,0.31446928,0.3140342,0.32185954,0.3559757,4,1,0.081239685
rec17,0.41217488,0.36235404,0.34419173,0.34371555,0.35228053,0.3896212,0.47100353,0.6376775,2.620087,3.4913616,1.2439171,0.82734597,0.8136635,1.588025,1.5084285,1.5063415,0.6903772,0.45917907,0.37025067,0.32549736,0.3091824,0.30875468,0.31644815,0.3499907,4,1,0.0776321
rec17,0.40501463,0.35605934,0.33821255,0.33774462,0.34616077,0.3828527,0.46282125,0.6265998,2.6251855,3.496405,1.2572671,0.8362254,0.82239604,1.5943195,1.5144074,1.5123122,0.6791018,0.4516797,0.3642037,0.32018125,0.30413285,0.30371207,0.31128022,0.34427503,4,1,0.07418681
rec17,0.3981856,0.35005572,0.33250985,0.33204982,0.34032407,0.3763973,0.4550175,0.61603445,2.6300483,3.5012143,1.2700012,0.84469485,0.8307255,1.6003233,1.5201101,1.4937664,0.6683475,0.44452688,0.35843614,0.31511092,0.29931659,0.2989025,0.30635068,0.33882293,4,1,0.07090045
rec17,0.39165294,0.34431267,0.3270547,0.32660222,0.33474067,0.37022212,0.4475525,0.6059278,2.6265948,3.5058138,1.2821823,0.8527968,0.8386934,1.6060665,1.5255656,1.4707768,0.658061,0.43768513,0.3529194,0.31026095,0.2947097,0.294302,0.30163544,0.33360788,4,1,0.06775696
rec17,0.3853956,0.3388117,0.32182944,0.32138416,0.3293927,0.36430734,0.4404022,0.5962472,2.631036,3.510221,1.2938497,0.86055684,0.84632504,1.6115674,1.5307908,1.448754,0.64820755,0.43113148,0.34763497,0.30561525,0.29029688,0.28989524,0.2971192,0.3286129,4,1,0.064746134
rec17,0.37942493,0.33356276,0.31684357,0.3164052,0.32428974,0.35866344,0.43357947,0.5870102,2.6352742,3.5144262,1.3049831,0.8679619,0.8536077,1.6168163,1.5357766,1.4277387,0.63880515,0.42487788,0.34259254,0.30118233,0.28608614,0.28569037,0.29280937,0.32384628,4,1,0.06187291
rec17,0.37372214,0.32854924,0.31208137,0.31164962,0.31941545,0.35327253,0.4270625,0.578187,2.639323,3.518442,1.3156155,0.8750337,0.8598888,1.6218294,1.5405382,1.4076681,0.629825,0.418905,0.33777642,0.29694834,0.2820644,0.28167415,0.28869304,0.31929365,4,1,0.059128694
rec17,0.36825746,0.32374507,0.30751798,0.30709255,0.31474465,0.3481066,0.42081758,0.5697322,2.6432023,3.5222907,1.3258064,0.8818116,0.86524045,1.6266339,1.5451022,1.3884348,0.6212192,0.41318113,0.33316112,0.29289082,0.27821025,0.27782533,0.28474867,0.31493118,4,1,0.05649911
rec17,0.36305475,0.31917122,0.30317342,0.30275398,0.3102979,0.34318852,0.4148722,0.561683,2.6468956,3.525955,1.3355072,0.88826376,0.8703362,1.6312077,1.5494465,1.3701242,0.61302686,0.4077324,0.3287676,0.28902847,0.27454144,0.27416164,0.2809933,0.31077778,4,1,0.053995542
rec17,0.35807845,0.31479642,0.29901785,0.29860416,0.3060448,0.33848462,0.40918574,0.5539842,2.6504283,3.5294597,1.344786,0.8944353,0.875209,1.6355821,1.5536019,1.3526086,0.6051902,0.40252018,0.3245648,0.28533372,0.27103192,0.27065697,0.27740145,0.3068052,4,1,0.051600963
rec17,0.35330945,0.31060395,0.2950355,0.29462734,0.30196902,0.33397678,0.40373632,0.5466064,2.6538134,3.5328186,1.3536781,0.9003496,0.87988,1.6397752,1.5575844,1.3358265,0.5976811,0.3975257,0.32053757,0.2817932,0.26766887,0.26729852,0.2739592,0.30299798,4,1,0.049306124
rec17,0.34876096,0.30660522,0.29123724,0.2908343,0.29808146,0.3296772,0.39853865,0.5395694,2.6570423,3.536021,1.362159,0.9059904,0.8843338,1.6437736,1.5613825,1.3198192,0.59051937,0.3927624,0.31669682,0.27841666,0.2644616,0.26409575,0.2706764,0.29936728,4,1,0.0471176
rec17,0.34442887,0.30279675,0.28761965,0.28722173,0.29437882,0.3255821,0.39358822,0.53286713,2.6601176,3.5390723,1.3702374,0.91136324,0.88857657,1.647582,1.5650002,1.3045701,0.5836966,0.38822445,0.31303772,0.27519998,0.2614061,0.2610444,0.26754928,0.2959087,4,1,0.045032848
rec17,0.34028095,0.29915017,0.28415585,0.28376272,0.29083365,0.32166114,0.38884822,0.52644986,2.6630619,3.5419934,1.3779714,0.91650736,0.89263934,1.6512289,1.5684643,1.2899718,0.57716477,0.38388005,0.30953464,0.2721203,0.25848076,0.25812313,0.26455525,0.2925973,4,1,0.043036826
rec17,0.33630225,0.2956524,0.28083342,0.28044486,0.28743312,0.31790012,0.38430163,0.5202944,2.6658862,3.5447955,1.3853904,0.9214418,0.8965354,1.6547269,1.5717869,1.2759691,0.5708996,0.37971303,0.30617467,0.2691664,0.25567496,0.25532126,0.2616834,0.28942102,4,1,0.04112227
rec17,0.3325128,0.2923209,0.27766892,0.2772848,0.2841943,0.31431803,0.37997139,0.5144318,2.6618872,3.547464,1.3924562,0.92614144,0.90024656,1.658058,1.5749513,1.2626331,0.5649328,0.37574443,0.30297464,0.2663531,0.2530027,0.2526527,0.25894815,0.28639588,4,1,0.03929876
rec17,0.32888958,0.2891357,0.27464333,0.27426338,0.28109756,0.3108931,0.37583104,0.5088263,2.6644526,3.5500154,1.3992122,0.9306349,0.9037944,1.6612436,1.577977,1.2498809,0.55922705,0.3719494,0.29991463,0.26366305,0.25044745,0.25010094,0.25633332,0.2835039,4,1,0.037555546
rec17,0.32544014,0.28610325,0.27176288,0.2713869,0.27814943,0.30763242,0.3718893,0.5034896,2.6668954,3.5524447,1.4056444,0.9349129,0.907173,1.6642758,1.5808572,1.2377397,0.55379504,0.36833656,0.29700148,0.26110208,0.24801484,0.2476717,0.2538432,0.28074977,4,1,0.035895456
rec17,0.32213262,0.2831955,0.26900086,0.26862872,0.27532262,0.30450597,0.36810982,0.4983728,2.6692371,3.5547738,1.4118111,0.9390146,0.9104121,1.6671832,1.583619,1.2260995,0.548587,0.36487263,0.2942084,0.2586466,0.24568243,0.24534254,0.25145614,0.27810973,4,1,0.034304094
rec17,0.3189731,0.28041783,0.26636243,0.26599392,0.27262223,0.30151936,0.3644994,0.49348465,2.671475,3.5569997,1.4177021,0.9429328,0.91350675,1.669961,1.5862573,1.2149788,0.5436111,0.3615631,0.29153982,0.2563005,0.24345396,0.24311715,0.2491752,0.27558705,8,2,0.0
rec17,0.3164181,0.27895033,0.26560503,0.26534617,0.27249372,0.30217803,0.36656567,0.49897537,2.675935,3.557522,1.3953227,0.9351209,0.919917,1.6659454,1.5862447,1.1635492,0.53328544,0.3573986,0.28925815,0.25500637,0.2428066,0.24256992,0.24910401,0.27624035,8,2,0.0
rec17,0.31079122,0.27650735,0.26537773,0.26534653,0.27443266,0.30707046,0.37695688,0.52291805,2.6740358,2.6863494,1.3220973,0.91982234,0.9339916,1.651356,1.5848879,1.0267093,0.5052989,0.34684467,0.2841142,0.2527731,0.24259883,0.24257284,0.2508765,0.28071278,4,1,0.033917654
rec17,0.30265808,0.2720163,0.2633834,0.26355487,0.2749038,0.31084186,0.3870552,0.54965025,2.6761878,2.3782654,1.2525184,0.9229116,0.9683394,1.6386704,1.5866644,0.90061885,0.47431263,0.33382097,0.27703723,0.24898934,0.24108727,0.24117075,0.25163233,0.28452814,4,1,0.034421552
rec17,0.29735103,0.26828843,0.26061416,0.2609154,0.27306235,0.31005526,0.38831317,0.5568491,2.674562,2.28441,1.2315853,0.92420024,0.98484814,1.636308,1.589502,0.85411793,0.4604771,0.32707882,0.27278253,0.24612118,0.23908094,0.2392549,0.25050035,0.28443673,4,1,0.033666898
rec17,0.29418504,0.26544657,0.25786546,0.25816545,0.2701972,0.30682057,0.38429418,0.5511644,2.6764815,2.2928011,1.2365097,0.92710567,0.987967,1.639065,1.5922537,0.8465882,0.45656577,0.3243426,0.2705194,0.24409278,0.23712151,0.23729534,0.24846125,0.28213844,8,2,0.0
rec17,0.29205987,0.26420003,0.2571605,0.25758502,0.27018714,0.3076658,0.38685146,0.55853283,2.6779423,2.231331,1.221069,0.9259636,1.8090559,1.6364889,1.5928854,0.8212825,0.44943678,0.3211671,0.2687284,0.2430942,0.23661704,0.23688647,0.24860296,0.28308767,8,2,0.0
rec17,0.28779116,0.26255512,0.25716597,0.25810906,0.27278414,0.31361982,0.3997225,0.5910125,2.6803482,2.0402606,1.1681579,0.927519,1.7826152,1.6263002,1.5929186,0.7509565,0.42996243,0.31316015,0.2648009,0.24158083,0.23662212,0.23730306,0.2509925,0.28856593,8,1,0.033995003
rec17,0.27920067,0.25833258,0.25525182,0.25755656,0.2757852,0.32252985,0.4214498,0.65256536,2.6785786,1.7883527,1.092859,0.9262563,1.7444797,1.6140933,1.5948443,0.65295124,0.3990172,0.29938886,0.2575116,0.23826456,0.23542313,0.23724943,0.25436133,0.29747474,8,1,0.036240887
rec17,0.26828688,0.25306135,0.25211796,0.25736922,0.2809037,0.33713526,0.45846176,2.6798222,3.5664792,1.5303935,1.0065049,0.9335005,1.7004235,1.6039228,1.2848054,0.55188495,0.36296216,0.28264007,0.24863204,0.23452193,0.23364767,0.23805146,0.26032454,0.30498332,8,1,0.034745306
rec17,0.2582465,0.24896154,0.24900664,0.2592186,0.28967163,0.35954303,0.51706856,2.6825123,2.5061796,1.3170341,0.9387946,0.96455216,1.66084,1.6011264,0.89360327,0.4696014,0.3303299,0.2671569,0.24080731,0.23214939,0.23219146,0.24104677,0.27011052,0.28650424,8,2,0.0
rec17,0.2526306,0.2481322,0.249379,0.2653585,0.30414096,0.39226788,0.6053501,2.6811063,1.9394377,1.1594788,0.9357658,1.768679,1.6309781,1.6019365,0.68959093,0.4122671,0.30604425,0.25591826,0.23599362,0.23179145,0.23295616,0.24698651,0.28411132,0.2739598,8,2,0.0
rec17,0.24961272,0.24813132,0.25221106,0.27455428,0.32350048,0.43636137,2.6842365,2.68004,1.5887609,1.0404985,0.936602,1.7101871,1.6114942,1.5162295,0.56490296,0.3699615,0.2871756,0.24745432,0.23317401,0.2317902,0.2356012,0.2553117,0.30219567,0.2648998,8,2,0.0
rec17,0.24823518,0.24815366,0.2567694,0.28630733,0.347869,0.49519235,2.6835444,3.5686579,1.3528091,0.94917077,0.936842,1.665754,1.6026006,1.0018585,0.48100674,0.33748868,0.27213848,0.24102502,0.23188704,0.2318109,0.23985924,0.26597872,0.29132432,0.2580173,8,2,0.0
rec17,0.24813318,0.24867782,0.26321018,0.30112386,0.3788281,0.5766213,2.6829991,2.114034,1.1844746,0.9336626,1.798132,1.633757,1.6019418,0.75166905,0.4211535,0.31209156,0.26017916,0.23639508,0.23179163,0.23230039,0.24587569,0.27944136,0.27852204,0.25306118,8,2,0.0
rec17,0.248136,0.25081196,0.27176556,0.3197144,0.41877666,0.69542503,2.6823335,1.7003025,1.0594246,0.9397674,1.7330581,1.6130904,1.6019601,0.6045628,0.37669086,0.29198682,0.25076365,0.23340496,0.23179446,0.23429424,0.25386783,0.2963366,0.26844248,0.24986,8,2,0.0
rec17,0.24813652,0.25462583,0.28276518,0.34309033,0.4715152,2.6813114,3.5684106,1.4296535,0.96383333,0.9346035,1.6829189,1.6030656,1.1068738,0.50832933,0.3427018,0.27597374,0.24350876,0.23195446,0.231795,0.23785694,0.26414308,0.2954299,0.2606761,0.24830724,8,2,0.0
rec17,0.24854358,0.2602479,0.29667053,0.3727264,0.54342794,2.6834903,2.2723482,1.2401776,0.93521035,1.0037858,1.6458302,1.6019336,0.8079603,0.44095957,0.31619447,0.26322183,0.2381422,0.23179062,0.23217517,0.24310863,0.27713254,0.28177902,0.2549313,0.2481319,8,2,0.0
rec17,0.2505004,0.2678761,0.3141276,0.41084322,0.64610004,2.6810458,1.7982357,1.1012692,0.9339247,1.749511,1.6204841,1.6020495,0.6393844,0.39156955,0.29524672,0.25314432,0.23447482,0.23180741,0.23400313,0.2502345,0.29343998,0.270991,0.25100535,0.24814993,8,2,0.0
rec17,0.25412667,0.27779555,0.33605146,0.460928,2.6810431,3.5683396,1.4957266,0.99607277,0.9401105,1.6954445,1.6060234,1.153762,0.53182316,0.35416535,0.27857253,0.24532112,0.23238246,0.23179035,0.23739052,0.25950062,0.2982119,0.26261637,0.2487655,0.24813166,8,2,0.0
rec17,0.259544,0.2904069,0.3637667,0.5287715,2.6827714,2.3403904,1.28739,0.9398908,0.979656,1.654888,1.6019348,0.8321534,0.45774645,0.3251829,0.26528734,0.2394526,0.23179057,0.2319316,0.24245077,0.27128106,0.28399023,0.25633436,0.24813218,0.24828318,8,2,0.0
rec17,0.2669421,0.3062701,0.3992478,0.6247196,2.6823926,1.8394222,1.1363761,0.9360024,1.7607292,1.6263866,1.6019146,0.6540291,0.40405223,0.3023736,0.25476763,0.23532896,0.23178801,0.23333402,0.24936196,0.2860999,0.27272856,0.25191975,0.24812916,0.24978417,8,2,0.0
rec17,0.27659532,0.3261732,0.44555616,2.6800299,3.348585,1.5231335,1.0229273,0.93916655,1.7040547,1.6089686,1.3822893,0.54156804,0.36371362,0.28425264,0.24656677,0.23280841,0.23178741,0.23627353,0.25837937,0.30429262,0.2639499,0.24922161,0.24812864,0.252931,8,2,0.0
rec17,0.2888902,0.35124576,0.50769037,2.6802611,2.65071,1.3067898,0.9355153,0.9459364,1.661209,1.602058,0.9424901,0.4646441,0.33263323,0.26980954,0.24036743,0.23180863,0.2317909,0.24084862,0.26986474,0.28883108,0.2573133,0.24815112,0.24813214,0.2578284,8,2,0.0
rec17,0.30436695,0.38314965,0.59438187,2.6829073,2.020716,1.150706,0.9338549,1.7853901,1.63064,1.6019081,0.718489,0.40914682,0.30826318,0.25833565,0.2359441,0.23178692,0.23264329,0.24721675,0.28432178,0.27654824,0.25257823,0.24812831,0.24904507,0.26464596,8,2,0.0
rec17,0.3237832,0.4244128,2.6839066,2.8090975,1.6411592,1.0338366,0.9356059,1.7231344,1.611296,1.5902176,0.5835327,0.36759222,0.28894198,0.24932744,0.23314506,0.23179252,0.23501082,0.25561017,0.30245957,0.26690513,0.24958192,0.24813406,0.25157923,0.27363086,7,1,0.034386147
rec17,0.34561476,0.47509727,2.6805255,3.5664885,1.395638,0.94746923,0.93417037,1.6776917,1.6041594,1.0466366,0.49887964,0.33867887,0.27587503,0.24439348,0.23368184,0.23358195,0.24074961,0.26823708,0.2912035,0.25797275,0.24666591,0.24656048,0.25412658,0.2831414,7,1,0.036084384
rec17,0.3723969,0.54268646,2.6751287,2.1930332,1.222994,0.93344545,1.8126066,1.6453269,1.6056681,0.79081726,0.44101664,0.31762052,0.26689962,0.24226828,0.23642866,0.23698965,0.24933437,0.28500763,0.27587,0.2504108,0.2443749,0.24480249,0.25771445,0.29458666,7,1,0.038476296
rec17,0.40719515,0.6394898,2.6742334,1.763774,1.0949984,0.93217564,1.7485061,1.6239886,1.6077677,0.64262927,0.39896148,0.30164388,0.260626,0.24206583,0.239648,0.24227437,0.26037312,0.30495706,0.26348862,0.24472465,0.24228023,0.24459462,0.26323304,0.3093533,7,1,0.042155355
rec17,0.45327738,2.6684835,3.5569625,1.483998,0.99725413,0.9336481,1.6989338,1.6129551,1.1872056,0.5473117,0.36779618,0.28977686,0.2567957,0.24379988,0.24332985,0.24966256,0.27434954,0.2861649,0.25359488,0.24076103,0.24029686,0.2460135,0.27092984,0.32826477,6,1,0.04728656
rec17,0.5084166,2.663285,2.4183855,1.3056744,0.93037164,0.9566507,1.6654019,1.6116921,0.9048955,0.48854837,0.34727755,0.28263023,0.25582245,0.24757203,0.24771486,0.25887504,0.29056126,0.27214557,0.24633226,0.23838793,0.23852545,0.24854617,0.27978247,0.349526,6,1,0.053188313
rec17,0.5627292,2.6594403,2.0398493,1.2004832,0.9282964,1.7912316,1.6464974,1.6135348,0.7762745,0.45684978,0.33673754,0.28029865,0.25765008,0.25249195,0.25347978,0.26886004,0.306993,0.2626169,0.24139705,0.23656432,0.23748982,0.25102037,0.28762707,0.3687959,6,1,0.058418043
rec17,0.6307456,2.6559415,1.7771673,1.1169775,0.9277123,1.7513537,1.6331189,1.6152204,0.6893217,0.43324977,0.32934836,0.27975807,0.26087147,0.25801238,0.2605969,0.28050157,0.29976404,0.25462824,0.23743814,0.23483588,0.23718822,0.2542646,0.29667816,0.3911288,6,1,0.064452104
rec17,2.64807,2.9027667,1.578813,1.047122,0.9246725,1.7177306,1.6242421,1.5923036,0.6255164,0.41486415,0.3241884,0.28065982,0.26538473,0.2641696,0.2691817,0.294163,0.28626645,0.24782963,0.23434131,0.23326834,0.23769414,0.25853652,0.30754325,0.4182426,5,1,0.07169549
rec17,2.6413221,3.5291092,1.4416717,0.9950682,0.9249144,1.6931115,1.6201881,1.2847785,0.5848172,0.40365162,0.32243258,0.28358465,0.27137044,0.27103406,0.27897567,0.3090775,0.27586523,0.24262792,0.2321778,0.23188995,0.23868461,0.26305237,0.31861782,0.44673428,5,1,0.07907854
rec17,2.6342084,3.5214367,1.3696834,0.9666597,0.91592926,1.6802359,1.6197609,1.1665641,0.5703625,0.40253618,0.32570666,0.28920972,0.27880046,0.27874234,0.28905082,0.32308367,0.26952732,0.23932551,0.23071171,0.23066363,0.23919402,0.26585743,0.32588252,0.46662456,5,1,0.08392168
rec17,2.623301,2.536939,1.3110809,0.9428342,0.9090984,1.6698394,1.6205003,1.0859907,0.56123614,0.40360063,0.33025026,0.29574338,0.28700492,0.28706068,0.2998783,0.32284433,0.26417062,0.2365682,0.22957821,0.22962283,0.23987576,0.26873162,0.3331691,0.4870171,5,1,0.0887794
rec17,2.6157155,2.3196075,1.2579648,0.92061037,0.90419567,1.6605428,1.621397,1.0218602,0.55417335,0.40555808,0.3354434,0.3028996,0.29575902,0.2960791,0.31160638,0.31354758,0.2593401,0.23417956,0.228659,0.2289065,0.24091104,0.2720859,0.3413539,0.51023644,5,1,0.09423593
rec17,2.6076179,2.1377878,1.209573,0.8998185,0.91502863,1.6522946,1.6221447,0.97039545,0.5490554,0.40845022,0.3413526,0.31075582,0.30508542,0.30588976,0.3243567,0.30515686,0.25502762,0.23216851,0.22793208,0.228533,0.24232979,0.2759715,0.35055673,0.5368246,5,1,0.10037115
rec17,2.5950556,1.9833454,1.1652604,0.8966634,0.92844945,1.6450406,1.6226711,0.92892843,0.54576653,0.41230068,0.34802866,0.3193773,0.31503436,0.31657487,0.3382447,0.29763132,0.25123468,0.23055184,0.22741675,0.22852881,0.24417184,0.28045356,0.3609262,0.5674788,5,1,0.107284136
rec17,2.5855424,1.8504181,1.1244764,0.8881445,0.9423153,1.6387273,1.6230942,0.89552736,0.54420114,0.4171253,0.3555148,0.328823,0.3256862,0.32821327,0.3533865,0.29094318,0.24797007,0.22935265,0.2271647,0.22892739,0.24648558,0.2856108,0.3726427,0.60309774,5,1,0.11509512
rec17,2.5753162,1.7346722,1.0867492,0.87899506,1.7522526,1.6332984,1.6229253,0.86875916,0.5442661,0.42293665,0.36385038,0.3391499,0.33699593,0.34088352,0.36685583,0.2850752,0.24524884,0.22859973,0.2271479,0.22976829,0.24932814,0.291536,0.38592386,2.5795007,4,1,0.12394923
rec17,2.8844578,1.6610457,1.0614909,0.87510955,1.7390993,1.6298426,1.6226,0.8625032,0.5511823,0.4323011,0.3743086,0.35079315,0.3492343,0.35432696,0.35898826,0.28156018,0.24378933,0.22847356,0.22745828,0.23077516,0.2518253,0.296405,0.3966133,2.562243,4,1,0.13107553
rec17,2.9612598,1.6527935,1.0582759,0.8609331,0.9403836,1.629057,1.6221029,0.8906612,0.57028604,0.44769752,0.3878905,0.363721,0.36216837,0.36756924,0.35894644,0.28178754,0.24414407,0.22893149,0.2279542,0.2313536,0.252601,0.2975202,0.39855132,2.5488017,4,1,0.13236754
rec17,2.9680548,1.6515073,1.0574522,0.85938734,0.91728836,1.6285312,1.6215792,0.92314696,0.59108657,0.46402666,0.40203825,0.3769873,0.37537795,0.38097587,0.35977024,0.2824343,0.24470443,0.2294569,0.22847739,0.23188454,0.25318074,0.298203,0.39946604,2.5355349,4,1,0.13297735
rec17,2.9748907,1.6502129,1.0566237,0.8472121,0.8940678,1.628003,1.6210533,0.9558083,0.6119995,0.48044422,0.41626263,0.3903253,0.38865912,0.39445502,0.36059883,0.28308472,0.24526796,0.22998534,0.22900355,0.23241858,0.25376382,0.29888976,0.400386,2.522197,4,1,0.13359067
rec17,2.981759,1.6489128,1.0557911,0.8361872,0.87073946,1.6274719,1.6205245,0.98862153,0.6330096,0.49693802,0.43055308,0.40372533,0.4020019,0.40799677,0.3614313,0.28373823,0.2458342,0.23051624,0.22953221,0.23295516,0.25434968,0.29957977,0.40131035,2.508797,4,1,0.13420689
rec17,2.9886563,1.6476071,1.0549551,0.828182,0.8473066,1.6269386,1.6199934,1.0215819,0.654114,0.5135058,0.44490758,0.41718537,0.41540453,0.42159927,0.3622675,0.28439465,0.24640293,0.23104957,0.23006323,0.23349409,0.25493813,0.30027285,0.40223873,2.4953368,4,1,0.13482581
rec17,2.9955893,1.6462951,1.054115,0.82752275,0.82376724,1.6264033,1.6194605,1.0546923,0.6753143,0.530149,0.45932734,0.4307067,0.42886806,0.43526357,0.36310753,0.2850541,0.24697426,0.23158528,0.23059669,0.23403548,0.25552922,0.30096906,0.40317142,2.4900348,4,1,0.1354476
rec17,3.0025492,1.6449772,1.0532713,0.82686025,0.81543005,1.6258649,1.6189243,1.087956,0.69661295,0.5468693,0.47381407,0.4442907,0.44239414,0.44899133,0.36395127,0.28571656,0.24754822,0.2321235,0.2311326,0.23457937,0.25612304,0.30166852,0.40410843,2.476406,4,1,0.13607228
rec17,3.0095434,1.6436524,1.0524231,0.82619447,0.8036464,1.6253239,1.6183857,1.1213835,0.71801645,0.5636717,0.48837188,0.45794144,0.4559866,0.46278653,0.36479938,0.2863823,0.24812506,0.23266436,0.23167118,0.23512594,0.25671983,0.3023714,0.40504998,2.4627101,4,1,0.13669997
rec17,3.0165675,1.6423234,1.051572,0.8255261,0.8000935,1.6247808,1.6178449,1.1549442,0.7395054,0.5805417,0.5029883,0.47164702,0.4696336,0.47663707,0.36565074,0.28705066,0.2487041,0.23320736,0.23221183,0.23567474,0.25731906,0.3030772,0.4059954,2.4489596,4,1,0.13733026
rec17,3.0236242,1.6409873,1.0507164,0.8248546,0.78775126,1.6242355,1.617302,1.1886586,0.7610924,0.59748805,0.51767075,0.4854147,0.48334256,0.49055046,0.36650604,0.2877221,0.24928586,0.23375288,0.23275502,0.23622599,0.25792092,0.30378607,0.406945,2.4351459,4,1,0.13796332
rec17,3.0307176,1.6396452,1.0498569,0.82417995,0.7856216,1.6236873,1.616756,1.2225368,0.78278446,0.61451733,0.53242517,0.49924982,0.49711856,0.5045319,0.36736548,0.28839687,0.24987046,0.23430102,0.23330082,0.23677996,0.25852573,0.30449843,0.40789938,2.4212651,4,1,0.13859957
rec17,3.0378425,1.6382965,1.0489937,0.823502,0.77468723,1.6231363,1.6162074,1.2565804,0.80458254,0.6316296,0.54725146,0.5131522,0.5109617,0.51858145,0.36822918,0.28907487,0.25045788,0.23485185,0.23384932,0.23733664,0.25913358,0.30521432,0.40885812,2.4073164,4,1,0.13923874
rec17,3.044999,1.6369414,1.0481259,0.8228211,0.7641175,1.6225835,1.6156571,1.2907727,0.82647574,0.64881665,0.56214255,0.52711546,0.5248652,0.5326924,0.36909655,0.2897558,0.25104785,0.23540504,0.23440012,0.23789568,0.25974393,0.30593327,0.4098214,2.393307,4,1,0.13988093
rec17,3.0521896,1.6355805,1.0472544,0.82213664,0.75865805,1.622027,1.6151031,1.3251301,0.8484745,0.6660866,0.57710534,0.5411459,0.53883594,0.5468713,0.3699682,0.29044008,0.25164077,0.235961,0.23495372,0.23845749,0.26035735,0.3066558,0.41078925,2.3792303,4,1,0.14052616
rec17,3.059409,1.6342126,1.0463787,0.82144934,0.7536536,1.6214689,1.614547,1.3596435,0.87057316,0.6834353,0.5921365,0.5552406,0.5528703,0.561115,0.3708438,0.29112744,0.2522363,0.23651943,0.23550978,0.23902181,0.2609735,0.3073815,0.4117614,2.365089,4,1,0.14117427
rec17,3.0666695,1.6328392,1.0454991,0.82075876,0.74351203,1.6209078,1.6139884,1.3943167,0.8927741,0.7008636,0.60723656,0.56939965,0.56696904,0.57542396,0.3717234,0.29181796,0.25283456,0.23708041,0.23606837,0.23958875,0.2615925,0.3081106,2.1611745,2.350883,3,0,0.2
rec17,2.8094208,1.6584796,1.0538461,0.8243348,0.7410111,1.6213794,1.6133572,1.461154,0.9284599,0.72625595,0.6276538,0.5872925,0.5843868,0.59192866,0.37612867,0.2942138,0.25426906,0.23791832,0.23674117,0.23996845,0.26142666,0.30710688,2.139963,2.3355181,3,0,0.2
rec17,2.309296,1.754686,1.0856738,0.8388704,0.72708,0.81553,1.6128078,1.6000445,0.98999256,0.7649403,0.6555155,0.6090336,0.6043676,0.6103569,0.38862866,0.30028287,0.2573273,0.2390805,0.23724884,0.23959999,0.25914073,0.30184463,2.0709283,2.3134453,3,0,0.2
rec17,2.291335,1.8756409,1.124212,0.8565387,0.7270949,0.7187019,1.6128141,1.6233324,1.0590864,0.8069198,0.6849747,0.63146263,0.62437695,0.62844896,0.40246394,0.30663806,0.2602976,0.23996247,0.23726982,0.23881719,0.25629964,0.29587612,2.0013268,3.2118356,3,0,0.2
rec17,2.2705646,2.0175886,1.1673381,0.87627196,0.7366018,0.7148589,1.6133173,1.619541,1.1340647,0.8512955,0.7156063,0.6544982,0.64437014,0.64685583,0.4166945,0.31279528,0.2629384,0.24048515,0.23676376,0.2376771,0.25313324,0.28969485,1.936718,3.205398,4,0,0.2
rec17,2.2510443,2.1299324,1.200245,0.8914416,0.7442339,0.70545137,1.6143407,1.6182644,1.2003701,0.89153486,0.7443115,0.6770424,0.66435534,0.6659701,0.42598584,0.31638685,0.26414043,0.24026802,0.23576567,0.23633868,0.2504155,0.28493717,1.8947911,3.195749,4,0,0.2
rec17,2.2313538,2.1440723,1.2053156,0.8943592,0.7462176,0.7035831,1.6155798,1.6193404,1.239334,0.9196012,0.76727843,0.69759905,0.68431383,0.6859065,0.42472446,0.31515092,0.26294926,0.23906992,0.23451698,0.23506285,0.24895246,0.2831316,1.889471,3.1763775,4,0,0.2
rec17,2.2112534,2.1481636,1.2076154,0.8960657,0.74764144,0.69508755,1.6168501,1.6206135,1.2754838,0.94642484,0.78965896,0.7179473,0.70427436,0.7059136,0.4224246,0.31344447,0.2615255,0.23777544,0.23324713,0.23379001,0.24760444,0.28159848,1.8875275,3.1560295,4,0,0.2
rec17,2.191153,2.1522548,1.2099158,0.8977727,0.7490657,0.6931632,1.61812,1.6218864,1.3116341,0.97324866,0.8120397,0.73829544,0.724235,0.72592074,0.42012426,0.31173757,0.26010132,0.2364806,0.23197697,0.23251691,0.24625613,0.280065,1.8855833,3.1356812,4,0,0.2
rec17,2.1710522,2.1563478,1.2122163,0.8994796,0.75048995,0.689302,1.6193904,1.6231594,1.3477843,1.0000726,0.83442056,0.75864387,0.744196,0.7432449,0.4178238,0.31003058,0.2586771,0.23518571,0.23070675,0.23124374,0.24490772,1.4858912,1.8836396,3.115333,4,0,0.2
rec17,2.1509523,2.1604404,1.2145166,0.9011866,0.7519141,0.68811905,0.7581747,1.6244328,1.3839339,1.026896,0.8568009,0.77899176,0.76415646,0.7391529,0.41552353,0.30832374,0.25725296,0.2338909,0.22943655,0.22997057,0.24355932,1.4843576,1.8816959,3.0949848,4,0,0.2
rec17,2.130852,2.1645317,1.2168169,0.9028934,0.75333816,0.68492496,0.6829244,1.625706,1.4200839,1.0537198,0.87918156,0.7993399,0.78411704,0.73506093,0.41322312,0.3066168,0.25582877,0.23259605,0.22816642,0.2286975,0.242211,1.4828242,1.8797514,3.0746367,4,0,0.2
rec17,2.1107512,2.1686234,1.2191174,0.90460026,0.7547623,0.6862197,0.68070614,1.6269789,1.4562341,1.0805439,0.9015625,0.8196884,0.80407786,0.73096883,0.41092277,0.30490988,0.2544046,0.2313012,0.22689623,0.22742434,0.24086261,1.4812908,1.8778073,3.0542884,4,0,0.2
rec17,2.0906508,2.1727154,1.2214177,0.90630716,0.75618654,0.68751436,0.6791435,1.6282521,1.492384,1.1073676,0.9239431,0.84003663,0.8240385,0.72687685,0.40862247,0.303203,0.25298044,0.23000637,0.225626,0.22615118,1.3011239,1.4797573,1.8758639,3.0339406,4,0,0.2
rec17,2.0705504,2.9630811,1.2237182,0.9080142,0.75761074,0.68880945,0.67824066,1.6295253,1.5285337,1.1341909,0.9463235,0.8603845,0.8439989,0.7227846,0.40632203,0.3014961,0.25155628,0.22871152,0.22435586,0.22487807,1.2997755,1.4782238,1.8739195,3.0135922,4,0,0.2
rec17,2.05045,2.9430737,1.2260185,0.90972096,0.7590349,0.6901042,0.67867404,1.6307985,1.5646837,1.1610147,0.96870404,0.88073254,0.86395955,0.71869284,0.40402165,0.2997891,0.25013202,0.22741668,0.22308566,0.2236049,1.2984271,1.4766904,1.8719753,2.9932437,4,0,0.2
rec17,2.0303493,2.9230661,1.2283189,0.9114279,0.760459,0.6913991,0.6784206,1.6320716,1.6008339,1.1878387,0.991085,0.901081,0.88392055,0.71460074,0.4017213,0.29808226,0.2487079,0.22612186,0.22181545,0.22233176,1.2970787,1.4751568,1.8700316,2.9728956,4,0,0.2
rec17,2.0102491,2.9030595,1.2306193,0.91313493,0.7618832,0.6926939,0.67951393,1.6333447,1.6369835,1.214662,1.0134654,0.9214289,0.9038807,0.71050864,0.3994209,0.29637533,0.24728371,0.22482699,0.22060668,1.2234385,1.2957304,1.4736233,1.8680875,2.9525478,4,0,0.2
rec17,1.9901488,2.8830526,1.2329197,0.9148418,0.76330745,0.69398874,0.68077207,1.6346176,1.6731333,1.2414858,1.0358461,0.9417772,0.9238416,0.7064168,0.39712057,0.2946684,0.24585953,0.22353214,0.22081047,1.2221655,1.294382,1.4720898,1.8661438,2.9321997,4,0,0.2
rec17,1.970048,2.8630447,1.23522,0.9165487,0.7647316,0.6952836,0.68204224,1.635891,1.7092838,1.2683101,1.0582271,0.9621256,0.9438024,0.70232475,0.39482012,0.2929615,0.24443533,0.22369656,0.2441239,1.220892,1.2930332,1.4705563,1.8642,2.911851,4,0,0.2
rec17,1.9499476,2.8430378,1.2375203,0.91825557,0.7661558,0.6965784,0.6833125,0.68490297,1.7339027,1.2951336,1.0806077,0.9824737,0.96376306,0.6982325,0.39251977,0.29125455,0.24301118,0.2259292,1.216787,1.2196192,1.2916853,1.4690228,1.8622559,2.8915033,4,0,0.2
rec17,1.9298475,2.8230307,1.239821,0.9199626,0.76758,0.6978733,0.6845827,0.6861762,1.735251,1.321957,1.102988,1.0028217,0.98372346,0.69414055,0.3902194,0.2895477,0.24158701,0.231417,1.2155168,1.2183461,1.2903368,1.4674894,1.8603117,2.8711543,4,0,0.2
rec17,1.9097468,2.803024,1.2421212,0.92166936,0.76900405,0.6991681,0.6858529,0.68744934,1.7365992,1.348781,1.1253688,1.02317,1.0036844,0.69004846,0.387919,0.28784078,0.2401628,0.2419182,1.2142467,1.2170728,1.2889885,1.4659559,1.8583679,2.8508065,4,0,0.2
rec17,1.8896464,2.7830167,1.2444215,0.9233764,0.7704283,0.700463,0.687123,0.68872243,1.7379476,1.3756047,1.1477495,1.0435182,1.023645,0.6859566,0.3856186,0.28613386,0.24727167,0.28851193,1.2129765,1.2157997,1.2876401,1.4644223,1.8564239,2.8304582,4,0,0.2
rec17,1.8695458,2.7630093,1.246722,0.9250833,0.77185243,0.70175785,0.68839324,0.6899956,1.7392961,1.4024286,1.1701304,1.0638665,1.0436058,0.6818643,0.3833182,0.28442696,0.25734237,0.3351055,1.2117063,1.2145268,1.286292,1.4628892,1.8544797,2.8101103,4,0,0.2
rec17,1.8494455,2.7430027,1.2490225,0.9267903,0.77327675,0.70305276,0.6896634,0.6912688,1.7406443,1.4292523,1.1925108,1.0842146,1.0635664,0.67777234,0.38101777,0.28271997,0.26651725,2.2024298,1.210436,1.2132534,1.2849433,1.4613553,1.852536,2.7897623,4,0,0.2
rec17,1.8293449,2.722995,1.2513227,0.92849714,0.7747008,0.70434743,0.6909337,0.6925418,1.7419927,1.456076,1.2148914,1.1045629,1.0835271,0.67368054,0.37871745,0.2810131,0.28081056,2.2011347,1.2091659,1.2119802,1.283595,1.4598218,1.850592,2.769414,4,0,0.2
rec17,1.8092446,2.702988,1.2536229,0.930204,0.776125,0.70564234,0.6922039,0.693815,1.7433411,1.4828997,1.2372723,1.1249111,1.1034878,0.6695883,0.37641707,0.29175586,0.31135967,2.1998398,1.2078956,1.2107072,1.2822467,1.4582886,1.848648,2.7490656,4,0,0.2
rec17,1.7891444,2.682981,1.2559234,0.9319109,0.77754915,0.70693713,0.69347405,0.69508815,1.7446893,1.5097237,1.2596529,1.1452594,1.1234485,0.66549623,0.37411663,0.3057551,0.34190896,2.198545,1.2066255,1.209434,1.2808983,1.456755,1.8467041,2.728717,4,0,0.2
rec17,1.7690439,2.662974,1.2582238,0.9336178,0.77897334,0.708232,0.69474417,0.69636124,1.7460378,1.5365468,1.2820332,1.1656072,1.1434089,0.6614045,0.37181637,0.31869307,0.37245804,1.2287564,1.2053554,1.2081609,1.27955,1.4552214,1.8447601,2.7083695,4,0,0.2
rec17,1.7489433,2.6429665,1.2605242,0.9353247,0.7803975,0.7095268,0.69601434,0.6976343,0.7388569,1.5633712,1.3044144,1.1859559,1.16337,0.65731233,0.3695159,0.33551094,1.7805017,1.2274615,1.2040852,1.2068878,1.2782016,1.453688,1.8428158,2.6880207,4,0,0.2
rec17,1.7288427,2.6229596,1.2628245,0.93703157,0.78182167,0.7108216,0.6972846,0.6989075,0.74020535,1.5901951,1.326795,1.2063041,1.1833305,0.65322024,0.3672155,0.35127315,1.8110514,1.2261665,1.202815,1.2056147,1.2768531,1.4521545,1.8408722,2.6676729,4,0,0.2
rec17,1.7087421,2.602952,1.265125,0.93873847,0.7832459,0.71211654,0.6985547,0.7001807,0.7415538,1.6170189,1.349176,1.2266525,1.2032917,0.64912826,0.36491522,0.36854202,1.841601,1.2248718,1.2015448,1.2043415,1.275505,1.450621,1.838928,2.647324,4,0,0.2
rec17,1.6919733,2.582945,1.2674253,0.9404454,0.78467,0.71341145,0.69982505,0.70145386,0.7429021,1.6438425,1.3715565,1.2470003,1.2232519,0.6450362,0.38261193,0.39280057,1.8721496,1.223577,1.2002747,1.2030684,1.2741566,1.4490875,1.8369842,2.6269765,4,0,0.2
rec17,1.6718333,2.5629382,1.2697256,0.9421525,0.7860943,0.7147063,0.70109504,0.7027269,0.74425036,1.670666,1.3939368,1.2673484,1.2432125,0.6409442,0.39851817,0.41705936,1.9026985,1.222282,1.1990043,1.2017952,1.2728082,1.447554,1.8350401,2.6066282,4,0,0.2
rec17,1.651693,2.5429306,1.2720261,0.94385916,0.7875182,0.71600085,0.70236516,0.704,0.74559873,1.6974902,1.4163177,1.2876971,1.2631735,0.6368521,0.4164639,0.4413184,1.9332485,1.2209871,1.1977344,1.200522,1.2714598,1.4460206,1.8330961,2.58628,4,0,0.2
rec17,1.6315528,2.5229235,1.2743266,0.94556624,0.78894264,0.71729594,0.7036354,0.7052732,0.74694717,1.724314,1.4386985,1.308045,1.2831341,0.6327601,0.43143573,0.4655772,1.9637975,1.2196923,1.1964641,1.1992489,1.2701113,1.4444869,1.831152,2.5659313,4,0,0.2
rec17,1.6114128,2.5029168,1.2766268,0.9472731,0.7903667,0.7185908,0.70490557,0.7065463,0.7482955,1.7511375,1.4610791,1.3283932,1.3030946,0.628668,0.44863033,0.4898357,1.9943464,1.2183974,1.1951939,1.1979758,1.2687631,1.4429536,1.8292081,2.5455835,4,0,0.2
rec17,1.5912727,2.4829094,1.2789272,0.9489799,0.7917909,0.7198855,0.70617574,0.7078195,0.7496439,1.7779615,1.4834597,1.3487414,1.3230555,0.6245761,0.46554297,0.5140947,2.0248954,1.2171026,1.1939237,1.1967027,1.2674147,1.4414202,1.8272641,2.5252352,4,0,0.2
rec17,1.5711327,2.4629023,1.2812276,0.9506869,0.7932151,0.7211804,0.70744604,0.7090926,0.7509923,1.8047851,1.5058404,1.3690896,1.3430161,0.6204842,0.4872876,1.6322091,2.0554452,1.215808,1.1926537,1.1954297,1.2660663,1.4398866,1.8253204,2.5048869,4,0,0.2
rec17,1.5509928,2.4428952,1.2835277,0.9523938,0.7946393,0.7224752,0.70871615,0.7103657,0.7523406,1.8316085,1.5282207,1.3894373,1.3629764,0.6163922,0.50129205,1.6564677,2.085994,1.2145132,1.1913835,1.1941565,1.264718,1.4383533,1.8233763,2.4845388,4,0,0.2
rec17,1.5308526,2.4228883,1.2858285,0.95410067,0.7960634,0.7237701,0.7099864,0.7116389,0.753689,1.8584327,1.5506016,1.409786,1.3829372,0.6123,0.52290696,1.6807265,2.1165428,1.213218,1.190113,1.1928831,1.2633694,1.4368196,1.8214321,2.4641907,4,0,0.2
rec17,1.5107125,2.4028807,1.2881287,0.9558076,0.7974877,0.7250649,0.7112565,0.7129121,0.75503725,0.8644121,1.5729823,1.430134,1.4028983,0.60820824,0.5389939,1.7049857,2.147092,1.2119232,1.188843,1.1916101,1.2620211,1.435286,1.8194883,2.4438426,4,0,0.2
rec17,1.4905723,2.3828738,1.2904292,0.9575144,0.79891175,0.7263598,0.7125266,0.7141852,0.75638574,0.8659559,1.5953627,1.4504821,1.4228587,0.6041161,0.5576461,1.7292441,2.1776419,1.2106285,1.187573,1.1903372,1.2606729,1.4337528,1.8175445,2.4234943,4,0,0.2
rec17,1.4704326,2.362867,1.2927296,0.9592214,0.8003359,0.72765464,0.71379685,0.7154582,0.75773406,0.86749965,1.6177436,1.4708303,1.4428192,0.6000241,0.5761818,1.753503,2.2081907,1.2093337,1.1863028,1.1890639,1.2593244,1.4322191,1.8156006,2.4031465,4,0,0.2
rec17,1.4502921,2.3428595,1.2950301,0.9609284,0.8017602,0.72894955,0.715067,0.7167315,0.7590825,0.86904335,1.6401242,1.4911786,1.46278,0.5959318,0.59737116,1.7777617,2.2387404,1.208039,1.1850324,1.1877906,1.2579762,1.4306856,1.8136564,1.4652773,4,0,0.2
rec17,1.430152,2.3228528,1.2973306,0.9626353,0.8031844,0.7302444,0.7163373,0.7180047,0.76043093,0.870587,1.6625047,1.5115266,1.4827405,0.6129536,0.61856043,1.8020203,2.2692888,1.2067438,1.1837624,1.1865176,1.2566277,1.4291521,1.8117125,1.4449294,4,0,0.2
rec17,1.4100119,2.302845,1.2996305,0.96434206,0.80460846,0.7315392,0.71760744,0.71927786,0.76177925,0.8721308,1.6848855,1.531875,1.5027013,0.63121504,0.6397499,1.8262792,1.3258549,1.2054491,1.182492,1.1852446,1.2552794,1.4276186,1.8097682,1.4245809,2,0,0.2
rec17,1.3914179,2.2816594,1.3179606,0.97311217,0.8093753,0.7340483,0.7188879,0.7202037,0.76100695,0.86892545,1.7142835,1.5547386,1.5226281,0.6505177,0.65907794,1.840413,1.3298475,1.206081,1.1811714,1.1833335,1.2503754,1.4184139,1.7912196,2.3255203,2,0,0.2
rec17,1.3706484,2.258748,1.3805574,1.0011077,0.823346,0.7402037,0.72045916,0.72084045,0.75564295,0.8549632,1.7628574,1.5848421,1.5425674,0.668515,0.6739173,1.8305525,2.268018,1.2119285,1.1796008,1.1802251,1.2372069,1.3912635,1.7343533,2.319423,2,0,0.2
rec18,0.5255031,0.44194475,0.21612787,0.15254454,0.0,0.0,0.0,0.0,0.0,0.0,0.0,0.21375024,0.41970423,1.3246915,1.3737204,1.5355109,1.8717194,0.8812641,1.48842,2.8514357,3.1207948,0.7586503,0.61387897,0.5451091,8,2,0.0
rec18,0.5260294,0.5055069,0.22883242,0.15768619,0.0,0.0,0.0,0.0,0.0,0.0,0.0,0.20284694,0.37538168,1.3247598,1.362895,1.5090268,1.8167546,0.8822174,1.331458,2.8495383,3.8008904,0.78411335,0.6257599,0.5499919,8,2,0.0
rec18,0.52635926,0.52532184,0.23373978,0.15963042,0.0,0.0,0.0,0.0,0.0,0.0,0.0,0.19933906,0.3620624,1.3247353,1.3594104,1.5002409,1.798561,0.88066196,1.2840675,2.8435416,3.7911654,0.7936972,0.6302213,0.55188143,8,2,0.0
rec18,0.52612144,0.51074284,0.23012786,0.15836185,0.0,0.0,0.0,0.0,0.0,0.0,0.0,0.20277876,0.37414598,1.3247275,1.3622974,1.507596,1.8138361,0.8826515,1.3237176,2.8483267,3.79909,0.7856446,0.626496,0.55032665,8,2,0.0
rec18,0.5256023,0.45129952,0.21900383,0.1541876,0.0,0.0,0.0,0.0,0.0,0.0,0.0,0.21403164,0.41734955,1.3246661,1.3724012,1.5324336,1.865392,0.8818452,1.4692173,2.8487308,3.1397595,0.7614042,0.61520016,0.5456803,8,2,0.0
rec18,0.52552825,0.3778371,0.20260486,0.0,0.0,0.0,0.0,0.0,0.0,0.0,0.15863298,0.23577559,0.51668274,1.3256006,1.3925552,1.5794076,0.90254927,0.8781024,1.8080922,2.8439224,2.8880835,0.72502214,0.5981105,0.5389864,8,2,0.0
rec18,0.52554756,0.3081026,0.18352541,0.0,0.0,0.0,0.0,0.0,0.0,0.0,0.17279176,0.27471074,0.77307886,1.332447,1.4279674,1.6577462,0.8767131,0.95714855,2.6935592,2.8493903,0.897394,0.6819029,0.57782406,0.5319128,8,2,0.0
rec18,0.5255493,0.2545037,0.16584423,0.0,0.0,0.0,0.0,0.0,0.0,0.0,0.19293495,0.3398622,1.3245127,1.3485726,1.4803541,1.7698358,0.8797748,1.1833166,3.0389063,2.8432698,0.81036913,0.64157337,0.5591942,0.52702427,8,2,0.0
rec18,0.42834345,0.21786432,0.15206832,0.0,0.0,0.0,0.0,0.0,0.0,0.155208,0.21979874,0.44881096,1.3247864,1.373993,1.5470152,0.9189432,0.8827082,1.5626351,2.8446913,3.090201,0.74304813,0.6094203,0.54510164,0.5255543,8,2,0.0
rec18,0.32826582,0.19151635,0.0,0.0,0.0,0.0,0.0,0.0,0.0,0.16987516,0.25726295,0.6668357,1.3312262,1.4095805,1.630888,0.8804507,0.89571625,2.3217285,2.8457665,0.93580246,0.6901308,0.58389294,0.5350403,0.5255552,8,2,0.0
rec18,0.2674828,0.17183448,0.0,0.0,0.0,0.0,0.0,0.0,0.0,0.18893854,0.31253123,1.3131173,1.3463824,1.4566243,1.7361166,0.8808501,1.0881441,3.1973631,2.8470109,0.8396304,0.64811945,0.56387985,0.5286639,0.5255467,8,2,0.0
rec18,0.23174965,0.15977845,0.0,0.0,0.0,0.0,0.0,0.0,0.15397689,0.21716678,0.4048515,1.3252931,1.3707398,1.5159383,1.8655475,0.87674266,1.3888841,2.8458037,3.8173108,0.7665296,0.6145694,0.5481464,0.5250185,0.45486304,8,2,0.0
rec18,0.2063193,0.15068366,0.0,0.0,0.0,0.0,0.0,0.0,0.17120582,0.25772554,0.58014053,1.330067,1.4059196,1.5928355,0.8831414,0.87467635,1.9556718,2.8384829,2.8169994,0.7071975,0.5867265,0.5359182,0.52379614,0.35176077,8,2,0.0
rec18,0.18652843,0.0,0.0,0.0,0.0,0.0,0.0,0.0,0.1919813,0.31453645,0.99801195,1.3433195,1.4522443,1.6889833,0.8784616,1.04842,3.687054,2.8418376,0.8624173,0.6603485,0.5648455,0.52765316,0.52299714,0.28852212,8,2,0.0
rec18,0.17050157,0.0,0.0,0.0,0.0,0.0,0.0,0.15522489,0.21788846,0.4011891,1.3275906,1.3653252,1.5113074,1.8092366,0.8728087,1.3298055,2.840533,3.7910545,0.782136,0.62330914,0.5481818,0.52322066,0.5224972,0.2453078,8,2,0.0
rec18,0.15721564,0.0,0.0,0.0,0.0,0.0,0.0,0.16841254,0.25176916,0.5525873,1.3290863,1.3967078,1.5854204,0.8940388,0.8758448,1.8299195,2.836252,2.8530705,0.72017795,0.5941989,0.5361867,0.52238065,0.40005207,0.21371113,8,2,0.0
rec18,0.0,0.0,0.0,0.0,0.0,0.0,0.0,0.1850809,0.2999077,0.89432466,1.3383363,1.4388742,1.6783268,0.87622535,0.9931457,3.686186,2.8424714,0.87138724,0.6714034,0.5712761,0.52810705,0.5224005,0.31612244,0.19022866,8,2,0.0
rec18,0.0,0.0,0.0,0.0,0.0,0.0,0.15417962,0.20687515,0.37375212,1.3276552,1.3564519,1.493515,1.7949944,0.87245727,1.2376838,2.835375,2.8464432,0.78966016,0.6326087,0.55346745,0.52356887,0.5223791,0.2626875,0.1723866,8,2,0.0
rec18,0.0,0.0,0.0,0.0,0.0,0.0,0.16684502,0.23620045,0.50008506,1.3283416,1.3840389,1.5628606,0.9053119,0.8763463,1.6560348,2.8348646,3.0163066,0.72619516,0.6016904,0.54008526,0.5223946,0.43244368,0.22594234,0.1585323,8,2,0.0
rec18,0.0,0.0,0.0,0.0,0.0,0.0,0.18305308,0.2772791,0.76279896,1.3360473,1.4220566,1.6500279,0.8748744,0.9182122,2.5260139,2.8387594,0.913096,0.6761762,0.57717353,0.5306492,0.522383,0.3354561,0.19933353,0.0,8,2,0.0
rec18,0.0,0.0,0.0,0.0,0.0,0.15112357,0.20419592,0.3382741,1.327687,1.3525453,1.4719031,1.7594116,0.87392944,1.1201955,3.0418758,2.8382459,0.8215954,0.6364125,0.55800635,0.5248371,0.52239156,0.27544293,0.17935847,0.0,8,2,0.0
rec18,0.0,0.0,0.0,0.0,0.0,0.16305548,0.23208553,0.4336522,1.327966,1.3774003,1.5329242,0.9111165,0.87402,1.4314892,2.8409476,3.154402,0.75331813,0.6055758,0.543671,0.5222158,0.46405578,0.23725104,0.16518122,0.0,8,2,0.0
rec18,0.0,0.0,0.0,0.0,0.0,0.17902969,0.27047065,0.5980122,1.3345573,1.4114249,1.60613,0.8745695,0.8850207,1.9567856,2.8351278,2.7940116,0.69946164,0.5797653,0.5313536,0.51958835,0.36877924,0.21378773,0.15653382,0.0,8,2,0.0
rec18,0.0,0.0,0.0,0.0,0.0,0.19859283,0.32384965,0.9567316,1.34815,1.4550371,1.6963847,0.8744791,1.0532637,3.6826198,2.8400683,0.85746825,0.65522367,0.55852395,0.5221422,0.51715726,0.30736792,0.19521749,0.0,0.0,8,2,0.0
rec18,0.0,0.0,0.0,0.0,0.16088821,0.22311065,0.40315244,1.3349319,1.3688893,1.5092934,1.8072503,0.87352794,1.3057022,2.8301568,3.7749586,0.7810585,0.61928046,0.54172695,0.51625925,0.51514393,0.26453,0.18018575,0.0,0.0,8,2,0.0
rec18,0.0,0.0,0.0,0.0,0.17416322,0.25528103,0.53590405,1.3367597,1.3977541,1.5769365,0.8963575,0.8710983,1.7313104,2.8300128,2.9437196,0.72000563,0.5899677,0.5288835,0.51368284,0.44713056,0.23257221,0.16763069,0.0,0.0,8,2,0.0
rec18,0.0,0.0,0.0,0.0,0.19072664,0.30031696,0.8112012,1.343988,1.4365675,1.662542,0.8721476,0.96931106,2.618252,2.8316226,0.8866804,0.67037475,0.5661668,0.5197758,0.51283073,0.3523927,0.20742866,0.1568263,0.0,0.0,8,2,0.0
rec18,0.0,0.0,0.0,0.15904512,0.21233043,0.3689187,1.3374479,1.3593518,1.4879317,1.7725363,0.8750867,1.1909251,3.130371,2.8428118,0.7992329,0.62994903,0.5473354,0.51446116,0.51265097,0.28975752,0.1870915,0.0,0.0,0.0,8,2,0.0
rec18,0.0,0.0,0.0,0.17151608,0.24124351,0.48257202,1.3375032,1.383892,1.5534352,0.9095198,0.8744889,1.5578259,2.827024,3.1152709,0.73163354,0.59774154,0.53309965,0.51264066,0.49572635,0.24714096,0.17126797,0.0,0.0,0.0,8,2,0.0
rec18,0.0,0.0,0.0,0.18740956,0.28135583,0.7039387,1.3429999,1.4185733,1.6359146,0.8722637,0.9082649,2.2724323,2.8280382,0.925547,0.67858243,0.57215184,0.5228479,0.5126357,0.376375,0.21666104,0.15884914,0.0,0.0,0.0,8,2,0.0
rec18,0.0,0.0,0.15607111,0.20801614,0.34007612,1.3160595,1.3572594,1.4646462,1.7393932,0.8709873,1.0978248,3.3035119,2.829215,0.8286509,0.6365012,0.5520494,0.5162228,0.51264584,0.30491456,0.19397886,0.0,0.0,0.0,0.0,8,2,0.0
rec18,0.0,0.0,0.16775513,0.23540543,0.43327415,1.3374181,1.3807522,1.523888,0.9174692,0.8753219,1.3986855,2.8310611,3.7993476,0.75448877,0.6029659,0.5366279,0.51300406,0.5126357,0.25764456,0.1766182,0.0,0.0,0.0,0.0,8,2,0.0
rec18,0.0,0.0,0.18259358,0.27311444,0.6021458,1.3405758,1.4142783,1.5987821,0.8768784,0.88165987,1.9438283,2.8426716,2.8274312,0.696601,0.5762895,0.5253133,0.5126567,0.38637707,0.22430608,0.16306727,0.0,0.0,0.0,0.0,8,2,0.0
rec18,0.0,0.15189086,0.20172633,0.32770297,0.99718034,1.3523365,1.4590389,1.6928065,0.87385094,1.0578835,3.680253,2.830904,0.85325336,0.6508293,0.5552748,0.51770926,0.512656,0.31124744,0.19973783,0.15235242,0.0,0.0,0.0,0.0,8,2,0.0
rec18,0.0,0.16248617,0.22696035,0.4128664,1.3374065,1.3731656,1.5167427,1.8108866,0.8742369,1.3328038,2.8304203,3.778473,0.7734823,0.6143895,0.5390656,0.51356053,0.51263154,0.2619824,0.18106446,0.0,0.0,0.0,0.0,0.0,8,2,0.0
rec18,0.0,0.17587934,0.26131982,0.56269825,1.3384424,1.4037677,1.5897884,0.8906797,0.872243,1.8164884,2.832905,2.8669062,0.71151423,0.5853599,0.5270518,0.5126483,0.43121278,0.22743742,0.16655809,0.0,0.0,0.0,0.0,0.0,8,2,0.0
rec18,0.1508787,0.19302481,0.31027803,0.892187,1.3469895,1.4452181,1.6815242,0.8726301,1.0016314,3.680069,2.8324168,0.8632735,0.6626627,0.5623845,0.5188078,0.5126304,0.33883834,0.20208359,0.15512262,0.0,0.0,0.0,0.0,0.0,8,2,0.0
rec18,0.1612128,0.21540122,0.38483995,1.3374513,1.3644313,1.4990734,1.7966936,0.8796493,1.242328,2.8663366,2.8362334,0.7811859,0.6238222,0.54449576,0.5140552,0.5126484,0.2805367,0.18286806,0.0,0.0,0.0,0.0,0.0,0.0,8,2,0.0
rec18,0.17570457,0.24644935,0.50641054,1.3369355,1.3883886,1.5613497,0.9030787,0.8733119,1.6088866,2.829423,3.064952,0.7225274,0.59564626,0.5325638,0.5133534,0.48394018,0.24648386,0.17129646,0.0,0.0,0.0,0.0,0.0,0.0,8,2,0.0
rec18,0.1988504,0.29764786,0.7768029,1.3404232,1.421845,1.6424592,0.86717206,0.90776515,2.36909,2.8288891,0.91910446,0.6753037,0.5738468,0.52564263,0.5162532,0.38361678,0.22403754,0.16460946,0.0,0.0,0.0,0.0,0.0,0.15495773,8,2,0.0
rec18,0.22757569,0.37098303,1.3316935,1.3534067,1.4675791,1.7456623,0.8621372,1.0935436,3.254992,2.820837,0.82807255,0.63718855,0.55641216,0.5214917,0.51838225,0.32169655,0.20682698,0.15915003,0.0,0.0,0.0,0.0,0.0,0.16972442,8,2,0.0
rec18,0.26445714,0.4857001,1.3301691,1.3762277,1.527333,0.8950625,0.8578154,1.3924539,2.8173244,3.7945087,0.7574992,0.60634804,0.5428482,0.5201085,0.5198855,0.27953824,0.19319955,0.15464854,0.0,0.0,0.0,0.0,0.15225045,0.18708721,8,2,0.0
rec18,0.3139245,0.69239664,1.3331362,1.4095986,1.6036229,0.8538133,0.8803885,1.941797,2.8154128,2.8000522,0.7017798,0.5814902,0.53281,0.5209152,0.42985004,0.24888696,0.18213595,0.15091665,0.0,0.0,0.0,0.0,0.16310522,0.20795304,8,2,0.0
rec18,0.38426617,1.1805588,1.3451474,1.4546545,1.7000252,0.85614717,1.0598592,3.6630912,2.8241901,0.85698164,0.6572846,0.5616985,0.5260756,0.52153677,0.3524715,0.2255205,0.17296888,0.0,0.0,0.0,0.0,0.0,0.17561087,0.23367773,8,2,0.0
rec18,0.4930714,1.3282522,1.3665129,1.5130663,1.8216709,0.851435,1.344207,2.8158407,3.7669177,0.77883655,0.6215697,0.5463225,0.5225299,0.5218353,0.30045867,0.20705527,0.1652456,0.0,0.0,0.0,0.0,0.1572093,0.19026668,0.2664088,8,2,0.0
rec18,0.6853405,1.3293624,1.3978722,1.5872105,0.863804,0.8518599,1.8554145,2.8125646,2.8655334,0.717762,0.592947,0.5349119,0.5219522,0.48738107,0.26293144,0.19204265,0.15864745,0.0,0.0,0.0,0.0,0.16585152,0.20778337,0.30975506,8,2,0.0
rec18,1.1210907,1.3382758,1.4402522,1.6804454,0.8507025,0.99996114,3.6605196,2.815843,0.87410897,0.6694316,0.570231,0.52717245,0.5220291,0.38655034,0.2344514,0.17955339,0.15294603,0.0,0.0,0.0,0.15182613,0.1758321,0.22921902,0.37030575,8,2,0.0
rec18,1.3280864,1.3560635,1.4951698,1.797565,0.852485,1.2482123,2.8096297,2.8182154,0.79165745,0.6309584,0.55257475,0.52293056,0.5219715,0.32150316,0.21236244,0.16925499,0.0,0.0,0.0,0.0,0.15763466,0.18786223,0.25665823,0.46229446,6,1,0.03777215
rec18,1.3255111,1.3763576,1.5520133,0.8785803,0.850287,1.5947412,2.813842,3.0642803,0.7388397,0.60711217,0.54381293,0.52498657,0.5251272,0.28197616,0.19750321,0.16229074,0.0,0.0,0.0,0.0,0.16436192,0.20143424,0.28914407,0.5966718,5,1,0.059429374
rec18,1.3232914,1.3919967,1.596465,0.8536938,0.84533507,1.9863364,2.8241794,2.830959,0.712108,0.5968649,0.54287994,0.530523,0.46481803,0.26120883,0.18955882,0.15888186,0.0,0.0,0.0,0.0,0.1708606,0.21406852,0.32040837,0.75916517,5,1,0.08027225
rec18,1.3197249,1.3996338,1.6228678,0.8417549,0.87793356,2.3320758,2.8133233,2.7141733,0.702635,0.59578884,0.5469086,0.5378157,0.42812717,0.25189057,0.1864589,0.15810524,0.0,0.0,0.0,0.15222605,0.1765053,0.22441556,0.3459297,0.9189026,5,1,0.09728647
rec18,1.3148494,1.4041988,1.6436628,0.8374251,0.909078,2.7298496,2.8173587,0.9299264,0.6991877,0.5984481,0.55353004,0.5468098,0.40463507,0.24631926,0.18520106,0.15851727,0.0,0.0,0.0,0.1560438,0.18265456,0.23528533,0.372709,1.1192003,5,1,0.11513933
rec18,1.3090122,1.407863,1.6641319,0.8310993,0.9400455,3.6525083,2.8115113,0.9155772,0.6986172,0.60340935,0.5622993,0.55754614,0.3862985,0.24248603,0.18502529,0.15980989,0.0,0.0,0.0,0.16083835,0.19011526,0.24829209,0.40529227,1.2925375,5,1,0.1368615
rec18,1.3021276,1.4105301,1.6841992,0.8225217,0.9706553,3.3758361,2.8141565,0.9057474,0.7008337,0.6106731,0.57327,0.570179,0.37248164,0.24041346,0.18602295,0.16209163,0.15216365,0.15134324,0.15397085,0.16678898,0.19914916,0.26390934,0.4453431,1.279906,5,1,0.16356207
rec18,1.2936538,1.4116025,1.7031829,0.80901444,0.99925786,3.0064046,2.8063502,0.900776,0.70629525,0.6207155,0.58694494,0.5851956,0.3630426,0.24035189,0.18845896,0.16562389,0.15661293,0.15614618,0.15968941,0.17424902,0.21024188,0.28295422,0.4955312,1.2649496,5,1,0.1970208
rec18,1.2832505,1.4106867,1.7206252,0.79921925,1.0243729,2.8067105,2.8168287,0.90065664,0.7151848,0.6337804,0.60361826,0.6028131,0.3578273,0.24248944,0.19255367,0.17063673,0.16251595,0.1622992,0.16698495,0.18356778,0.22389902,0.30634314,0.5593794,1.247241,5,0,0.2
rec18,1.2725434,1.4095565,1.7387251,0.7832972,1.0511564,2.8170922,3.7606943,0.9026256,0.72545546,0.6481197,0.62168,0.62147796,0.35523632,0.24597003,0.19769019,0.17661586,0.16941093,0.16935587,0.1754172,0.19430415,0.23967928,0.3337648,0.6391018,1.228572,5,0,0.2
rec18,1.2627183,1.4095467,1.7592403,0.77234226,1.085,2.8061948,3.7808735,0.9048801,0.73572487,0.6625245,0.6399942,0.6402332,0.35412055,0.25013715,0.20337732,0.1831425,0.17691442,0.17698045,0.18461414,0.20608096,0.25720748,0.3650131,0.738195,1.210506,5,0,0.2
rec18,1.253826,1.4107603,1.7824678,0.7565809,1.1286638,2.7950869,3.1763167,0.9073425,0.7459594,0.67696995,0.6583065,0.62463415,0.354258,0.2549238,0.20958212,0.19019921,0.18495557,0.18522067,0.19459109,0.21894698,0.27663517,0.40066966,0.8636264,1.1934487,5,0,0.2
rec18,1.2458771,1.413259,1.8086815,0.7411163,1.1861997,2.7941246,3.080311,0.9100007,0.7561744,0.69147456,0.67640245,0.60271287,0.35549214,0.26028967,0.21629031,0.19778408,0.19347294,0.19408871,0.20538025,0.2329728,0.2981574,0.4414803,1.0262812,1.1773804,5,0,0.2
rec18,1.2388868,1.417115,1.8382,0.7311477,1.2642624,2.7930908,2.9933805,0.9128452,0.7663841,0.70605737,0.69429845,0.58568215,0.35769713,0.26620218,0.22349146,0.20589906,0.20246994,0.2036011,0.21701975,0.24824056,0.32200333,0.48837996,1.1558272,1.1622845,8,0,0.2
rec18,1.2369576,1.430867,1.8907988,0.71400446,1.4573243,2.798215,2.8833592,0.91011006,0.7739709,0.7198553,0.711881,0.56157845,0.35696328,0.27095097,0.23042063,0.21430974,0.2119357,0.21402632,0.23033223,0.26643988,0.35208324,0.552822,1.138162,1.1493895,8,0,0.2
rec18,1.248671,1.4717369,0.721513,0.69947076,2.2635493,2.7842255,2.7179341,0.8950338,0.77599037,0.73241174,0.7291039,0.52049387,0.3491139,0.27264988,0.23638624,0.22311121,0.22210355,0.2263387,0.24741195,0.29161027,0.3979844,0.6668268,1.120941,1.1423156,8,0,0.2
rec18,1.2797745,1.5510545,0.69295186,0.68447435,3.129772,2.775509,2.525874,0.87214774,0.7749992,0.74586153,0.7456891,0.47415614,0.33752614,0.27283508,0.24244396,0.23332848,0.23327452,0.24186134,0.2703297,0.32763276,0.4706676,0.88721025,1.1043507,1.1450015,8,0,0.2
rec18,1.3279845,1.6656135,0.6699205,0.7902298,2.7738135,3.145478,2.3589885,0.8519286,0.77622646,0.76138794,0.7636955,0.43871966,0.329023,0.274891,0.25046426,0.24567635,0.24642098,0.2612692,0.29968104,0.37587246,0.578558,1.088672,1.0919716,1.1577692,8,0,0.2
rec18,1.3922896,1.8171599,0.65532726,1.2887913,2.7543006,2.844428,0.97314566,0.83740705,0.7812713,0.7760269,0.66493237,0.41525772,0.3251452,0.27979243,0.26103652,0.2592842,0.26255235,0.28489634,0.33612433,0.4386959,0.7388722,1.0740039,1.0875406,1.1800936,8,0,0.2
rec18,1.4768485,0.65633553,0.63604057,3.526128,2.7584763,2.6131911,0.93646485,0.82781404,0.7900541,0.78956234,0.59276223,0.40014026,0.32501483,0.28730583,0.27420062,0.27403,0.2819672,0.31350026,0.38160816,0.5222643,0.9965725,1.0605143,1.0912316,1.2132664,8,0,0.2
rec18,1.5877813,0.62603825,0.61941594,2.7309186,2.7479703,2.4321089,0.90768814,0.822623,0.8018451,0.8034663,0.5450699,0.3911595,0.3280505,0.29730684,0.28979737,0.29038334,0.30508462,0.34811834,0.4389756,0.63694704,1.0482024,1.0497222,1.1034955,1.2591492,8,0,0.2
rec18,1.7343687,0.6010838,0.7370938,2.7272813,3.0333056,2.2884746,0.8854309,0.8214895,0.8128536,0.82129383,0.5128416,0.38691285,0.33387363,0.30976298,0.30650657,0.30968916,0.33247712,0.39018592,0.512518,0.8016054,1.0372233,1.0465741,1.1251079,1.3203954,8,0,0.2
rec18,1.9312916,0.5812353,2.0120316,2.714765,2.7621293,0.9809832,0.8687076,0.8242195,0.82252955,0.7322909,0.49109468,0.38648298,0.34224924,0.32472205,0.32405624,0.33230487,0.36491734,0.4417228,0.60900116,1.0297722,1.0276607,1.0515481,1.1572421,1.4008112,7,0,0.2
rec18,0.57549965,0.5623557,2.9762485,2.7042642,2.553654,0.94534147,0.8570973,0.8306665,0.83133763,0.6689214,0.47743848,0.38952282,0.35316232,0.34227163,0.34254813,0.35853854,0.40313843,0.5049623,0.7379678,1.019383,1.0202066,1.0646583,1.2006619,1.5039228,7,0,0.2
rec18,0.5468497,0.54312855,2.6751745,3.7045426,2.388194,0.9167616,0.8497213,0.83742195,0.84334517,0.62526935,0.46933717,0.39531818,0.3664097,0.361106,0.36366022,0.38898167,0.44860178,0.5842645,0.9191473,1.0126605,1.0198232,1.0866615,1.2580283,1.6384715,7,0,0.2
rec18,0.5235719,0.75062823,2.6661463,2.8801541,2.2550602,0.89400595,0.84622294,0.84265184,0.85931754,0.5945734,0.4655302,0.40358233,0.38201156,0.38039944,0.38792276,0.42441556,0.5032336,0.6860757,1.0116718,1.0074025,1.0273263,1.1186517,1.3327011,1.8169174,7,0,0.2
rec18,0.50446385,3.4000711,2.6402411,2.6448298,2.1473665,0.87628,0.84644026,0.84636647,0.8072721,0.57304454,0.4652611,0.4141909,0.40008655,0.40005162,0.41576463,0.46586245,0.56969863,0.8206951,1.0037805,1.003693,1.0431153,1.1621324,1.4293234,0.51764864,6,0,0.2
rec18,0.48326096,2.7030911,2.6363804,2.4760125,0.94967043,0.8644159,0.84856325,0.8507677,0.75630707,0.56245863,0.46997103,0.4277804,0.41993526,0.4210262,0.44638035,0.5116781,0.64547974,0.9879832,1.0015181,1.0041199,1.064588,1.2121873,1.5394275,0.4890737,6,1,0.18884061
rec18,0.46451798,2.6050568,3.6490183,2.3669524,0.9268841,0.85756445,0.8494959,0.8562147,0.7325772,0.56183356,0.47903255,0.4432067,0.43903673,0.44250908,0.47659743,0.5566001,0.72120076,1.0102403,1.0007353,1.0086503,1.0863508,1.2592436,1.6438981,0.4654552,6,1,0.1763453
rec18,0.72337246,2.5936084,2.8880656,2.2747917,0.9072319,0.852391,0.84929293,0.8629763,0.71344733,0.56194884,0.48801732,0.4585173,0.45685074,0.46421134,0.5079004,0.6047216,0.8066478,1.0044649,1.0008141,1.0169387,1.1126475,1.3137583,1.7671071,0.4461971,6,1,0.16413139
rec18,3.3265917,2.5706396,2.7194831,2.194292,0.88987434,0.8487285,0.84826195,0.87137085,0.69673365,0.5621792,0.49676418,0.47379488,0.47353452,0.4864347,0.540958,0.6575707,0.90640354,1.0023502,1.0017993,1.0290908,1.144439,1.3783219,0.44741735,0.42979407,5,1,0.15319604
rec18,3.2954109,2.5673046,2.5953047,2.1338038,0.87660223,0.8465849,0.8468299,0.87962765,0.68718153,0.5649861,0.50629795,0.48896083,0.48910233,0.5080452,0.5731466,0.70998,1.0099516,1.0035843,1.0038747,1.0427545,1.176374,1.4425532,0.42569858,0.41505572,5,1,0.14337048
rec18,2.9758472,2.5504186,2.523712,2.0982182,0.8681756,0.8443759,0.84560704,0.8846772,0.6886281,0.5725263,0.5174619,0.50327647,0.5040103,0.5272974,0.60042703,0.7532072,1.0340682,1.0057209,1.0071871,1.053723,1.1998614,1.48915,0.40795407,0.40192923,5,1,0.13461947
rec18,2.7270555,2.546548,2.4610944,2.0668437,0.8606088,0.84195954,0.8446917,0.88974565,0.6902695,0.5796931,0.5280734,0.51663005,0.5183065,0.5459517,0.6272662,0.79669905,1.0304422,1.0081125,1.0113839,1.0653287,1.2239995,1.5371811,0.39189768,0.38803416,5,1,0.1253561
rec18,2.516613,2.5290914,2.4027364,2.0375004,0.85353523,0.83937263,0.84417766,0.8953355,0.6911078,0.5860532,0.53800046,0.5290735,0.53210217,0.5643479,0.654401,0.84206164,1.0277342,1.0106812,1.016467,1.0780654,1.2500921,1.5895557,0.3772117,0.3909694,5,1,0.11814112
rec18,2.512421,3.512087,2.3483236,2.0101044,0.8469685,0.8367114,0.84409803,0.9015019,0.6912812,0.591719,0.54733473,0.54070646,0.5454799,0.58257586,0.6819707,0.8896563,1.0258983,1.0134743,1.0224215,1.0919524,1.2782532,0.3932899,0.3654148,0.49042505,5,1,0.11027652
rec18,2.4966197,3.5389283,2.2975962,0.90237594,0.8409408,0.8338512,0.8445051,0.90525544,0.6908105,0.5967039,0.5560794,0.55139136,0.55843633,0.6006367,0.710018,0.93975616,1.0248702,1.01623,1.029214,1.1069906,1.3085831,0.37729982,0.35531545,0.6412136,5,1,0.103543624
rec18,2.4847724,2.9079208,2.2502537,0.88988787,0.8354256,0.830938,0.8453927,0.89164156,0.689984,0.6012561,0.56445843,0.5614263,0.5711926,0.6187757,0.73888254,0.9930755,1.0246532,1.0191491,1.0368779,1.1232545,1.3412828,0.3626392,0.34581438,0.89570785,5,1,0.09720958
rec18,2.4810545,2.8132772,2.206079,0.8781767,0.83044046,0.82797575,0.84679866,0.8784292,0.6888352,0.6054071,0.57249814,0.570799,0.5837754,0.6370336,0.76867616,1.0500925,1.0252093,1.0221665,1.0454041,1.1407769,1.3765177,0.3492348,0.3377548,1.4128684,5,1,0.09183652
rec18,2.4671981,2.7260463,2.1648588,0.867218,0.8259874,0.8248939,0.84874666,0.86565864,0.6874532,0.60924006,0.5802746,0.5795064,0.59626347,0.65551114,0.79959345,1.0777608,1.0265203,1.0251611,1.0548048,1.1596154,1.4145004,0.33696604,0.33019242,3.2206068,4,1,0.08679494
rec18,2.4616714,2.6651115,2.135407,0.8587715,0.82222575,0.82180953,0.84967196,0.8597591,0.6888775,0.6141591,0.5880232,0.5877256,0.6076516,0.671745,0.8261618,1.074516,1.0287892,1.0282683,1.0631306,1.1752664,1.4454297,0.32635924,0.32272783,3.2124355,4,1,0.08181855
rec18,2.4555204,2.6543427,2.1289554,0.8550409,0.81915253,0.8187869,0.8470575,0.86890626,0.69691944,0.6217583,0.59566134,0.5953955,0.6159529,0.6813674,0.8388158,1.076935,1.0317329,1.0312726,1.0668796,1.1801826,1.4528955,0.3181221,0.3163217,3.2047272,4,1,0.077547796
rec18,2.447768,2.6501539,2.1255956,0.8520436,0.81628084,0.8159168,0.8440882,0.8795251,0.7054363,0.6293568,0.6029409,0.6026719,0.6234805,0.6896944,0.84906703,1.0799325,1.0346044,1.0341429,1.069849,1.1834671,0.3480609,0.31052354,0.31225517,3.1974506,4,1,0.074836776
rec18,2.4403107,2.6461244,2.1223636,0.84916025,0.81351864,0.81315565,0.8412317,0.88973963,0.71362907,0.6366661,0.60994345,0.60967135,0.6307217,0.69770455,0.8589281,1.0828158,1.037367,1.036904,1.0727056,1.1866273,0.3398681,0.30321437,0.32250592,3.1904519,4,1,0.08167061
rec18,2.4323368,2.641816,2.118908,0.8460774,0.81056494,0.81020325,0.83817744,0.9006611,0.7223888,0.6444808,0.6174301,0.61715466,0.6384633,0.70626855,0.869471,1.0858984,1.04032,1.039856,1.0757592,1.1900053,0.33110848,0.2980499,0.33346534,3.1829677,4,1,0.08897688
rec18,2.423693,2.6371446,2.1151617,0.8427351,0.8073632,0.80700284,0.8348666,0.9125009,0.7318852,0.65295297,0.6255467,0.6252676,0.64685655,0.71555287,0.8809008,1.0892408,1.0435221,1.0430566,1.0790704,1.193668,0.32161227,0.291301,0.34534636,3.174855,4,1,0.09689757
rec18,2.414242,2.6320379,2.1110656,0.83908063,0.8038621,0.8035034,0.8312462,0.91952497,0.74226826,0.66221625,0.6344212,0.6341382,0.6560333,0.7257043,0.89339805,1.0928953,1.0470232,1.046556,1.0826907,1.1976727,0.3112291,0.2836952,0.3583376,3.1659844,4,1,0.1055584
rec18,2.4038815,2.6264396,2.1065753,0.8350748,0.80002433,0.79966736,0.8272777,0.915135,0.75365067,0.6723714,0.6441501,0.6438627,0.6660936,0.736833,0.9070983,1.0969012,1.0508611,1.0503923,1.0866594,1.2020628,0.2998465,0.2752419,0.3725791,3.1562598,4,1,0.11505273
rec18,2.3926687,2.6203809,2.1017156,0.83073926,0.79587084,0.79551584,0.8229828,0.9103839,0.7659691,0.68336123,0.65467864,0.6543865,0.6769808,0.7488764,0.92192477,1.1012367,1.0550146,1.0545439,1.0909543,1.206814,0.2875282,0.26825467,0.38799158,3.1457365,4,1,0.1253277
rec18,2.3804777,2.6137936,2.0964322,1.8703367,0.7913549,0.79100186,0.81831306,0.90521824,0.77936244,0.6953103,0.6661262,0.665829,0.68881834,0.76197106,0.9380453,1.1059504,1.0595303,1.0590576,1.095624,1.2119796,0.27413467,0.25959843,0.40474835,3.1342933,4,1,0.13649888
rec18,2.3671381,2.606586,2.090651,1.865179,0.78641367,0.7860628,0.8132034,0.8995659,0.7940178,0.7083851,0.67865217,0.6783494,0.701771,0.7762993,0.9556844,1.1111078,1.0644715,1.0639966,1.1007335,1.2176318,0.25947922,0.25000444,0.42308408,3.1217732,4,1,0.14872271
rec18,2.3526833,2.5987751,2.0843863,1.8595903,0.78105944,0.78071094,0.80766684,0.8934413,0.8098973,0.72255236,0.6922248,0.69191605,0.715806,0.7918248,0.9747975,1.116697,1.0698259,1.0693486,1.1062703,1.2237566,0.24359941,0.24120349,0.44295242,3.1082072,4,1,0.16196828
rec18,2.3368812,2.590236,2.0775378,1.8534801,0.7752059,0.7748601,0.8016139,0.88674563,0.82725817,0.73804057,0.70706284,0.7067475,0.73114955,0.8087979,0.9956926,1.1228069,1.0756794,1.0751995,1.1123233,0.28207067,0.23221141,0.2447941,0.4646735,3.0933752,4,1,0.17644897
rec18,2.3196044,2.5809004,2.07005,1.8467999,0.7688059,0.7684629,0.79499596,0.8794248,0.8462393,0.7549743,0.723286,0.7229632,0.7479253,0.82735527,1.0185381,1.1294872,1.0820793,1.0815966,1.1189411,0.2584056,0.22109577,0.2573048,0.48842075,3.0771592,4,1,0.19228049
rec18,2.301008,2.5708525,2.0619907,1.8396099,0.76191753,0.76157767,0.7878729,0.87154526,0.8666688,0.77320105,0.74074763,0.7404171,0.76598173,0.8473292,1.0431277,1.1366773,1.0889677,1.0884818,1.1260642,0.23293403,0.21327327,0.2707705,0.513982,3.059705,4,0,0.2
rec18,2.2812955,2.5602005,2.0534475,1.8319877,0.7546154,0.7542787,0.780322,0.86319244,0.8883259,0.79252243,0.75925803,0.7589193,0.78512275,0.8685031,1.0691943,1.1442995,1.09627,1.0957808,1.1336153,0.20593216,0.20533839,0.28504518,0.54107827,3.0412033,4,0,0.2
rec18,2.260856,2.5494895,2.0448563,1.8243233,0.74727255,0.7469391,0.772729,0.85479313,0.91010326,0.8119514,0.7778715,0.7775244,0.8043703,0.8897947,1.095406,1.1519641,1.1036128,1.1031204,0.25913456,0.1969013,0.21567868,0.29939932,0.56832534,3.022598,4,0,0.2
rec18,2.2386389,2.5387785,2.0362651,1.8166586,0.7399298,0.73959965,0.7651359,0.8463937,0.93188137,0.8313802,0.79648477,0.79612935,0.8236176,0.9110861,1.1216173,1.1596284,1.1109554,1.1104598,0.21977916,0.19225366,0.2260187,0.31375304,0.5955722,3.003993,4,0,0.2
rec18,2.2164247,2.528067,2.0276742,1.8089939,0.7325869,0.73226005,0.7575431,0.83799446,0.95365906,0.8508095,0.81509864,0.814735,0.8428656,0.93237823,1.1478295,1.1672932,1.1182984,1.1177994,0.18884483,0.19199374,0.23635912,0.3281073,0.6228195,2.985388,4,0,0.2
rec18,2.1942084,2.5173554,2.0190828,1.8013293,0.72524387,0.7249204,0.74994993,0.82959485,0.97543675,0.87023854,0.83371216,0.83334017,0.8621132,0.9536698,1.1740413,1.1749578,1.1256415,0.2763703,0.18766841,0.20039311,0.24669938,0.34246147,0.6500669,2.9667823,4,0,0.2
rec18,2.171993,2.5066445,2.0104918,1.7936647,0.7179011,0.7175808,0.7423569,0.82119554,0.9972145,0.8896676,0.8523256,0.85194534,0.88136077,0.9749617,1.2002531,1.1826222,1.1329842,0.1992669,0.18874747,0.20879252,0.25703967,0.35681555,0.6773142,2.948177,4,0,0.2
rec18,2.1502807,2.495933,2.0019004,1.7860001,0.7105583,0.71024114,0.73476386,0.8127961,1.0006149,0.9090968,0.87093943,0.87055075,0.9006086,0.99625355,1.2264653,1.1902869,1.1403272,0.19249265,0.19634058,0.21719198,0.2673801,0.37116975,0.7045616,2.9295716,4,0,0.2
rec18,2.1305687,2.485222,1.9933095,1.7783355,1.7036937,0.70290154,0.72717094,0.8043966,0.9902745,0.9285256,0.8895528,0.8891559,0.91985613,1.017545,1.2526767,1.1979514,1.1476699,0.19755334,0.20393348,0.22559124,0.27772024,0.38552368,0.7318086,2.9109666,4,0,0.2
rec18,2.1108565,2.4745107,1.9847184,1.7706711,1.6963512,0.6957562,0.7195781,0.79599756,0.97993445,0.94795495,0.9081666,0.90776134,0.93910396,1.0388371,1.2788887,1.2056156,0.20455801,0.20446672,0.21152641,0.23399054,0.2880604,0.39987773,0.7590563,2.8825297,4,0,0.2
rec18,2.0911443,2.4637995,1.9761276,1.7630066,1.6890081,0.68971014,0.7119849,0.78759795,0.9695939,0.967384,0.9267801,0.9263667,0.9583517,1.0601289,1.3051006,1.2132806,0.21190101,0.21180645,0.21911956,0.24239014,0.29840094,0.41423213,0.78630334,2.8521135,4,0,0.2
rec18,2.0714324,2.4530885,1.9675362,1.7553422,1.6816653,0.6830645,0.70439214,0.7791988,0.9592538,0.9868131,0.9453937,0.9449719,0.9775992,1.0814205,1.3313122,1.2209452,0.21924384,0.21914604,0.22671254,0.2507895,0.30874118,0.4285861,0.81355095,2.8216937,4,0,0.2
rec18,2.0517201,2.442377,1.9589452,1.7476773,1.6743225,0.67655003,0.6967991,0.77079934,0.94891346,1.0062422,0.96400726,0.9635771,0.996847,1.1027123,1.3575239,1.2286099,0.2265867,0.22648562,0.23430556,0.25918886,0.31908146,0.44294024,0.8407976,2.791279,4,0,0.2
rec18,2.0320082,2.4316664,1.9503541,1.7400128,1.6669794,0.67260844,0.689206,0.7623999,0.9385732,1.025671,0.98262084,0.9821823,1.0160946,1.1240042,1.383736,0.24417831,0.23392946,0.23382507,0.24189845,0.2675881,0.32942158,0.4572941,0.8680451,2.7608628,4,0,0.2
rec18,2.0122962,2.420955,1.9417629,1.7323484,1.6596366,0.66664404,0.68161297,0.7540004,0.92823285,1.0451001,1.0012344,1.0007875,1.0353421,1.1452959,1.3943112,0.25184286,0.24127229,0.24116462,0.24949138,0.27598745,0.3397618,0.4716482,0.8952924,2.7304466,4,0,0.2
rec18,1.992584,2.4102435,1.9331721,1.7246836,1.6522937,0.66256964,0.67402005,0.74560106,0.9178926,1.0645293,1.019848,1.0193928,1.05459,1.1665877,1.4029024,0.25950742,0.24861518,0.24850422,0.2570844,0.2843868,0.35010213,0.48600233,0.92253935,2.7000296,4,0,0.2
rec18,1.9728718,2.3995323,1.9245807,1.7170191,1.6449509,0.65909684,0.6664271,0.73720175,0.90755224,1.0839584,1.0384616,1.0379983,1.0738378,1.1878794,1.4114935,0.26717207,0.25595808,0.25584388,0.26467746,0.2927863,0.36044246,0.5003565,0.9497869,2.6696131,4,0,0.2
rec18,1.9531599,2.3888211,1.9159898,1.7093544,1.637608,0.6562357,0.6588339,0.7288022,0.8972118,1.1033874,1.0570749,1.0566033,1.0930852,1.2091712,1.4200844,0.27483666,0.263301,0.2631835,0.27227053,0.30118576,0.37078285,0.51471066,0.9770338,2.639195,4,0,0.2
rec18,1.9334478,2.37811,1.9073987,1.7016902,1.6302652,0.7259741,0.6539953,0.72040296,0.8868717,1.1228166,1.0756888,1.0752088,1.112333,1.2304633,0.31665125,0.28250122,0.2706438,0.27052304,0.2798635,0.3095851,0.38112307,0.5290647,1.0042816,2.60878,4,0,0.2
rec18,1.9137359,2.3673987,1.8988078,1.6940255,1.6229225,1.6221985,0.6523825,0.7120035,0.8765314,1.1422454,1.094302,1.0938139,1.1315802,1.2517545,0.32524237,0.29016578,0.2779867,0.2778627,0.2874565,0.31798452,0.39146346,0.54341894,1.031529,2.5783637,4,0,0.2
rec18,1.8940237,2.3566873,1.8902164,1.686361,1.6155796,1.6148589,0.6514029,0.70360416,0.86619115,1.1616745,1.1129158,1.1124191,1.150828,1.2730463,0.33383337,0.2978304,0.28532958,0.2852023,0.29504955,0.3263839,0.40180367,0.55777293,1.0587759,2.5479467,4,0,0.2
rec18,1.8743113,2.345976,1.8816254,1.6786962,1.6082364,1.6075189,0.6510602,0.69520473,0.85585076,1.1811036,1.1315292,1.1310245,1.1700758,1.2943382,0.3424244,0.30549484,0.29267237,0.29254177,0.3026424,0.33478305,0.41214374,0.57212687,1.0860233,2.5175316,4,0,0.2
rec18,1.8545995,2.335265,1.8730344,1.6710318,1.6008939,1.6001796,0.6513561,0.68680537,0.8455104,1.1932296,1.1501427,1.1496295,1.1893232,1.3156298,0.35101557,0.31315956,0.30001533,0.29988152,0.3102356,0.34318262,0.42248428,0.58648115,1.1132699,2.487115,4,0,0.2
rec18,1.834887,2.324554,1.8644434,1.6633672,1.5935509,1.59284,0.6522911,0.6784061,0.8351702,1.1786369,1.1687564,1.1682348,1.2085708,1.3369215,0.3596066,0.32082415,0.3073582,0.30722106,0.31782854,0.35158202,0.43282458,0.60083526,1.1405175,2.4566977,4,0,0.2
rec18,1.815175,2.313842,1.8558519,1.6557025,1.586208,1.5855001,0.6538632,0.67000663,0.8248299,1.1640441,1.1873702,1.1868404,1.2278188,1.3582138,0.36819783,0.32848862,0.314701,0.3145606,0.3254215,0.35998133,0.44316477,0.6151893,1.1677645,2.4262815,4,0,0.2
rec18,1.7954628,2.3031313,1.8472608,1.648038,1.578865,1.5781608,0.65606874,0.66160715,0.81448954,1.1494515,1.2059839,1.2054458,1.2470667,1.3795056,0.37678897,0.33615333,0.32204401,0.32190034,0.33301467,0.3683808,0.45350522,0.62954366,1.1950121,2.395864,4,0,0.2
rec18,1.7757509,2.2924201,1.8386699,1.6403738,1.5715225,1.5708212,0.6854038,0.6648276,0.8041495,1.134859,1.2245972,1.2240509,1.2663141,1.400797,0.38537997,0.3438177,0.32938668,0.3292397,0.34060743,0.3767801,0.46384537,0.6438976,1.2222589,2.365449,4,0,0.2
rec18,1.7560385,2.9267504,1.830079,1.6327089,1.5641794,1.5634813,0.72476006,0.6623578,0.79380894,1.120266,1.243211,1.2426564,1.285562,1.4220892,0.39397117,0.35148233,0.33672962,0.33657938,0.34820056,0.38517955,0.4741857,0.6582517,1.249507,2.3350325,4,0,0.2
